Project,Release,File,Normalized_File,Size_LOC,NR,NAuth,NFix,Age_in_Days,Weighted_Age,LOC_Added,Max_LOC_Added,Average_LOC_Added,LOC_Deleted,Max_LOC_Deleted,Average_LOC_Deleted,Churn,Max_Churn,Average_Churn,Change_Set_Size,Max_Change_Set_Size,Average_Change_Set_Size,Average_ND,Average_Entropy,NSmells,Buggy
AVRO,1.0.0,src/java/org/apache/avro/specific/SpecificResponder.java,org/apache/avro/specific/SpecificResponder.java,35,4,1,1,60,9060,96,46,24,55,46,13,151,46,37,511,181,127,23.0000,5.7287,0,No
AVRO,1.0.0,src/java/org/apache/avro/specific/SpecificRequestor.java,org/apache/avro/specific/SpecificRequestor.java,49,4,1,1,5,870,115,53,28,59,53,14,174,53,43,353,110,88,18.0000,5.1291,2,No
AVRO,1.0.0,src/java/org/apache/avro/specific/SpecificFixed.java,org/apache/avro/specific/SpecificFixed.java,26,1,1,1,0,0,28,28,28,0,0,0,28,28,28,141,141,141,24.0000,5.8972,0,No
AVRO,1.0.0,src/java/org/apache/avro/specific/SchemaTask.java,org/apache/avro/specific/SchemaTask.java,26,4,1,1,5,450,59,28,14,31,28,7,90,28,22,355,110,88,18.0000,5.1605,0,No
AVRO,1.0.0,src/java/org/apache/avro/specific/ProtocolTask.java,org/apache/avro/specific/ProtocolTask.java,94,4,1,1,5,1435,196,84,49,91,84,22,287,84,71,355,110,88,18.0000,5.1605,9,No
AVRO,1.0.0,src/java/org/apache/avro/specific/SpecificRecord.java,org/apache/avro/specific/SpecificRecord.java,26,4,1,1,60,5520,60,30,15,32,30,8,92,30,23,511,181,127,23.0000,5.7287,0,No
AVRO,1.0.0,src/java/org/apache/avro/specific/SpecificRecordBase.java,org/apache/avro/specific/SpecificRecordBase.java,55,1,1,1,0,0,64,64,64,0,0,0,64,64,64,146,146,146,25.0000,5.9581,3,No
AVRO,1.0.0,src/java/org/apache/avro/specific/SpecificDatumReader.java,org/apache/avro/specific/SpecificDatumReader.java,42,8,1,4,60,33480,303,125,37,255,125,31,558,125,69,600,110,75,15.8750,4.8291,0,No
AVRO,1.0.0,src/java/org/apache/avro/specific/SpecificDatumWriter.java,org/apache/avro/specific/SpecificDatumWriter.java,31,6,1,3,60,9240,95,43,15,59,43,9,154,43,25,539,176,89,17.6667,4.9114,0,No
AVRO,1.0.0,src/java/org/apache/avro/specific/SpecificExceptionBase.java,org/apache/avro/specific/SpecificExceptionBase.java,33,1,1,1,0,0,40,40,40,0,0,0,40,40,40,146,146,146,25.0000,5.9581,2,No
AVRO,1.0.0,src/java/org/apache/avro/specific/SpecificCompiler.java,org/apache/avro/specific/SpecificCompiler.java,243,12,1,9,53,41393,525,225,43,256,225,21,781,225,65,561,110,46,12.0833,3.7749,24,No
AVRO,1.0.0,src/java/org/apache/avro/SchemaParseException.java,org/apache/avro/SchemaParseException.java,22,3,1,0,0,0,48,24,16,24,24,8,72,24,24,330,110,110,21.0000,5.4979,0,No
AVRO,1.0.0,src/java/org/apache/avro/util/Utf8.java,org/apache/avro/util/Utf8.java,69,3,1,0,0,0,160,80,53,80,80,26,240,80,80,330,110,110,21.0000,5.4979,7,No
AVRO,1.0.0,src/java/org/apache/avro/file/DataFileReader.java,org/apache/avro/file/DataFileReader.java,188,6,1,3,75,50550,446,208,74,228,208,38,674,208,112,610,174,101,19.8333,4.9818,35,No
AVRO,1.0.0,src/java/org/apache/avro/file/DataFileWriter.java,org/apache/avro/file/DataFileWriter.java,167,6,1,3,75,43875,389,183,64,196,183,32,585,183,97,610,174,101,19.8333,4.9818,21,No
AVRO,1.0.0,src/java/org/apache/avro/file/SeekableFileInput.java,org/apache/avro/file/SeekableFileInput.java,27,3,1,0,0,0,64,32,21,32,32,10,96,32,32,330,110,110,21.0000,5.4979,0,No
AVRO,1.0.0,src/java/org/apache/avro/file/SeekableInput.java,org/apache/avro/file/SeekableInput.java,30,3,1,0,0,0,72,36,24,36,36,12,108,36,36,330,110,110,21.0000,5.4979,0,No
AVRO,1.0.0,src/java/org/apache/avro/Schema.java,org/apache/avro/Schema.java,663,16,1,12,71,149029,1412,451,88,687,451,42,2099,451,131,677,111,42,11.1250,3.4041,142,No
AVRO,1.0.0,src/java/org/apache/avro/Protocol.java,org/apache/avro/Protocol.java,294,13,1,9,71,79023,726,300,55,387,300,29,1113,300,85,674,110,51,12.9231,3.9502,25,No
AVRO,1.0.0,src/java/org/apache/avro/reflect/FixedSize.java,org/apache/avro/reflect/FixedSize.java,28,1,1,1,0,0,30,30,30,0,0,0,30,30,30,141,141,141,24.0000,5.8972,0,No
AVRO,1.0.0,src/java/org/apache/avro/reflect/ReflectDatumReader.java,org/apache/avro/reflect/ReflectDatumReader.java,104,8,1,5,60,25680,273,92,34,155,92,19,428,92,53,595,131,74,16.0000,4.7538,10,No
AVRO,1.0.0,src/java/org/apache/avro/reflect/ReflectDatumWriter.java,org/apache/avro/reflect/ReflectDatumWriter.java,57,8,1,5,75,18600,158,61,19,90,61,11,248,61,31,657,137,82,17.1250,4.6565,2,No
AVRO,1.0.0,src/java/org/apache/avro/reflect/ReflectResponder.java,org/apache/avro/reflect/ReflectResponder.java,109,8,1,5,75,30000,262,118,32,138,118,17,400,118,50,668,131,83,17.5000,4.7965,5,No
AVRO,1.0.0,src/java/org/apache/avro/reflect/ReflectData.java,org/apache/avro/reflect/ReflectData.java,225,9,1,5,60,41640,469,194,52,225,194,25,694,194,77,623,131,69,15.6667,4.4745,22,No
AVRO,1.0.0,src/java/org/apache/avro/reflect/ReflectRequestor.java,org/apache/avro/reflect/ReflectRequestor.java,73,5,1,2,75,19725,174,77,34,89,77,17,263,77,52,575,222,115,20.8000,5.2760,3,No
AVRO,1.0.0,src/java/org/apache/avro/io/ResolvingDecoder.java,org/apache/avro/io/ResolvingDecoder.java,211,1,1,1,0,0,223,223,223,0,0,0,223,223,223,241,241,241,36.0000,6.4052,24,No
AVRO,1.0.0,src/java/org/apache/avro/io/BinaryDecoder.java,org/apache/avro/io/BinaryDecoder.java,263,2,1,2,1,310,305,305,152,5,5,2,310,305,155,260,229,130,21.0000,5.2015,8,No
AVRO,1.0.0,src/java/org/apache/avro/io/Decoder.java,org/apache/avro/io/Decoder.java,257,2,1,2,1,291,289,279,144,2,2,1,291,279,145,260,229,130,21.0000,5.2015,1,No
AVRO,1.0.0,src/java/org/apache/avro/io/ValidatingEncoder.java,org/apache/avro/io/ValidatingEncoder.java,199,1,1,1,0,0,225,225,225,0,0,0,225,225,225,241,241,241,36.0000,6.4052,11,No
AVRO,1.0.0,src/java/org/apache/avro/io/BinaryEncoder.java,org/apache/avro/io/BinaryEncoder.java,213,2,1,2,1,282,266,266,133,16,16,8,282,266,141,260,229,130,21.0000,5.2015,23,No
AVRO,1.0.0,src/java/org/apache/avro/io/ParsingTable.java,org/apache/avro/io/ParsingTable.java,333,1,1,1,0,0,383,383,383,0,0,0,383,383,383,241,241,241,36.0000,6.4052,38,No
AVRO,1.0.0,src/java/org/apache/avro/io/BlockingBinaryEncoder.java,org/apache/avro/io/BlockingBinaryEncoder.java,536,1,1,1,0,0,622,622,622,0,0,0,622,622,622,229,229,229,35.0000,6.2213,60,No
AVRO,1.0.0,src/java/org/apache/avro/io/DatumReader.java,org/apache/avro/io/DatumReader.java,31,5,1,2,75,9300,81,39,16,43,39,8,124,39,24,589,181,117,21.8000,5.1529,0,No
AVRO,1.0.0,src/java/org/apache/avro/io/ResolvingTable.java,org/apache/avro/io/ResolvingTable.java,434,1,1,1,0,0,489,489,489,0,0,0,489,489,489,241,241,241,36.0000,6.4052,64,No
AVRO,1.0.0,src/java/org/apache/avro/io/ValidatingDecoder.java,org/apache/avro/io/ValidatingDecoder.java,323,1,1,1,0,0,358,358,358,0,0,0,358,358,358,241,241,241,36.0000,6.4052,35,No
AVRO,1.0.0,src/java/org/apache/avro/io/Encoder.java,org/apache/avro/io/Encoder.java,249,2,1,2,1,281,278,269,139,3,3,1,281,269,140,260,229,130,21.0000,5.2015,1,No
AVRO,1.0.0,src/java/org/apache/avro/io/DatumWriter.java,org/apache/avro/io/DatumWriter.java,30,5,1,2,75,8625,75,36,15,40,36,8,115,36,23,589,181,117,21.8000,5.1529,0,No
AVRO,1.0.0,src/java/org/apache/avro/generic/GenericRecord.java,org/apache/avro/generic/GenericRecord.java,25,3,1,0,0,0,56,28,18,28,28,9,84,28,28,330,110,110,21.0000,5.4979,0,No
AVRO,1.0.0,src/java/org/apache/avro/generic/GenericArray.java,org/apache/avro/generic/GenericArray.java,31,4,1,1,60,6720,74,37,18,38,37,9,112,37,28,511,181,127,23.0000,5.7287,0,No
AVRO,1.0.0,src/java/org/apache/avro/generic/GenericFixed.java,org/apache/avro/generic/GenericFixed.java,23,1,1,1,0,0,24,24,24,0,0,0,24,24,24,141,141,141,24.0000,5.8972,1,No
AVRO,1.0.0,src/java/org/apache/avro/generic/GenericResponder.java,org/apache/avro/generic/GenericResponder.java,45,5,1,2,75,14100,121,53,24,67,53,13,188,53,37,575,222,115,20.8000,5.2760,0,No
AVRO,1.0.0,src/java/org/apache/avro/generic/GenericRequestor.java,org/apache/avro/generic/GenericRequestor.java,48,6,1,3,75,15075,129,57,21,72,57,12,201,57,33,609,178,101,19.6667,4.9578,1,No
AVRO,1.0.0,src/java/org/apache/avro/generic/GenericData.java,org/apache/avro/generic/GenericData.java,261,10,1,6,60,49140,549,250,54,270,250,27,819,250,81,639,110,63,14.7000,4.4269,33,No
AVRO,1.0.0,src/java/org/apache/avro/generic/GenericDatumReader.java,org/apache/avro/generic/GenericDatumReader.java,426,15,1,11,82,143336,1105,265,73,643,265,42,1748,265,116,778,115,51,12.6000,3.7724,27,No
AVRO,1.0.0,src/java/org/apache/avro/generic/GenericDatumWriter.java,org/apache/avro/generic/GenericDatumWriter.java,221,9,1,6,75,52875,479,164,53,226,164,25,705,164,78,695,118,77,16.8889,4.5378,6,No
AVRO,1.0.0,src/java/org/apache/avro/ipc/ByteBufferOutputStream.java,org/apache/avro/ipc/ByteBufferOutputStream.java,76,4,1,1,56,14728,175,87,43,88,87,22,263,87,65,504,174,126,23.0000,5.7227,6,No
AVRO,1.0.0,src/java/org/apache/avro/ipc/Transceiver.java,org/apache/avro/ipc/Transceiver.java,34,4,1,1,53,6466,82,40,20,40,40,10,122,40,30,442,112,110,21.0000,5.6123,0,No
AVRO,1.0.0,src/java/org/apache/avro/ipc/AvroRemoteException.java,org/apache/avro/ipc/AvroRemoteException.java,33,4,1,1,60,8160,88,44,22,48,44,12,136,44,34,511,181,127,23.0000,5.7287,2,No
AVRO,1.0.0,src/java/org/apache/avro/ipc/SocketTransceiver.java,org/apache/avro/ipc/SocketTransceiver.java,80,4,1,1,53,14151,180,87,45,87,87,21,267,87,66,442,112,110,21.0000,5.6123,6,No
AVRO,1.0.0,src/java/org/apache/avro/ipc/Requestor.java,org/apache/avro/ipc/Requestor.java,159,8,1,5,83,40421,335,105,41,152,105,19,487,107,60,672,112,84,17.2500,4.8928,13,No
AVRO,1.0.0,src/java/org/apache/avro/ipc/SocketServer.java,org/apache/avro/ipc/SocketServer.java,92,5,1,2,60,24720,261,118,52,151,118,30,412,118,82,537,112,107,20.2000,5.5225,15,No
AVRO,1.0.0,src/java/org/apache/avro/ipc/ByteBufferInputStream.java,org/apache/avro/ipc/ByteBufferInputStream.java,78,6,1,3,56,14448,172,69,28,86,69,14,258,69,43,526,168,87,17.1667,4.7623,3,No
AVRO,1.0.0,src/java/org/apache/avro/ipc/Responder.java,org/apache/avro/ipc/Responder.java,149,9,1,6,84,42168,338,124,37,164,124,18,502,124,55,751,110,83,17.2222,4.8227,25,No
AVRO,1.0.0,src/java/org/apache/avro/AvroRuntimeException.java,org/apache/avro/AvroRuntimeException.java,22,3,1,0,0,0,48,24,16,24,24,8,72,24,24,330,110,110,21.0000,5.4979,1,No
AVRO,1.0.0,src/java/org/apache/avro/AvroTypeException.java,org/apache/avro/AvroTypeException.java,22,4,1,1,60,5220,56,28,14,31,28,7,87,28,21,511,181,127,23.0000,5.7287,0,No
AVRO,1.1.0,src/java/org/apache/avro/specific/SpecificData.java,org/apache/avro/specific/SpecificData.java,59,2,1,2,1,83,77,67,38,6,6,3,83,67,41,332,307,166,24.0000,5.1448,2,No
AVRO,1.1.0,src/java/org/apache/avro/specific/SpecificResponder.java,org/apache/avro/specific/SpecificResponder.java,34,6,1,3,124,19220,98,46,16,57,46,9,155,46,25,800,253,133,22.0000,5.4911,0,No
AVRO,1.1.0,src/java/org/apache/avro/specific/SpecificRequestor.java,org/apache/avro/specific/SpecificRequestor.java,68,9,1,6,145,32045,151,53,16,70,53,7,221,53,24,758,299,84,16.6667,4.6585,2,No
AVRO,1.1.0,src/java/org/apache/avro/specific/SpecificFixed.java,org/apache/avro/specific/SpecificFixed.java,26,2,1,2,67,1943,29,28,14,0,0,0,29,28,14,419,278,209,29.5000,6.0364,0,No
AVRO,1.1.0,src/java/org/apache/avro/specific/SchemaTask.java,org/apache/avro/specific/SchemaTask.java,26,5,1,2,109,9919,60,28,12,31,28,6,91,28,18,654,299,130,21.8000,5.4319,0,No
AVRO,1.1.0,src/java/org/apache/avro/specific/ProtocolTask.java,org/apache/avro/specific/ProtocolTask.java,94,5,1,2,109,31828,199,84,39,93,84,18,292,84,58,654,299,130,21.8000,5.4319,9,No
AVRO,1.1.0,src/java/org/apache/avro/specific/SpecificRecord.java,org/apache/avro/specific/SpecificRecord.java,25,6,1,3,145,14210,63,30,10,35,30,5,98,30,16,846,253,141,24.3333,5.6425,0,No
AVRO,1.1.0,src/java/org/apache/avro/specific/SpecificRecordBase.java,org/apache/avro/specific/SpecificRecordBase.java,60,3,1,3,92,7544,77,64,25,5,5,1,82,64,27,505,277,168,27.3333,5.7888,4,No
AVRO,1.1.0,src/java/org/apache/avro/specific/SpecificDatumReader.java,org/apache/avro/specific/SpecificDatumReader.java,41,10,1,6,124,69688,305,125,30,257,125,25,562,125,56,889,253,88,16.7000,4.8665,0,No
AVRO,1.1.0,src/java/org/apache/avro/specific/SpecificDatumWriter.java,org/apache/avro/specific/SpecificDatumWriter.java,30,8,1,5,124,19592,97,43,12,61,43,7,158,43,19,828,253,103,18.2500,4.9375,0,No
AVRO,1.1.0,src/java/org/apache/avro/specific/SpecificExceptionBase.java,org/apache/avro/specific/SpecificExceptionBase.java,33,3,1,3,92,3956,42,40,14,1,1,0,43,40,14,505,277,168,27.3333,5.7888,2,No
AVRO,1.1.0,src/java/org/apache/avro/specific/SpecificCompiler.java,org/apache/avro/specific/SpecificCompiler.java,259,16,1,13,145,117160,548,225,34,260,225,16,808,225,50,932,270,58,13.4375,3.9636,24,No
AVRO,1.1.0,src/java/org/apache/avro/SchemaParseException.java,org/apache/avro/SchemaParseException.java,22,4,1,1,109,7957,49,24,12,24,24,6,73,24,18,628,298,157,25.0000,5.7587,0,No
AVRO,1.1.0,src/java/org/apache/avro/util/Utf8.java,org/apache/avro/util/Utf8.java,74,5,1,2,145,37265,172,80,34,85,80,17,257,80,51,710,298,142,24.6000,5.6691,8,No
AVRO,1.1.0,src/java/org/apache/avro/file/DataFileReader.java,org/apache/avro/file/DataFileReader.java,188,7,1,4,109,73793,448,208,64,229,208,32,677,208,96,826,216,118,21.1429,5.1691,35,No
AVRO,1.1.0,src/java/org/apache/avro/file/DataFileWriter.java,org/apache/avro/file/DataFileWriter.java,179,8,1,5,131,78731,404,183,50,197,183,24,601,183,75,873,216,109,20.1250,5.1248,20,No
AVRO,1.1.0,src/java/org/apache/avro/file/SeekableFileInput.java,org/apache/avro/file/SeekableFileInput.java,29,4,1,1,109,11009,68,32,17,33,32,8,101,32,25,628,298,157,25.0000,5.7587,0,No
AVRO,1.1.0,src/java/org/apache/avro/file/SeekableInput.java,org/apache/avro/file/SeekableInput.java,30,5,1,2,124,14756,78,36,15,41,36,8,119,36,23,664,298,132,21.8000,5.4875,0,No
AVRO,1.1.0,src/java/org/apache/avro/Schema.java,org/apache/avro/Schema.java,663,20,1,16,147,318843,1449,451,72,720,451,36,2169,451,108,1043,243,52,12.7000,3.6456,141,No
AVRO,1.1.0,src/java/org/apache/avro/Protocol.java,org/apache/avro/Protocol.java,296,15,1,11,140,156800,731,300,48,389,300,25,1120,300,74,985,243,65,14.6667,4.1464,25,No
AVRO,1.1.0,src/java/org/apache/avro/reflect/FixedSize.java,org/apache/avro/reflect/FixedSize.java,34,3,1,3,81,3483,40,30,13,3,2,1,43,30,14,455,278,151,22.6667,5.4918,0,No
AVRO,1.1.0,src/java/org/apache/avro/reflect/ReflectDatumReader.java,org/apache/avro/reflect/ReflectDatumReader.java,101,11,1,8,124,55800,284,92,25,166,92,15,450,92,40,925,217,84,16.4545,4.7604,4,No
AVRO,1.1.0,src/java/org/apache/avro/reflect/ReflectDatumWriter.java,org/apache/avro/reflect/ReflectDatumWriter.java,55,15,1,12,145,44950,188,61,12,122,61,8,310,61,20,1032,169,68,15.0000,4.4048,0,No
AVRO,1.1.0,src/java/org/apache/avro/reflect/ReflectResponder.java,org/apache/avro/reflect/ReflectResponder.java,112,11,1,8,145,59305,269,118,24,140,118,12,409,118,37,979,216,89,18.1818,4.8373,4,No
AVRO,1.1.0,src/java/org/apache/avro/reflect/ReflectData.java,org/apache/avro/reflect/ReflectData.java,273,13,1,9,145,118755,562,194,43,257,194,19,819,194,63,1012,217,77,16.6154,4.5190,24,No
AVRO,1.1.0,src/java/org/apache/avro/reflect/ReflectRequestor.java,org/apache/avro/reflect/ReflectRequestor.java,96,9,1,6,145,43790,208,77,23,94,77,10,302,77,33,893,222,99,18.8889,4.9674,4,No
AVRO,1.1.0,src/java/org/apache/avro/io/ResolvingDecoder.java,org/apache/avro/io/ResolvingDecoder.java,190,3,1,3,32,12352,295,223,98,91,91,30,386,223,128,481,241,160,24.3333,5.4877,4,No
AVRO,1.1.0,src/java/org/apache/avro/io/BinaryDecoder.java,org/apache/avro/io/BinaryDecoder.java,263,4,1,4,56,17640,308,305,77,7,5,1,315,305,78,530,229,132,21.5000,5.4161,8,No
AVRO,1.1.0,src/java/org/apache/avro/io/BinaryData.java,org/apache/avro/io/BinaryData.java,181,3,1,3,3,1110,281,190,93,89,88,29,370,190,123,355,305,118,18.3333,4.6074,51,No
AVRO,1.1.0,src/java/org/apache/avro/io/Decoder.java,org/apache/avro/io/Decoder.java,251,5,1,5,56,17248,294,279,58,14,10,2,308,279,61,555,229,111,18.8000,5.0892,1,No
AVRO,1.1.0,src/java/org/apache/avro/io/ValidatingEncoder.java,org/apache/avro/io/ValidatingEncoder.java,174,3,1,3,32,13152,307,225,102,104,104,34,411,225,137,481,241,160,24.3333,5.4877,5,No
AVRO,1.1.0,src/java/org/apache/avro/io/ParsingEncoder.java,org/apache/avro/io/ParsingEncoder.java,60,3,1,2,43,3010,70,52,23,0,0,0,70,52,23,460,294,153,24.3333,5.3620,1,No
AVRO,1.1.0,src/java/org/apache/avro/io/JsonDecoder.java,org/apache/avro/io/JsonDecoder.java,361,3,1,3,26,11258,416,397,138,17,9,5,433,397,144,402,294,134,20.3333,5.0514,10,No
AVRO,1.1.0,src/java/org/apache/avro/io/BinaryEncoder.java,org/apache/avro/io/BinaryEncoder.java,213,3,1,3,34,9758,269,266,89,18,16,6,287,266,95,475,229,158,23.6667,5.5598,23,No
AVRO,1.1.0,src/java/org/apache/avro/io/BlockingBinaryEncoder.java,org/apache/avro/io/BlockingBinaryEncoder.java,540,3,1,3,56,35392,630,622,210,2,2,0,632,622,210,494,229,164,25.6667,5.7875,60,No
AVRO,1.1.0,src/java/org/apache/avro/io/DatumReader.java,org/apache/avro/io/DatumReader.java,31,5,1,2,75,9300,81,39,16,43,39,8,124,39,24,589,181,117,21.8000,5.1529,0,No
AVRO,1.1.0,src/java/org/apache/avro/io/ParsingDecoder.java,org/apache/avro/io/ParsingDecoder.java,66,2,1,2,5,375,75,74,37,0,0,0,75,74,37,360,294,180,24.5000,5.2638,1,No
AVRO,1.1.0,src/java/org/apache/avro/io/parsing/Parser.java,org/apache/avro/io/parsing/Parser.java,131,2,1,2,5,745,147,144,73,2,2,1,149,144,74,360,294,180,24.5000,5.2638,15,No
AVRO,1.1.0,src/java/org/apache/avro/io/parsing/SkipParser.java,org/apache/avro/io/parsing/SkipParser.java,86,2,1,2,5,495,97,94,48,2,2,1,99,94,49,360,294,180,24.5000,5.2638,5,No
AVRO,1.1.0,src/java/org/apache/avro/io/parsing/ValidatingGrammarGenerator.java,org/apache/avro/io/parsing/ValidatingGrammarGenerator.java,127,3,1,3,26,3666,140,138,46,1,1,0,141,138,47,402,294,134,20.3333,5.0514,8,No
AVRO,1.1.0,src/java/org/apache/avro/io/parsing/Symbol.java,org/apache/avro/io/parsing/Symbol.java,335,2,1,2,5,1915,383,382,191,0,0,0,383,382,191,360,294,180,24.5000,5.2638,25,No
AVRO,1.1.0,src/java/org/apache/avro/io/parsing/JsonGrammarGenerator.java,org/apache/avro/io/parsing/JsonGrammarGenerator.java,96,2,1,2,5,515,103,102,51,0,0,0,103,102,51,360,294,180,24.5000,5.2638,8,No
AVRO,1.1.0,src/java/org/apache/avro/io/parsing/ResolvingGrammarGenerator.java,org/apache/avro/io/parsing/ResolvingGrammarGenerator.java,312,3,1,3,26,8840,339,337,113,1,1,0,340,337,113,402,294,134,20.3333,5.0514,30,No
AVRO,1.1.0,src/java/org/apache/avro/io/ValidatingDecoder.java,org/apache/avro/io/ValidatingDecoder.java,200,3,1,3,32,20416,434,358,144,204,204,68,638,358,212,481,241,160,24.3333,5.4877,9,No
AVRO,1.1.0,src/java/org/apache/avro/io/Encoder.java,org/apache/avro/io/Encoder.java,248,3,1,3,34,9622,279,269,93,4,3,1,283,269,94,475,229,158,23.6667,5.5598,1,No
AVRO,1.1.0,src/java/org/apache/avro/io/JsonEncoder.java,org/apache/avro/io/JsonEncoder.java,212,3,1,3,26,6630,248,239,82,7,4,2,255,239,85,402,294,134,20.3333,5.0514,6,No
AVRO,1.1.0,src/java/org/apache/avro/io/DatumWriter.java,org/apache/avro/io/DatumWriter.java,30,6,1,3,109,12644,76,36,12,40,36,6,116,36,19,805,216,134,23.0000,5.3429,0,No
AVRO,1.1.0,src/java/org/apache/avro/generic/GenericContainer.java,org/apache/avro/generic/GenericContainer.java,24,1,1,1,0,0,27,27,27,0,0,0,27,27,27,307,307,307,36.0000,6.7805,1,No
AVRO,1.1.0,src/java/org/apache/avro/generic/GenericRecord.java,org/apache/avro/generic/GenericRecord.java,22,5,1,2,145,13630,59,28,11,35,28,7,94,28,18,710,298,142,24.6000,5.6691,0,No
AVRO,1.1.0,src/java/org/apache/avro/generic/GenericArray.java,org/apache/avro/generic/GenericArray.java,31,6,1,3,145,16675,76,37,12,39,37,6,115,37,19,846,253,141,24.3333,5.6425,0,No
AVRO,1.1.0,src/java/org/apache/avro/generic/GenericFixed.java,org/apache/avro/generic/GenericFixed.java,23,2,1,2,67,1742,25,24,12,1,1,0,26,24,13,419,278,209,29.5000,6.0364,1,No
AVRO,1.1.0,src/java/org/apache/avro/generic/GenericResponder.java,org/apache/avro/generic/GenericResponder.java,45,6,1,3,109,20601,122,53,20,67,53,11,189,53,31,791,222,131,22.1667,5.4455,0,No
AVRO,1.1.0,src/java/org/apache/avro/generic/GenericRequestor.java,org/apache/avro/generic/GenericRequestor.java,48,7,1,4,109,22018,130,57,18,72,57,10,202,57,28,825,216,117,21.0000,5.1486,1,No
AVRO,1.1.0,src/java/org/apache/avro/generic/GenericData.java,org/apache/avro/generic/GenericData.java,395,13,1,9,147,146559,713,250,54,284,250,21,997,250,76,999,253,76,16.3846,4.5167,43,No
AVRO,1.1.0,src/java/org/apache/avro/generic/GenericDatumReader.java,org/apache/avro/generic/GenericDatumReader.java,427,19,1,15,145,256505,1116,265,58,653,265,34,1769,265,93,1103,150,58,13.4211,4.0008,27,No
AVRO,1.1.0,src/java/org/apache/avro/generic/GenericDatumWriter.java,org/apache/avro/generic/GenericDatumWriter.java,167,12,1,9,145,116870,499,164,41,307,164,25,806,164,67,1014,178,84,17.6667,4.7071,4,No
AVRO,1.1.0,src/java/org/apache/avro/ipc/ByteBufferOutputStream.java,org/apache/avro/ipc/ByteBufferOutputStream.java,78,5,1,2,109,29757,182,87,36,91,87,18,273,87,54,761,257,152,24.6000,5.7114,6,No
AVRO,1.1.0,src/java/org/apache/avro/ipc/RPCContext.java,org/apache/avro/ipc/RPCContext.java,131,1,1,1,0,0,149,149,149,0,0,0,149,149,149,298,298,298,36.0000,6.6998,11,No
AVRO,1.1.0,src/java/org/apache/avro/ipc/Transceiver.java,org/apache/avro/ipc/Transceiver.java,34,5,1,2,109,13843,85,40,17,42,40,8,127,40,25,712,270,142,23.2000,5.6966,0,No
AVRO,1.1.0,src/java/org/apache/avro/ipc/AvroRemoteException.java,org/apache/avro/ipc/AvroRemoteException.java,33,5,1,2,109,14933,89,44,17,48,44,9,137,44,27,764,253,152,24.6000,5.7088,2,No
AVRO,1.1.0,src/java/org/apache/avro/ipc/RPCPlugin.java,org/apache/avro/ipc/RPCPlugin.java,65,1,1,1,0,0,74,74,74,0,0,0,74,74,74,298,298,298,36.0000,6.6998,0,No
AVRO,1.1.0,src/java/org/apache/avro/ipc/SocketTransceiver.java,org/apache/avro/ipc/SocketTransceiver.java,81,5,1,2,109,29757,184,87,36,89,87,17,273,87,54,712,270,142,23.2000,5.6966,6,No
AVRO,1.1.0,src/java/org/apache/avro/ipc/Requestor.java,org/apache/avro/ipc/Requestor.java,197,10,1,7,113,61698,389,105,38,157,105,15,546,107,54,910,209,91,17.5000,4.9502,15,No
AVRO,1.1.0,src/java/org/apache/avro/ipc/SocketServer.java,org/apache/avro/ipc/SocketServer.java,92,6,1,3,109,45235,263,118,43,152,118,25,415,118,69,790,253,131,22.0000,5.5403,15,No
AVRO,1.1.0,src/java/org/apache/avro/ipc/ByteBufferInputStream.java,org/apache/avro/ipc/ByteBufferInputStream.java,78,7,1,4,109,28449,174,69,24,87,69,12,261,69,37,783,257,111,19.1429,4.8914,3,No
AVRO,1.1.0,src/java/org/apache/avro/ipc/Responder.java,org/apache/avro/ipc/Responder.java,188,11,1,8,113,64410,396,124,36,174,124,15,570,124,51,944,164,85,17.2727,4.8398,27,No
AVRO,1.1.0,src/java/org/apache/avro/AvroRuntimeException.java,org/apache/avro/AvroRuntimeException.java,22,4,1,1,109,7957,49,24,12,24,24,6,73,24,18,628,298,157,25.0000,5.7587,1,No
AVRO,1.1.0,src/java/org/apache/avro/AvroTypeException.java,org/apache/avro/AvroTypeException.java,22,5,1,2,109,9592,57,28,11,31,28,6,88,28,17,764,253,152,24.6000,5.7088,0,No
AVRO,1.2.0,src/java/org/apache/avro/specific/SpecificData.java,org/apache/avro/specific/SpecificData.java,83,3,1,3,23,2576,105,67,35,7,6,2,112,67,37,396,307,132,22.6667,5.0781,2,No
AVRO,1.2.0,src/java/org/apache/avro/specific/SpecificResponder.java,org/apache/avro/specific/SpecificResponder.java,34,7,1,4,169,26533,99,46,14,58,46,8,157,46,22,908,253,129,22.2857,5.4998,0,No
AVRO,1.2.0,src/java/org/apache/avro/specific/SpecificRequestor.java,org/apache/avro/specific/SpecificRequestor.java,68,10,1,7,169,37687,152,53,15,71,53,7,223,53,22,839,299,83,17.1000,4.7133,2,No
AVRO,1.2.0,src/java/org/apache/avro/specific/SpecificFixed.java,org/apache/avro/specific/SpecificFixed.java,26,2,1,2,67,1943,29,28,14,0,0,0,29,28,14,419,278,209,29.5000,6.0364,0,No
AVRO,1.2.0,src/java/org/apache/avro/specific/SchemaTask.java,org/apache/avro/specific/SchemaTask.java,26,6,1,3,169,16055,62,28,10,33,28,5,95,28,15,777,299,129,22.3333,5.5093,0,No
AVRO,1.2.0,src/java/org/apache/avro/specific/ProtocolTask.java,org/apache/avro/specific/ProtocolTask.java,68,6,1,3,169,54756,202,84,33,122,84,20,324,84,54,777,299,129,22.3333,5.5093,4,No
AVRO,1.2.0,src/java/org/apache/avro/specific/SpecificRecord.java,org/apache/avro/specific/SpecificRecord.java,25,6,1,3,145,14210,63,30,10,35,30,5,98,30,16,846,253,141,24.3333,5.6425,0,No
AVRO,1.2.0,src/java/org/apache/avro/specific/SpecificRecordBase.java,org/apache/avro/specific/SpecificRecordBase.java,60,3,1,3,92,7544,77,64,25,5,5,1,82,64,27,505,277,168,27.3333,5.7888,4,No
AVRO,1.2.0,src/java/org/apache/avro/specific/SpecificDatumReader.java,org/apache/avro/specific/SpecificDatumReader.java,39,11,1,7,169,97344,311,125,28,265,125,24,576,125,52,997,253,90,17.3636,4.9288,0,No
AVRO,1.2.0,src/java/org/apache/avro/specific/SpecificDatumWriter.java,org/apache/avro/specific/SpecificDatumWriter.java,33,9,1,6,169,28054,103,43,11,63,43,7,166,43,18,936,253,104,18.8889,5.0058,0,No
AVRO,1.2.0,src/java/org/apache/avro/specific/SpecificExceptionBase.java,org/apache/avro/specific/SpecificExceptionBase.java,33,3,1,3,92,3956,42,40,14,1,1,0,43,40,14,505,277,168,27.3333,5.7888,2,No
AVRO,1.2.0,src/java/org/apache/avro/specific/SpecificCompiler.java,org/apache/avro/specific/SpecificCompiler.java,286,19,2,16,182,207480,725,225,38,415,225,21,1140,327,60,1045,270,55,13.1579,3.9187,23,No
AVRO,1.2.0,src/java/org/apache/avro/SchemaParseException.java,org/apache/avro/SchemaParseException.java,23,5,1,2,183,13542,50,24,10,24,24,4,74,24,14,769,298,153,25.0000,5.8275,0,No
AVRO,1.2.0,src/java/org/apache/avro/util/Utf8.java,org/apache/avro/util/Utf8.java,74,5,1,2,145,37265,172,80,34,85,80,17,257,80,51,710,298,142,24.6000,5.6691,8,No
AVRO,1.2.0,src/java/org/apache/avro/file/DataFileReader.java,org/apache/avro/file/DataFileReader.java,196,8,1,5,180,127260,467,208,58,240,208,30,707,208,88,957,216,119,21.6250,5.2797,36,No
AVRO,1.2.0,src/java/org/apache/avro/file/DataFileWriter.java,org/apache/avro/file/DataFileWriter.java,173,9,1,6,180,112680,413,183,45,213,183,23,626,183,69,988,216,109,20.5556,5.1915,22,No
AVRO,1.2.0,src/java/org/apache/avro/file/DataFileConstants.java,org/apache/avro/file/DataFileConstants.java,35,1,1,1,0,0,38,38,38,0,0,0,38,38,38,323,323,323,36.0000,6.8643,11,No
AVRO,1.2.0,src/java/org/apache/avro/file/SeekableFileInput.java,org/apache/avro/file/SeekableFileInput.java,29,4,1,1,109,11009,68,32,17,33,32,8,101,32,25,628,298,157,25.0000,5.7587,0,No
AVRO,1.2.0,src/java/org/apache/avro/file/SeekableInput.java,org/apache/avro/file/SeekableInput.java,30,5,1,2,124,14756,78,36,15,41,36,8,119,36,23,664,298,132,21.8000,5.4875,0,No
AVRO,1.2.0,src/java/org/apache/avro/Schema.java,org/apache/avro/Schema.java,708,21,1,17,169,390897,1544,451,73,769,451,36,2313,451,110,1107,243,52,13.0476,3.7075,150,No
AVRO,1.2.0,src/java/org/apache/avro/Protocol.java,org/apache/avro/Protocol.java,306,16,1,12,169,192153,746,300,46,391,300,24,1137,300,71,1076,243,67,15.1250,4.2153,23,No
AVRO,1.2.0,src/java/org/apache/avro/reflect/FixedSize.java,org/apache/avro/reflect/FixedSize.java,34,3,1,3,81,3483,40,30,13,3,2,1,43,30,14,455,278,151,22.6667,5.4918,0,No
AVRO,1.2.0,src/java/org/apache/avro/reflect/ReflectDatumReader.java,org/apache/avro/reflect/ReflectDatumReader.java,86,12,1,9,169,81289,291,92,24,190,92,15,481,92,40,1033,217,86,17.0833,4.8263,3,No
AVRO,1.2.0,src/java/org/apache/avro/reflect/ReflectDatumWriter.java,org/apache/avro/reflect/ReflectDatumWriter.java,61,16,1,13,169,53742,196,61,12,122,61,7,318,61,19,1113,169,69,15.3750,4.4550,0,No
AVRO,1.2.0,src/java/org/apache/avro/reflect/ReflectResponder.java,org/apache/avro/reflect/ReflectResponder.java,86,12,1,9,169,74698,271,118,22,171,118,14,442,118,36,1060,216,88,18.4167,4.8681,3,No
AVRO,1.2.0,src/java/org/apache/avro/reflect/ReflectData.java,org/apache/avro/reflect/ReflectData.java,321,14,1,10,169,153621,632,194,45,277,194,19,909,194,64,1093,217,78,16.9286,4.5682,25,No
AVRO,1.2.0,src/java/org/apache/avro/reflect/ReflectRequestor.java,org/apache/avro/reflect/ReflectRequestor.java,94,10,1,7,169,51714,209,77,20,97,77,9,306,77,30,974,222,97,19.1000,4.9913,4,No
AVRO,1.2.0,src/java/org/apache/avro/io/ResolvingDecoder.java,org/apache/avro/io/ResolvingDecoder.java,190,3,1,3,32,12352,295,223,98,91,91,30,386,223,128,481,241,160,24.3333,5.4877,4,No
AVRO,1.2.0,src/java/org/apache/avro/io/BinaryDecoder.java,org/apache/avro/io/BinaryDecoder.java,263,4,1,4,56,17640,308,305,77,7,5,1,315,305,78,530,229,132,21.5000,5.4161,8,No
AVRO,1.2.0,src/java/org/apache/avro/io/BinaryData.java,org/apache/avro/io/BinaryData.java,181,3,1,3,3,1110,281,190,93,89,88,29,370,190,123,355,305,118,18.3333,4.6074,51,No
AVRO,1.2.0,src/java/org/apache/avro/io/Decoder.java,org/apache/avro/io/Decoder.java,251,5,1,5,56,17248,294,279,58,14,10,2,308,279,61,555,229,111,18.8000,5.0892,1,No
AVRO,1.2.0,src/java/org/apache/avro/io/ValidatingEncoder.java,org/apache/avro/io/ValidatingEncoder.java,174,3,1,3,32,13152,307,225,102,104,104,34,411,225,137,481,241,160,24.3333,5.4877,5,No
AVRO,1.2.0,src/java/org/apache/avro/io/ParsingEncoder.java,org/apache/avro/io/ParsingEncoder.java,60,3,1,2,43,3010,70,52,23,0,0,0,70,52,23,460,294,153,24.3333,5.3620,1,No
AVRO,1.2.0,src/java/org/apache/avro/io/JsonDecoder.java,org/apache/avro/io/JsonDecoder.java,361,3,1,3,26,11258,416,397,138,17,9,5,433,397,144,402,294,134,20.3333,5.0514,10,No
AVRO,1.2.0,src/java/org/apache/avro/io/BinaryEncoder.java,org/apache/avro/io/BinaryEncoder.java,213,3,1,3,34,9758,269,266,89,18,16,6,287,266,95,475,229,158,23.6667,5.5598,23,No
AVRO,1.2.0,src/java/org/apache/avro/io/BlockingBinaryEncoder.java,org/apache/avro/io/BlockingBinaryEncoder.java,540,3,1,3,56,35392,630,622,210,2,2,0,632,622,210,494,229,164,25.6667,5.7875,60,No
AVRO,1.2.0,src/java/org/apache/avro/io/DatumReader.java,org/apache/avro/io/DatumReader.java,31,5,1,2,75,9300,81,39,16,43,39,8,124,39,24,589,181,117,21.8000,5.1529,0,No
AVRO,1.2.0,src/java/org/apache/avro/io/ParsingDecoder.java,org/apache/avro/io/ParsingDecoder.java,66,2,1,2,5,375,75,74,37,0,0,0,75,74,37,360,294,180,24.5000,5.2638,1,No
AVRO,1.2.0,src/java/org/apache/avro/io/parsing/Parser.java,org/apache/avro/io/parsing/Parser.java,151,3,1,3,64,10880,168,144,56,2,2,0,170,144,56,478,294,159,24.6667,5.4391,19,No
AVRO,1.2.0,src/java/org/apache/avro/io/parsing/SkipParser.java,org/apache/avro/io/parsing/SkipParser.java,86,2,1,2,5,495,97,94,48,2,2,1,99,94,49,360,294,180,24.5000,5.2638,5,No
AVRO,1.2.0,src/java/org/apache/avro/io/parsing/ValidatingGrammarGenerator.java,org/apache/avro/io/parsing/ValidatingGrammarGenerator.java,127,3,1,3,26,3666,140,138,46,1,1,0,141,138,47,402,294,134,20.3333,5.0514,8,No
AVRO,1.2.0,src/java/org/apache/avro/io/parsing/Symbol.java,org/apache/avro/io/parsing/Symbol.java,334,3,1,3,64,24576,383,382,127,1,1,0,384,382,128,478,294,159,24.6667,5.4391,25,No
AVRO,1.2.0,src/java/org/apache/avro/io/parsing/JsonGrammarGenerator.java,org/apache/avro/io/parsing/JsonGrammarGenerator.java,95,3,1,3,64,6784,104,102,34,2,2,0,106,102,35,478,294,159,24.6667,5.4391,8,No
AVRO,1.2.0,src/java/org/apache/avro/io/parsing/ResolvingGrammarGenerator.java,org/apache/avro/io/parsing/ResolvingGrammarGenerator.java,312,3,1,3,26,8840,339,337,113,1,1,0,340,337,113,402,294,134,20.3333,5.0514,30,No
AVRO,1.2.0,src/java/org/apache/avro/io/ValidatingDecoder.java,org/apache/avro/io/ValidatingDecoder.java,200,3,1,3,32,20416,434,358,144,204,204,68,638,358,212,481,241,160,24.3333,5.4877,9,No
AVRO,1.2.0,src/java/org/apache/avro/io/Encoder.java,org/apache/avro/io/Encoder.java,248,3,1,3,34,9622,279,269,93,4,3,1,283,269,94,475,229,158,23.6667,5.5598,1,No
AVRO,1.2.0,src/java/org/apache/avro/io/JsonEncoder.java,org/apache/avro/io/JsonEncoder.java,210,4,1,4,64,16576,249,239,62,10,4,2,259,239,64,496,294,124,21.2500,5.1187,5,No
AVRO,1.2.0,src/java/org/apache/avro/io/DatumWriter.java,org/apache/avro/io/DatumWriter.java,30,6,1,3,109,12644,76,36,12,40,36,6,116,36,19,805,216,134,23.0000,5.3429,0,No
AVRO,1.2.0,src/java/org/apache/avro/generic/GenericContainer.java,org/apache/avro/generic/GenericContainer.java,24,1,1,1,0,0,27,27,27,0,0,0,27,27,27,307,307,307,36.0000,6.7805,1,No
AVRO,1.2.0,src/java/org/apache/avro/generic/GenericRecord.java,org/apache/avro/generic/GenericRecord.java,22,5,1,2,145,13630,59,28,11,35,28,7,94,28,18,710,298,142,24.6000,5.6691,0,No
AVRO,1.2.0,src/java/org/apache/avro/generic/GenericArray.java,org/apache/avro/generic/GenericArray.java,31,6,1,3,145,16675,76,37,12,39,37,6,115,37,19,846,253,141,24.3333,5.6425,0,No
AVRO,1.2.0,src/java/org/apache/avro/generic/GenericFixed.java,org/apache/avro/generic/GenericFixed.java,23,2,1,2,67,1742,25,24,12,1,1,0,26,24,13,419,278,209,29.5000,6.0364,1,No
AVRO,1.2.0,src/java/org/apache/avro/generic/GenericResponder.java,org/apache/avro/generic/GenericResponder.java,45,6,1,3,109,20601,122,53,20,67,53,11,189,53,31,791,222,131,22.1667,5.4455,0,No
AVRO,1.2.0,src/java/org/apache/avro/generic/GenericRequestor.java,org/apache/avro/generic/GenericRequestor.java,48,7,1,4,109,22018,130,57,18,72,57,10,202,57,28,825,216,117,21.0000,5.1486,1,No
AVRO,1.2.0,src/java/org/apache/avro/generic/GenericData.java,org/apache/avro/generic/GenericData.java,408,15,1,11,183,184830,726,250,48,284,250,18,1010,250,67,1097,253,73,16.2000,4.5213,45,No
AVRO,1.2.0,src/java/org/apache/avro/generic/GenericDatumReader.java,org/apache/avro/generic/GenericDatumReader.java,429,20,1,16,168,298368,1121,265,56,655,265,32,1776,265,88,1158,150,57,13.7000,4.0372,30,No
AVRO,1.2.0,src/java/org/apache/avro/generic/GenericDatumWriter.java,org/apache/avro/generic/GenericDatumWriter.java,167,12,1,9,145,116870,499,164,41,307,164,25,806,164,67,1014,178,84,17.6667,4.7071,4,No
AVRO,1.2.0,src/java/org/apache/avro/ipc/ByteBufferOutputStream.java,org/apache/avro/ipc/ByteBufferOutputStream.java,78,5,1,2,109,29757,182,87,36,91,87,18,273,87,54,761,257,152,24.6000,5.7114,6,No
AVRO,1.2.0,src/java/org/apache/avro/ipc/RPCContext.java,org/apache/avro/ipc/RPCContext.java,131,2,1,2,53,9805,167,149,83,18,18,9,185,149,92,395,298,197,30.0000,6.0444,11,No
AVRO,1.2.0,src/java/org/apache/avro/ipc/HttpServer.java,org/apache/avro/ipc/HttpServer.java,50,2,1,2,9,999,85,76,42,26,26,13,111,76,55,348,322,174,23.0000,5.3167,4,No
AVRO,1.2.0,src/java/org/apache/avro/ipc/DatagramServer.java,org/apache/avro/ipc/DatagramServer.java,63,1,1,1,0,0,79,79,79,0,0,0,79,79,79,316,316,316,36.0000,6.8253,5,No
AVRO,1.2.0,src/java/org/apache/avro/ipc/HttpTransceiver.java,org/apache/avro/ipc/HttpTransceiver.java,102,3,1,3,9,1098,120,116,40,2,1,0,122,116,40,350,322,116,16.0000,4.1172,2,No
AVRO,1.2.0,src/java/org/apache/avro/ipc/DatagramTransceiver.java,org/apache/avro/ipc/DatagramTransceiver.java,72,1,1,1,0,0,84,84,84,0,0,0,84,84,84,316,316,316,36.0000,6.8253,3,No
AVRO,1.2.0,src/java/org/apache/avro/ipc/Transceiver.java,org/apache/avro/ipc/Transceiver.java,34,5,1,2,109,13843,85,40,17,42,40,8,127,40,25,712,270,142,23.2000,5.6966,0,No
AVRO,1.2.0,src/java/org/apache/avro/ipc/AvroRemoteException.java,org/apache/avro/ipc/AvroRemoteException.java,33,5,1,2,109,14933,89,44,17,48,44,9,137,44,27,764,253,152,24.6000,5.7088,2,No
AVRO,1.2.0,src/java/org/apache/avro/ipc/RPCPlugin.java,org/apache/avro/ipc/RPCPlugin.java,65,2,1,2,53,4346,78,74,39,4,4,2,82,74,41,395,298,197,30.0000,6.0444,0,No
AVRO,1.2.0,src/java/org/apache/avro/ipc/SocketTransceiver.java,org/apache/avro/ipc/SocketTransceiver.java,83,6,1,3,167,48263,193,87,32,96,87,16,289,87,48,824,270,137,23.5000,5.7071,5,No
AVRO,1.2.0,src/java/org/apache/avro/ipc/ResponderServlet.java,org/apache/avro/ipc/ResponderServlet.java,48,1,1,1,0,0,56,56,56,0,0,0,56,56,56,324,324,324,36.0000,6.8684,1,No
AVRO,1.2.0,src/java/org/apache/avro/ipc/Server.java,org/apache/avro/ipc/Server.java,25,1,1,1,0,0,29,29,29,0,0,0,29,29,29,316,316,316,36.0000,6.8253,0,No
AVRO,1.2.0,src/java/org/apache/avro/ipc/Requestor.java,org/apache/avro/ipc/Requestor.java,196,12,1,9,169,95823,399,105,33,168,105,14,567,107,47,1047,209,87,17.5833,4.8992,13,No
AVRO,1.2.0,src/java/org/apache/avro/ipc/SocketServer.java,org/apache/avro/ipc/SocketServer.java,92,7,1,4,167,69973,265,118,37,154,118,22,419,118,59,902,253,128,22.4286,5.5716,15,No
AVRO,1.2.0,src/java/org/apache/avro/ipc/ByteBufferInputStream.java,org/apache/avro/ipc/ByteBufferInputStream.java,78,7,1,4,109,28449,174,69,24,87,69,12,261,69,37,783,257,111,19.1429,4.8914,3,No
AVRO,1.2.0,src/java/org/apache/avro/ipc/Responder.java,org/apache/avro/ipc/Responder.java,177,13,1,10,169,101907,406,124,31,197,124,15,603,124,46,1081,164,83,17.3846,4.8097,24,No
AVRO,1.2.0,src/java/org/apache/avro/AvroRuntimeException.java,org/apache/avro/AvroRuntimeException.java,23,5,1,2,183,13542,50,24,10,24,24,4,74,24,14,769,298,153,25.0000,5.8275,1,No
AVRO,1.2.0,src/java/org/apache/avro/AvroTypeException.java,org/apache/avro/AvroTypeException.java,22,5,1,2,109,9592,57,28,11,31,28,6,88,28,17,764,253,152,24.6000,5.7088,0,No
AVRO,1.3.0,lang/java/src/java/org/apache/avro/specific/SpecificData.java,org/apache/avro/specific/SpecificData.java,191,2,1,2,21,6321,258,258,129,43,43,21,301,258,150,754,438,377,61.5000,6.5009,11,No
AVRO,1.3.0,lang/java/src/java/org/apache/avro/specific/FixedSize.java,org/apache/avro/specific/FixedSize.java,34,1,1,1,0,0,37,37,37,0,0,0,37,37,37,438,438,438,62.0000,7.0284,0,No
AVRO,1.3.0,lang/java/src/java/org/apache/avro/specific/SpecificResponder.java,org/apache/avro/specific/SpecificResponder.java,93,2,2,2,28,3304,113,109,56,5,5,2,118,109,59,789,438,394,65.5000,6.5711,3,No
AVRO,1.3.0,lang/java/src/java/org/apache/avro/specific/SpecificRequestor.java,org/apache/avro/specific/SpecificRequestor.java,90,2,2,2,28,3136,109,107,54,3,3,1,112,107,56,789,438,394,65.5000,6.5711,3,No
AVRO,1.3.0,lang/java/src/java/org/apache/avro/specific/SpecificFixed.java,org/apache/avro/specific/SpecificFixed.java,25,1,1,1,0,0,28,28,28,0,0,0,28,28,28,438,438,438,62.0000,7.0284,0,No
AVRO,1.3.0,lang/java/src/java/org/apache/avro/specific/SchemaTask.java,org/apache/avro/specific/SchemaTask.java,26,1,1,1,0,0,29,29,29,0,0,0,29,29,29,438,438,438,62.0000,7.0284,0,No
AVRO,1.3.0,lang/java/src/java/org/apache/avro/specific/ProtocolTask.java,org/apache/avro/specific/ProtocolTask.java,68,1,1,1,0,0,80,80,80,0,0,0,80,80,80,438,438,438,62.0000,7.0284,4,No
AVRO,1.3.0,lang/java/src/java/org/apache/avro/specific/SpecificRecord.java,org/apache/avro/specific/SpecificRecord.java,23,2,1,2,21,714,30,28,15,4,4,2,34,28,17,754,438,377,61.5000,6.5009,0,No
AVRO,1.3.0,lang/java/src/java/org/apache/avro/specific/SpecificRecordBase.java,org/apache/avro/specific/SpecificRecordBase.java,45,2,1,2,21,1176,55,49,27,1,1,0,56,49,28,754,438,377,61.5000,6.5009,1,No
AVRO,1.3.0,lang/java/src/java/org/apache/avro/specific/SpecificDatumReader.java,org/apache/avro/specific/SpecificDatumReader.java,76,2,1,2,21,1911,90,89,45,1,1,0,91,89,45,754,438,377,61.5000,6.5009,3,No
AVRO,1.3.0,lang/java/src/java/org/apache/avro/specific/SpecificDatumWriter.java,org/apache/avro/specific/SpecificDatumWriter.java,47,1,1,1,0,0,58,58,58,0,0,0,58,58,58,438,438,438,62.0000,7.0284,0,No
AVRO,1.3.0,lang/java/src/java/org/apache/avro/specific/SpecificExceptionBase.java,org/apache/avro/specific/SpecificExceptionBase.java,36,2,1,2,21,966,45,44,22,1,1,0,46,44,23,754,438,377,61.5000,6.5009,3,No
AVRO,1.3.0,lang/java/src/java/org/apache/avro/specific/SpecificCompiler.java,org/apache/avro/specific/SpecificCompiler.java,387,4,2,4,28,12796,440,424,110,17,14,4,457,424,114,845,438,211,40.2500,4.8299,23,No
AVRO,1.3.0,lang/java/src/java/org/apache/avro/SchemaParseException.java,org/apache/avro/SchemaParseException.java,23,1,1,1,0,0,26,26,26,0,0,0,26,26,26,438,438,438,62.0000,7.0284,0,No
AVRO,1.3.0,lang/java/src/java/org/apache/avro/util/Utf8.java,org/apache/avro/util/Utf8.java,78,2,1,2,22,2024,92,87,46,0,0,0,92,87,46,763,438,381,63.0000,6.5177,9,No
AVRO,1.3.0,lang/java/src/java/org/apache/avro/file/DataFileReader.java,org/apache/avro/file/DataFileReader.java,149,3,1,3,38,10678,225,149,75,56,51,18,281,149,93,816,438,272,45.0000,5.2949,6,No
AVRO,1.3.0,lang/java/src/java/org/apache/avro/file/DataFileWriter.java,org/apache/avro/file/DataFileWriter.java,329,6,2,6,38,17328,415,238,69,41,14,6,456,238,76,981,438,163,33.5000,4.2709,19,No
AVRO,1.3.0,lang/java/src/java/org/apache/avro/file/DataFileConstants.java,org/apache/avro/file/DataFileConstants.java,34,3,2,3,14,644,42,37,14,4,3,1,46,37,15,758,438,252,42.0000,4.4238,10,No
AVRO,1.3.0,lang/java/src/java/org/apache/avro/file/SeekableFileInput.java,org/apache/avro/file/SeekableFileInput.java,31,1,1,1,0,0,37,37,37,0,0,0,37,37,37,438,438,438,62.0000,7.0284,0,No
AVRO,1.3.0,lang/java/src/java/org/apache/avro/file/DeflateCodec.java,org/apache/avro/file/DeflateCodec.java,131,5,2,5,28,6244,184,104,36,39,17,7,223,104,44,706,464,141,29.8000,4.2635,7,No
AVRO,1.3.0,lang/java/src/java/org/apache/avro/file/DataFileStream.java,org/apache/avro/file/DataFileStream.java,239,6,2,6,38,14592,326,177,54,58,22,9,384,177,64,995,438,165,34.5000,4.6227,21,No
AVRO,1.3.0,lang/java/src/java/org/apache/avro/file/NullCodec.java,org/apache/avro/file/NullCodec.java,54,5,2,5,28,3192,89,57,17,25,13,5,114,57,22,706,464,141,29.8000,4.2635,2,No
AVRO,1.3.0,lang/java/src/java/org/apache/avro/file/Codec.java,org/apache/avro/file/Codec.java,48,4,2,4,28,2240,65,39,16,15,7,3,80,39,20,684,464,171,34.0000,4.4287,0,No
AVRO,1.3.0,lang/java/src/java/org/apache/avro/file/LengthLimitedInputStream.java,org/apache/avro/file/LengthLimitedInputStream.java,75,1,1,1,0,0,85,85,85,0,0,0,85,85,85,464,464,464,70.0000,6.4068,1,No
AVRO,1.3.0,lang/java/src/java/org/apache/avro/file/CodecFactory.java,org/apache/avro/file/CodecFactory.java,64,2,2,2,28,2128,76,70,38,0,0,0,76,70,38,640,464,320,58.0000,5.1680,0,No
AVRO,1.3.0,lang/java/src/java/org/apache/avro/file/SeekableInput.java,org/apache/avro/file/SeekableInput.java,30,1,1,1,0,0,37,37,37,0,0,0,37,37,37,438,438,438,62.0000,7.0284,0,No
AVRO,1.3.0,lang/java/src/java/org/apache/avro/Schema.java,org/apache/avro/Schema.java,988,7,3,7,28,33908,1149,913,164,62,53,8,1211,913,173,936,438,133,27.5714,4.0480,159,No
AVRO,1.3.0,lang/java/src/java/org/apache/avro/Protocol.java,org/apache/avro/Protocol.java,334,3,2,3,28,11144,393,388,131,5,3,1,398,388,132,836,438,278,51.0000,5.9399,22,No
AVRO,1.3.0,lang/java/src/java/org/apache/avro/reflect/ReflectDatumReader.java,org/apache/avro/reflect/ReflectDatumReader.java,130,2,2,2,22,3300,148,146,74,2,2,1,150,146,75,759,438,379,62.0000,6.5140,1,No
AVRO,1.3.0,lang/java/src/java/org/apache/avro/reflect/Union.java,org/apache/avro/reflect/Union.java,37,1,1,1,0,0,39,39,39,0,0,0,39,39,39,438,438,438,62.0000,7.0284,0,No
AVRO,1.3.0,lang/java/src/java/org/apache/avro/reflect/ReflectDatumWriter.java,org/apache/avro/reflect/ReflectDatumWriter.java,108,1,1,1,0,0,125,125,125,0,0,0,125,125,125,438,438,438,62.0000,7.0284,10,No
AVRO,1.3.0,lang/java/src/java/org/apache/avro/reflect/ReflectResponder.java,org/apache/avro/reflect/ReflectResponder.java,40,1,1,1,0,0,48,48,48,0,0,0,48,48,48,438,438,438,62.0000,7.0284,0,No
AVRO,1.3.0,lang/java/src/java/org/apache/avro/reflect/Stringable.java,org/apache/avro/reflect/Stringable.java,32,1,1,1,0,0,34,34,34,0,0,0,34,34,34,438,438,438,62.0000,7.0284,0,No
AVRO,1.3.0,lang/java/src/java/org/apache/avro/reflect/ReflectData.java,org/apache/avro/reflect/ReflectData.java,371,3,2,3,28,12488,429,413,143,17,14,5,446,413,148,836,438,278,51.0000,5.9399,26,No
AVRO,1.3.0,lang/java/src/java/org/apache/avro/reflect/ReflectRequestor.java,org/apache/avro/reflect/ReflectRequestor.java,64,1,1,1,0,0,76,76,76,0,0,0,76,76,76,438,438,438,62.0000,7.0284,2,No
AVRO,1.3.0,lang/java/src/java/org/apache/avro/reflect/InduceSchemaTool.java,org/apache/avro/reflect/InduceSchemaTool.java,69,2,2,2,7,560,78,77,39,2,2,1,80,77,40,703,438,351,56.5000,5.9853,6,No
AVRO,1.3.0,lang/java/src/java/org/apache/avro/io/ResolvingDecoder.java,org/apache/avro/io/ResolvingDecoder.java,214,11,2,11,38,14782,309,204,28,80,61,7,389,204,35,1035,438,94,20.5455,3.7445,4,No
AVRO,1.3.0,lang/java/src/java/org/apache/avro/io/BinaryDecoder.java,org/apache/avro/io/BinaryDecoder.java,899,4,2,4,38,50426,1155,820,288,172,147,43,1327,967,331,923,438,230,43.5000,4.5740,77,No
AVRO,1.3.0,lang/java/src/java/org/apache/avro/io/BinaryData.java,org/apache/avro/io/BinaryData.java,177,3,2,3,38,9614,220,192,73,33,30,11,253,192,84,851,438,283,52.3333,5.8260,45,No
AVRO,1.3.0,lang/java/src/java/org/apache/avro/io/Decoder.java,org/apache/avro/io/Decoder.java,258,2,1,2,38,10982,288,280,144,1,1,0,289,280,144,807,438,403,66.0000,6.6385,1,No
AVRO,1.3.0,lang/java/src/java/org/apache/avro/io/ValidatingEncoder.java,org/apache/avro/io/ValidatingEncoder.java,174,5,2,5,14,2954,207,203,41,4,1,0,211,203,42,800,438,160,28.8000,4.3483,5,No
AVRO,1.3.0,lang/java/src/java/org/apache/avro/io/DecoderFactory.java,org/apache/avro/io/DecoderFactory.java,219,1,1,1,0,0,232,232,232,0,0,0,232,232,232,476,476,476,78.0000,7.8393,4,No
AVRO,1.3.0,lang/java/src/java/org/apache/avro/io/ParsingEncoder.java,org/apache/avro/io/ParsingEncoder.java,60,1,1,1,0,0,70,70,70,0,0,0,70,70,70,438,438,438,62.0000,7.0284,1,No
AVRO,1.3.0,lang/java/src/java/org/apache/avro/io/JsonDecoder.java,org/apache/avro/io/JsonDecoder.java,384,6,2,6,38,16720,433,424,72,7,2,1,440,424,73,964,438,160,31.5000,4.2585,11,No
AVRO,1.3.0,lang/java/src/java/org/apache/avro/io/BinaryEncoder.java,org/apache/avro/io/BinaryEncoder.java,215,2,2,2,14,3570,254,251,127,1,1,0,255,251,127,748,438,374,60.0000,6.1564,23,No
AVRO,1.3.0,lang/java/src/java/org/apache/avro/io/BlockingBinaryEncoder.java,org/apache/avro/io/BlockingBinaryEncoder.java,534,2,2,2,17,10829,629,619,314,8,8,4,637,619,318,742,438,371,60.5000,6.4671,59,No
AVRO,1.3.0,lang/java/src/java/org/apache/avro/io/DatumReader.java,org/apache/avro/io/DatumReader.java,31,1,1,1,0,0,38,38,38,0,0,0,38,38,38,438,438,438,62.0000,7.0284,0,No
AVRO,1.3.0,lang/java/src/java/org/apache/avro/io/ParsingDecoder.java,org/apache/avro/io/ParsingDecoder.java,66,1,1,1,0,0,75,75,75,0,0,0,75,75,75,438,438,438,62.0000,7.0284,1,No
AVRO,1.3.0,lang/java/src/java/org/apache/avro/io/parsing/Parser.java,org/apache/avro/io/parsing/Parser.java,175,6,2,6,3,1146,287,166,47,95,39,15,382,166,63,549,438,91,17.5000,3.3163,19,No
AVRO,1.3.0,lang/java/src/java/org/apache/avro/io/parsing/SkipParser.java,org/apache/avro/io/parsing/SkipParser.java,87,6,2,6,3,348,106,95,17,10,4,1,116,95,19,549,438,91,17.5000,3.3163,6,No
AVRO,1.3.0,lang/java/src/java/org/apache/avro/io/parsing/ValidatingGrammarGenerator.java,org/apache/avro/io/parsing/ValidatingGrammarGenerator.java,125,5,2,5,28,4452,148,139,29,11,4,2,159,139,31,869,438,173,31.8000,4.2022,8,No
AVRO,1.3.0,lang/java/src/java/org/apache/avro/io/parsing/Symbol.java,org/apache/avro/io/parsing/Symbol.java,481,10,2,10,21,13608,599,382,59,49,17,4,648,382,64,910,438,91,18.2000,3.5868,37,No
AVRO,1.3.0,lang/java/src/java/org/apache/avro/io/parsing/JsonGrammarGenerator.java,org/apache/avro/io/parsing/JsonGrammarGenerator.java,93,5,2,5,28,3528,113,102,22,13,4,2,126,102,25,869,438,173,31.8000,4.2022,8,No
AVRO,1.3.0,lang/java/src/java/org/apache/avro/io/parsing/ResolvingGrammarGenerator.java,org/apache/avro/io/parsing/ResolvingGrammarGenerator.java,418,10,2,10,28,15120,494,338,49,46,20,4,540,338,54,973,438,97,20.4000,3.5814,36,No
AVRO,1.3.0,lang/java/src/java/org/apache/avro/io/ValidatingDecoder.java,org/apache/avro/io/ValidatingDecoder.java,202,6,2,6,3,726,237,230,39,5,3,0,242,230,40,549,438,91,17.5000,3.3163,9,No
AVRO,1.3.0,lang/java/src/java/org/apache/avro/io/Encoder.java,org/apache/avro/io/Encoder.java,245,1,1,1,0,0,271,271,271,0,0,0,271,271,271,438,438,438,62.0000,7.0284,1,No
AVRO,1.3.0,lang/java/src/java/org/apache/avro/io/DirectBinaryDecoder.java,org/apache/avro/io/DirectBinaryDecoder.java,179,1,1,1,0,0,203,203,203,0,0,0,203,203,203,476,476,476,78.0000,7.8393,5,No
AVRO,1.3.0,lang/java/src/java/org/apache/avro/io/JsonEncoder.java,org/apache/avro/io/JsonEncoder.java,215,6,2,6,14,3738,256,239,42,11,6,1,267,239,44,808,438,134,24.6667,3.9510,5,No
AVRO,1.3.0,lang/java/src/java/org/apache/avro/io/DatumWriter.java,org/apache/avro/io/DatumWriter.java,30,1,1,1,0,0,36,36,36,0,0,0,36,36,36,438,438,438,62.0000,7.0284,0,No
AVRO,1.3.0,lang/java/src/java/org/apache/avro/generic/GenericContainer.java,org/apache/avro/generic/GenericContainer.java,24,1,1,1,0,0,27,27,27,0,0,0,27,27,27,438,438,438,62.0000,7.0284,1,No
AVRO,1.3.0,lang/java/src/java/org/apache/avro/generic/GenericRecord.java,org/apache/avro/generic/GenericRecord.java,26,2,1,2,21,819,33,30,16,6,6,3,39,30,19,754,438,377,61.5000,6.5009,0,No
AVRO,1.3.0,lang/java/src/java/org/apache/avro/generic/GenericArray.java,org/apache/avro/generic/GenericArray.java,31,1,1,1,0,0,37,37,37,0,0,0,37,37,37,438,438,438,62.0000,7.0284,0,No
AVRO,1.3.0,lang/java/src/java/org/apache/avro/generic/GenericFixed.java,org/apache/avro/generic/GenericFixed.java,23,1,1,1,0,0,24,24,24,0,0,0,24,24,24,438,438,438,62.0000,7.0284,1,No
AVRO,1.3.0,lang/java/src/java/org/apache/avro/generic/GenericResponder.java,org/apache/avro/generic/GenericResponder.java,45,1,1,1,0,0,55,55,55,0,0,0,55,55,55,438,438,438,62.0000,7.0284,0,No
AVRO,1.3.0,lang/java/src/java/org/apache/avro/generic/IndexedRecord.java,org/apache/avro/generic/IndexedRecord.java,25,1,1,1,0,0,26,26,26,0,0,0,26,26,26,457,457,457,72.0000,7.8142,0,No
AVRO,1.3.0,lang/java/src/java/org/apache/avro/generic/GenericRequestor.java,org/apache/avro/generic/GenericRequestor.java,47,1,1,1,0,0,56,56,56,0,0,0,56,56,56,438,438,438,62.0000,7.0284,0,No
AVRO,1.3.0,lang/java/src/java/org/apache/avro/generic/GenericData.java,org/apache/avro/generic/GenericData.java,456,6,3,6,28,15428,521,489,86,30,14,5,551,489,91,953,438,158,32.8333,4.1791,43,No
AVRO,1.3.0,lang/java/src/java/org/apache/avro/generic/GenericDatumReader.java,org/apache/avro/generic/GenericDatumReader.java,319,5,3,5,28,21028,553,476,110,198,189,39,751,476,150,919,438,183,36.8000,4.4510,12,No
AVRO,1.3.0,lang/java/src/java/org/apache/avro/generic/GenericDatumWriter.java,org/apache/avro/generic/GenericDatumWriter.java,172,3,2,3,28,5796,202,198,67,5,3,1,207,198,69,834,438,278,51.0000,5.9656,5,No
AVRO,1.3.0,lang/java/src/java/org/apache/avro/ipc/ByteBufferOutputStream.java,org/apache/avro/ipc/ByteBufferOutputStream.java,78,1,1,1,0,0,91,91,91,0,0,0,91,91,91,438,438,438,62.0000,7.0284,6,No
AVRO,1.3.0,lang/java/src/java/org/apache/avro/ipc/RPCContext.java,org/apache/avro/ipc/RPCContext.java,137,1,1,1,0,0,157,157,157,0,0,0,157,157,157,438,438,438,62.0000,7.0284,11,No
AVRO,1.3.0,lang/java/src/java/org/apache/avro/ipc/HttpServer.java,org/apache/avro/ipc/HttpServer.java,50,1,1,1,0,0,59,59,59,0,0,0,59,59,59,438,438,438,62.0000,7.0284,4,No
AVRO,1.3.0,lang/java/src/java/org/apache/avro/ipc/DatagramServer.java,org/apache/avro/ipc/DatagramServer.java,64,2,1,2,23,1886,81,79,40,1,1,0,82,79,41,771,438,385,63.5000,6.5288,5,No
AVRO,1.3.0,lang/java/src/java/org/apache/avro/ipc/HttpTransceiver.java,org/apache/avro/ipc/HttpTransceiver.java,99,2,1,2,23,2737,116,112,58,3,3,1,119,112,59,771,438,385,63.5000,6.5288,1,No
AVRO,1.3.0,lang/java/src/java/org/apache/avro/ipc/DatagramTransceiver.java,org/apache/avro/ipc/DatagramTransceiver.java,73,2,1,2,23,2001,86,84,43,1,1,0,87,84,43,771,438,385,63.5000,6.5288,3,No
AVRO,1.3.0,lang/java/src/java/org/apache/avro/ipc/LocalTransceiver.java,org/apache/avro/ipc/LocalTransceiver.java,45,1,1,1,0,0,52,52,52,0,0,0,52,52,52,438,438,438,62.0000,7.0284,1,No
AVRO,1.3.0,lang/java/src/java/org/apache/avro/ipc/Transceiver.java,org/apache/avro/ipc/Transceiver.java,35,1,1,1,0,0,44,44,44,0,0,0,44,44,44,438,438,438,62.0000,7.0284,1,No
AVRO,1.3.0,lang/java/src/java/org/apache/avro/ipc/AvroRemoteException.java,org/apache/avro/ipc/AvroRemoteException.java,33,1,1,1,0,0,41,41,41,0,0,0,41,41,41,438,438,438,62.0000,7.0284,2,No
AVRO,1.3.0,lang/java/src/java/org/apache/avro/ipc/RPCPlugin.java,org/apache/avro/ipc/RPCPlugin.java,65,1,1,1,0,0,74,74,74,0,0,0,74,74,74,438,438,438,62.0000,7.0284,0,No
AVRO,1.3.0,lang/java/src/java/org/apache/avro/ipc/SocketTransceiver.java,org/apache/avro/ipc/SocketTransceiver.java,85,2,1,2,23,2323,100,98,50,1,1,0,101,98,50,771,438,385,63.5000,6.5288,5,No
AVRO,1.3.0,lang/java/src/java/org/apache/avro/ipc/ResponderServlet.java,org/apache/avro/ipc/ResponderServlet.java,48,1,1,1,0,0,56,56,56,0,0,0,56,56,56,438,438,438,62.0000,7.0284,1,No
AVRO,1.3.0,lang/java/src/java/org/apache/avro/ipc/Server.java,org/apache/avro/ipc/Server.java,25,1,1,1,0,0,29,29,29,0,0,0,29,29,29,438,438,438,62.0000,7.0284,0,No
AVRO,1.3.0,lang/java/src/java/org/apache/avro/ipc/Requestor.java,org/apache/avro/ipc/Requestor.java,196,2,1,2,38,9006,234,230,117,3,3,1,237,230,118,807,438,403,66.0000,6.6385,13,No
AVRO,1.3.0,lang/java/src/java/org/apache/avro/ipc/SocketServer.java,org/apache/avro/ipc/SocketServer.java,93,2,1,2,23,2622,113,111,56,1,1,0,114,111,57,771,438,385,63.5000,6.5288,15,No
AVRO,1.3.0,lang/java/src/java/org/apache/avro/ipc/ByteBufferInputStream.java,org/apache/avro/ipc/ByteBufferInputStream.java,78,1,1,1,0,0,87,87,87,0,0,0,87,87,87,438,438,438,62.0000,7.0284,3,No
AVRO,1.3.0,lang/java/src/java/org/apache/avro/ipc/stats/FloatHistogram.java,org/apache/avro/ipc/stats/FloatHistogram.java,49,1,1,1,0,0,54,54,54,0,0,0,54,54,54,438,438,438,62.0000,7.0284,4,No
AVRO,1.3.0,lang/java/src/java/org/apache/avro/ipc/stats/Stopwatch.java,org/apache/avro/ipc/stats/Stopwatch.java,66,1,1,1,0,0,74,74,74,0,0,0,74,74,74,438,438,438,62.0000,7.0284,9,No
AVRO,1.3.0,lang/java/src/java/org/apache/avro/ipc/stats/StatsPlugin.java,org/apache/avro/ipc/stats/StatsPlugin.java,108,1,1,1,0,0,121,121,121,0,0,0,121,121,121,438,438,438,62.0000,7.0284,0,No
AVRO,1.3.0,lang/java/src/java/org/apache/avro/ipc/stats/StatsServlet.java,org/apache/avro/ipc/stats/StatsServlet.java,93,1,1,1,0,0,107,107,107,0,0,0,107,107,107,438,438,438,62.0000,7.0284,4,No
AVRO,1.3.0,lang/java/src/java/org/apache/avro/ipc/stats/Histogram.java,org/apache/avro/ipc/stats/Histogram.java,179,1,1,1,0,0,205,205,205,0,0,0,205,205,205,438,438,438,62.0000,7.0284,24,No
AVRO,1.3.0,lang/java/src/java/org/apache/avro/ipc/Responder.java,org/apache/avro/ipc/Responder.java,179,2,1,2,38,8208,214,211,107,2,2,1,216,211,108,807,438,403,66.0000,6.6385,24,No
AVRO,1.3.0,lang/java/src/java/org/apache/avro/AvroRuntimeException.java,org/apache/avro/AvroRuntimeException.java,26,1,1,1,0,0,29,29,29,0,0,0,29,29,29,438,438,438,62.0000,7.0284,1,No
AVRO,1.3.0,lang/java/src/java/org/apache/avro/AvroTypeException.java,org/apache/avro/AvroTypeException.java,25,1,1,1,0,0,29,29,29,0,0,0,29,29,29,438,438,438,62.0000,7.0284,0,No
AVRO,1.3.0,lang/java/src/java/org/apache/avro/tool/JsonToBinaryFragmentTool.java,org/apache/avro/tool/JsonToBinaryFragmentTool.java,70,1,1,1,0,0,77,77,77,0,0,0,77,77,77,438,438,438,62.0000,7.0284,4,No
AVRO,1.3.0,lang/java/src/java/org/apache/avro/tool/Util.java,org/apache/avro/tool/Util.java,65,2,1,2,23,1633,71,57,35,0,0,0,71,57,35,782,438,391,65.5000,6.5455,2,No
AVRO,1.3.0,lang/java/src/java/org/apache/avro/tool/RpcSendTool.java,org/apache/avro/tool/RpcSendTool.java,111,2,1,2,23,3427,136,98,68,13,13,6,149,98,74,782,438,391,65.5000,6.5455,2,No
AVRO,1.3.0,lang/java/src/java/org/apache/avro/tool/DataFileGetSchemaTool.java,org/apache/avro/tool/DataFileGetSchemaTool.java,48,1,1,1,0,0,54,54,54,0,0,0,54,54,54,438,438,438,62.0000,7.0284,1,No
AVRO,1.3.0,lang/java/src/java/org/apache/avro/tool/Tool.java,org/apache/avro/tool/Tool.java,47,2,1,2,1,53,52,51,26,1,1,0,53,51,26,458,438,229,37.5000,4.2396,1,No
AVRO,1.3.0,lang/java/src/java/org/apache/avro/tool/DataFileReadTool.java,org/apache/avro/tool/DataFileReadTool.java,70,1,1,1,0,0,78,78,78,0,0,0,78,78,78,438,438,438,62.0000,7.0284,1,No
AVRO,1.3.0,lang/java/src/java/org/apache/avro/tool/Main.java,org/apache/avro/tool/Main.java,85,3,2,3,7,707,99,81,33,2,2,0,101,81,33,708,438,236,39.0000,4.4607,11,No
AVRO,1.3.0,lang/java/src/java/org/apache/avro/tool/BinaryFragmentToJsonTool.java,org/apache/avro/tool/BinaryFragmentToJsonTool.java,80,2,1,2,38,3382,87,84,43,2,2,1,89,84,44,807,438,403,66.0000,6.6385,4,No
AVRO,1.3.0,lang/java/src/java/org/apache/avro/tool/DataFileWriteTool.java,org/apache/avro/tool/DataFileWriteTool.java,87,2,2,2,10,1080,103,82,51,5,5,2,108,82,54,738,438,369,59.5000,6.1359,4,No
AVRO,1.3.0,lang/java/src/java/org/apache/avro/tool/GenAvroTool.java,org/apache/avro/tool/GenAvroTool.java,67,2,1,2,1,80,79,78,39,1,1,0,80,78,40,458,438,229,37.5000,4.2396,6,No
AVRO,1.3.0,lang/java/src/java/org/apache/avro/tool/RpcReceiveTool.java,org/apache/avro/tool/RpcReceiveTool.java,158,2,1,2,23,4508,186,140,93,10,10,5,196,140,98,782,438,391,65.5000,6.5455,7,No
AVRO,1.3.1,lang/java/src/java/org/apache/avro/specific/SpecificData.java,org/apache/avro/specific/SpecificData.java,192,3,1,3,50,15200,260,258,86,44,43,14,304,258,101,884,438,294,54.3333,6.1814,10,No
AVRO,1.3.1,lang/java/src/java/org/apache/avro/specific/FixedSize.java,org/apache/avro/specific/FixedSize.java,34,1,1,1,0,0,37,37,37,0,0,0,37,37,37,438,438,438,62.0000,7.0284,0,No
AVRO,1.3.1,lang/java/src/java/org/apache/avro/specific/SpecificResponder.java,org/apache/avro/specific/SpecificResponder.java,88,3,2,3,50,6450,116,109,38,13,8,4,129,109,43,877,438,292,54.0000,5.9794,2,No
AVRO,1.3.1,lang/java/src/java/org/apache/avro/specific/SpecificRequestor.java,org/apache/avro/specific/SpecificRequestor.java,93,3,2,3,50,5950,114,107,38,5,3,1,119,107,39,877,438,292,54.0000,5.9794,3,No
AVRO,1.3.1,lang/java/src/java/org/apache/avro/specific/SpecificFixed.java,org/apache/avro/specific/SpecificFixed.java,25,1,1,1,0,0,28,28,28,0,0,0,28,28,28,438,438,438,62.0000,7.0284,0,No
AVRO,1.3.1,lang/java/src/java/org/apache/avro/specific/SchemaTask.java,org/apache/avro/specific/SchemaTask.java,26,1,1,1,0,0,29,29,29,0,0,0,29,29,29,438,438,438,62.0000,7.0284,0,No
AVRO,1.3.1,lang/java/src/java/org/apache/avro/specific/ProtocolTask.java,org/apache/avro/specific/ProtocolTask.java,68,1,1,1,0,0,80,80,80,0,0,0,80,80,80,438,438,438,62.0000,7.0284,4,No
AVRO,1.3.1,lang/java/src/java/org/apache/avro/specific/SpecificRecord.java,org/apache/avro/specific/SpecificRecord.java,23,2,1,2,21,714,30,28,15,4,4,2,34,28,17,754,438,377,61.5000,6.5009,0,No
AVRO,1.3.1,lang/java/src/java/org/apache/avro/specific/SpecificRecordBase.java,org/apache/avro/specific/SpecificRecordBase.java,45,2,1,2,21,1176,55,49,27,1,1,0,56,49,28,754,438,377,61.5000,6.5009,1,No
AVRO,1.3.1,lang/java/src/java/org/apache/avro/specific/SpecificDatumReader.java,org/apache/avro/specific/SpecificDatumReader.java,76,2,1,2,21,1911,90,89,45,1,1,0,91,89,45,754,438,377,61.5000,6.5009,3,No
AVRO,1.3.1,lang/java/src/java/org/apache/avro/specific/SpecificDatumWriter.java,org/apache/avro/specific/SpecificDatumWriter.java,47,1,1,1,0,0,58,58,58,0,0,0,58,58,58,438,438,438,62.0000,7.0284,0,No
AVRO,1.3.1,lang/java/src/java/org/apache/avro/specific/SpecificExceptionBase.java,org/apache/avro/specific/SpecificExceptionBase.java,36,2,1,2,21,966,45,44,22,1,1,0,46,44,23,754,438,377,61.5000,6.5009,3,No
AVRO,1.3.1,lang/java/src/java/org/apache/avro/specific/SpecificCompiler.java,org/apache/avro/specific/SpecificCompiler.java,387,4,2,4,28,12796,440,424,110,17,14,4,457,424,114,845,438,211,40.2500,4.8299,23,No
AVRO,1.3.1,lang/java/src/java/org/apache/avro/SchemaParseException.java,org/apache/avro/SchemaParseException.java,23,1,1,1,0,0,26,26,26,0,0,0,26,26,26,438,438,438,62.0000,7.0284,0,No
AVRO,1.3.1,lang/java/src/java/org/apache/avro/util/Utf8.java,org/apache/avro/util/Utf8.java,80,3,1,3,50,4700,94,87,31,0,0,0,94,87,31,893,438,297,55.0000,6.1643,9,No
AVRO,1.3.1,lang/java/src/java/org/apache/avro/file/DataFileReader.java,org/apache/avro/file/DataFileReader.java,149,3,1,3,38,10678,225,149,75,56,51,18,281,149,93,816,438,272,45.0000,5.2949,6,No
AVRO,1.3.1,lang/java/src/java/org/apache/avro/file/DataFileWriter.java,org/apache/avro/file/DataFileWriter.java,329,6,2,6,38,17328,415,238,69,41,14,6,456,238,76,981,438,163,33.5000,4.2709,19,No
AVRO,1.3.1,lang/java/src/java/org/apache/avro/file/DataFileConstants.java,org/apache/avro/file/DataFileConstants.java,34,3,2,3,14,644,42,37,14,4,3,1,46,37,15,758,438,252,42.0000,4.4238,10,No
AVRO,1.3.1,lang/java/src/java/org/apache/avro/file/SeekableFileInput.java,org/apache/avro/file/SeekableFileInput.java,31,1,1,1,0,0,37,37,37,0,0,0,37,37,37,438,438,438,62.0000,7.0284,0,No
AVRO,1.3.1,lang/java/src/java/org/apache/avro/file/DeflateCodec.java,org/apache/avro/file/DeflateCodec.java,131,5,2,5,28,6244,184,104,36,39,17,7,223,104,44,706,464,141,29.8000,4.2635,7,No
AVRO,1.3.1,lang/java/src/java/org/apache/avro/file/DataFileStream.java,org/apache/avro/file/DataFileStream.java,240,7,2,7,59,22833,328,177,46,59,22,8,387,177,55,1056,438,150,32.1429,4.4677,22,No
AVRO,1.3.1,lang/java/src/java/org/apache/avro/file/NullCodec.java,org/apache/avro/file/NullCodec.java,54,5,2,5,28,3192,89,57,17,25,13,5,114,57,22,706,464,141,29.8000,4.2635,2,No
AVRO,1.3.1,lang/java/src/java/org/apache/avro/file/Codec.java,org/apache/avro/file/Codec.java,48,4,2,4,28,2240,65,39,16,15,7,3,80,39,20,684,464,171,34.0000,4.4287,0,No
AVRO,1.3.1,lang/java/src/java/org/apache/avro/file/LengthLimitedInputStream.java,org/apache/avro/file/LengthLimitedInputStream.java,75,1,1,1,0,0,85,85,85,0,0,0,85,85,85,464,464,464,70.0000,6.4068,1,No
AVRO,1.3.1,lang/java/src/java/org/apache/avro/file/CodecFactory.java,org/apache/avro/file/CodecFactory.java,64,2,2,2,28,2128,76,70,38,0,0,0,76,70,38,640,464,320,58.0000,5.1680,0,No
AVRO,1.3.1,lang/java/src/java/org/apache/avro/file/SeekableInput.java,org/apache/avro/file/SeekableInput.java,30,1,1,1,0,0,37,37,37,0,0,0,37,37,37,438,438,438,62.0000,7.0284,0,No
AVRO,1.3.1,lang/java/src/java/org/apache/avro/Schema.java,org/apache/avro/Schema.java,988,7,3,7,28,33908,1149,913,164,62,53,8,1211,913,173,936,438,133,27.5714,4.0480,159,No
AVRO,1.3.1,lang/java/src/java/org/apache/avro/Protocol.java,org/apache/avro/Protocol.java,334,3,2,3,28,11144,393,388,131,5,3,1,398,388,132,836,438,278,51.0000,5.9399,22,No
AVRO,1.3.1,lang/java/src/java/org/apache/avro/reflect/ReflectDatumReader.java,org/apache/avro/reflect/ReflectDatumReader.java,130,2,2,2,22,3300,148,146,74,2,2,1,150,146,75,759,438,379,62.0000,6.5140,1,No
AVRO,1.3.1,lang/java/src/java/org/apache/avro/reflect/Union.java,org/apache/avro/reflect/Union.java,37,1,1,1,0,0,39,39,39,0,0,0,39,39,39,438,438,438,62.0000,7.0284,0,No
AVRO,1.3.1,lang/java/src/java/org/apache/avro/reflect/ReflectDatumWriter.java,org/apache/avro/reflect/ReflectDatumWriter.java,108,1,1,1,0,0,125,125,125,0,0,0,125,125,125,438,438,438,62.0000,7.0284,10,No
AVRO,1.3.1,lang/java/src/java/org/apache/avro/reflect/ReflectResponder.java,org/apache/avro/reflect/ReflectResponder.java,40,1,1,1,0,0,48,48,48,0,0,0,48,48,48,438,438,438,62.0000,7.0284,0,No
AVRO,1.3.1,lang/java/src/java/org/apache/avro/reflect/Stringable.java,org/apache/avro/reflect/Stringable.java,32,1,1,1,0,0,34,34,34,0,0,0,34,34,34,438,438,438,62.0000,7.0284,0,No
AVRO,1.3.1,lang/java/src/java/org/apache/avro/reflect/ReflectData.java,org/apache/avro/reflect/ReflectData.java,379,4,2,4,50,23500,445,413,111,25,14,6,470,413,117,915,438,228,45.5000,5.6263,26,No
AVRO,1.3.1,lang/java/src/java/org/apache/avro/reflect/ReflectRequestor.java,org/apache/avro/reflect/ReflectRequestor.java,64,1,1,1,0,0,76,76,76,0,0,0,76,76,76,438,438,438,62.0000,7.0284,2,No
AVRO,1.3.1,lang/java/src/java/org/apache/avro/reflect/InduceSchemaTool.java,org/apache/avro/reflect/InduceSchemaTool.java,69,2,2,2,7,560,78,77,39,2,2,1,80,77,40,703,438,351,56.5000,5.9853,6,No
AVRO,1.3.1,lang/java/src/java/org/apache/avro/reflect/Nullable.java,org/apache/avro/reflect/Nullable.java,31,1,1,1,0,0,33,33,33,0,0,0,33,33,33,479,479,479,78.0000,7.8489,0,No
AVRO,1.3.1,lang/java/src/java/org/apache/avro/io/ResolvingDecoder.java,org/apache/avro/io/ResolvingDecoder.java,214,11,2,11,38,14782,309,204,28,80,61,7,389,204,35,1035,438,94,20.5455,3.7445,4,No
AVRO,1.3.1,lang/java/src/java/org/apache/avro/io/BinaryDecoder.java,org/apache/avro/io/BinaryDecoder.java,899,4,2,4,38,50426,1155,820,288,172,147,43,1327,967,331,923,438,230,43.5000,4.5740,77,No
AVRO,1.3.1,lang/java/src/java/org/apache/avro/io/BinaryData.java,org/apache/avro/io/BinaryData.java,177,3,2,3,38,9614,220,192,73,33,30,11,253,192,84,851,438,283,52.3333,5.8260,45,No
AVRO,1.3.1,lang/java/src/java/org/apache/avro/io/Decoder.java,org/apache/avro/io/Decoder.java,258,2,1,2,38,10982,288,280,144,1,1,0,289,280,144,807,438,403,66.0000,6.6385,1,No
AVRO,1.3.1,lang/java/src/java/org/apache/avro/io/ValidatingEncoder.java,org/apache/avro/io/ValidatingEncoder.java,174,5,2,5,14,2954,207,203,41,4,1,0,211,203,42,800,438,160,28.8000,4.3483,5,No
AVRO,1.3.1,lang/java/src/java/org/apache/avro/io/DecoderFactory.java,org/apache/avro/io/DecoderFactory.java,219,1,1,1,0,0,232,232,232,0,0,0,232,232,232,476,476,476,78.0000,7.8393,4,No
AVRO,1.3.1,lang/java/src/java/org/apache/avro/io/ParsingEncoder.java,org/apache/avro/io/ParsingEncoder.java,60,1,1,1,0,0,70,70,70,0,0,0,70,70,70,438,438,438,62.0000,7.0284,1,No
AVRO,1.3.1,lang/java/src/java/org/apache/avro/io/JsonDecoder.java,org/apache/avro/io/JsonDecoder.java,384,6,2,6,38,16720,433,424,72,7,2,1,440,424,73,964,438,160,31.5000,4.2585,11,No
AVRO,1.3.1,lang/java/src/java/org/apache/avro/io/BinaryEncoder.java,org/apache/avro/io/BinaryEncoder.java,215,2,2,2,14,3570,254,251,127,1,1,0,255,251,127,748,438,374,60.0000,6.1564,23,No
AVRO,1.3.1,lang/java/src/java/org/apache/avro/io/BlockingBinaryEncoder.java,org/apache/avro/io/BlockingBinaryEncoder.java,534,2,2,2,17,10829,629,619,314,8,8,4,637,619,318,742,438,371,60.5000,6.4671,59,No
AVRO,1.3.1,lang/java/src/java/org/apache/avro/io/DatumReader.java,org/apache/avro/io/DatumReader.java,31,1,1,1,0,0,38,38,38,0,0,0,38,38,38,438,438,438,62.0000,7.0284,0,No
AVRO,1.3.1,lang/java/src/java/org/apache/avro/io/ParsingDecoder.java,org/apache/avro/io/ParsingDecoder.java,66,1,1,1,0,0,75,75,75,0,0,0,75,75,75,438,438,438,62.0000,7.0284,1,No
AVRO,1.3.1,lang/java/src/java/org/apache/avro/io/parsing/Parser.java,org/apache/avro/io/parsing/Parser.java,175,6,2,6,3,1146,287,166,47,95,39,15,382,166,63,549,438,91,17.5000,3.3163,19,No
AVRO,1.3.1,lang/java/src/java/org/apache/avro/io/parsing/SkipParser.java,org/apache/avro/io/parsing/SkipParser.java,87,6,2,6,3,348,106,95,17,10,4,1,116,95,19,549,438,91,17.5000,3.3163,6,No
AVRO,1.3.1,lang/java/src/java/org/apache/avro/io/parsing/ValidatingGrammarGenerator.java,org/apache/avro/io/parsing/ValidatingGrammarGenerator.java,125,5,2,5,28,4452,148,139,29,11,4,2,159,139,31,869,438,173,31.8000,4.2022,8,No
AVRO,1.3.1,lang/java/src/java/org/apache/avro/io/parsing/Symbol.java,org/apache/avro/io/parsing/Symbol.java,481,10,2,10,21,13608,599,382,59,49,17,4,648,382,64,910,438,91,18.2000,3.5868,37,No
AVRO,1.3.1,lang/java/src/java/org/apache/avro/io/parsing/JsonGrammarGenerator.java,org/apache/avro/io/parsing/JsonGrammarGenerator.java,93,5,2,5,28,3528,113,102,22,13,4,2,126,102,25,869,438,173,31.8000,4.2022,8,No
AVRO,1.3.1,lang/java/src/java/org/apache/avro/io/parsing/ResolvingGrammarGenerator.java,org/apache/avro/io/parsing/ResolvingGrammarGenerator.java,418,10,2,10,28,15120,494,338,49,46,20,4,540,338,54,973,438,97,20.4000,3.5814,36,No
AVRO,1.3.1,lang/java/src/java/org/apache/avro/io/ValidatingDecoder.java,org/apache/avro/io/ValidatingDecoder.java,202,6,2,6,3,726,237,230,39,5,3,0,242,230,40,549,438,91,17.5000,3.3163,9,No
AVRO,1.3.1,lang/java/src/java/org/apache/avro/io/Encoder.java,org/apache/avro/io/Encoder.java,245,1,1,1,0,0,271,271,271,0,0,0,271,271,271,438,438,438,62.0000,7.0284,1,No
AVRO,1.3.1,lang/java/src/java/org/apache/avro/io/DirectBinaryDecoder.java,org/apache/avro/io/DirectBinaryDecoder.java,179,1,1,1,0,0,203,203,203,0,0,0,203,203,203,476,476,476,78.0000,7.8393,5,No
AVRO,1.3.1,lang/java/src/java/org/apache/avro/io/JsonEncoder.java,org/apache/avro/io/JsonEncoder.java,215,6,2,6,14,3738,256,239,42,11,6,1,267,239,44,808,438,134,24.6667,3.9510,5,No
AVRO,1.3.1,lang/java/src/java/org/apache/avro/io/DatumWriter.java,org/apache/avro/io/DatumWriter.java,30,1,1,1,0,0,36,36,36,0,0,0,36,36,36,438,438,438,62.0000,7.0284,0,No
AVRO,1.3.1,lang/java/src/java/org/apache/avro/generic/GenericContainer.java,org/apache/avro/generic/GenericContainer.java,24,1,1,1,0,0,27,27,27,0,0,0,27,27,27,438,438,438,62.0000,7.0284,1,No
AVRO,1.3.1,lang/java/src/java/org/apache/avro/generic/GenericRecord.java,org/apache/avro/generic/GenericRecord.java,26,2,1,2,21,819,33,30,16,6,6,3,39,30,19,754,438,377,61.5000,6.5009,0,No
AVRO,1.3.1,lang/java/src/java/org/apache/avro/generic/GenericArray.java,org/apache/avro/generic/GenericArray.java,31,1,1,1,0,0,37,37,37,0,0,0,37,37,37,438,438,438,62.0000,7.0284,0,No
AVRO,1.3.1,lang/java/src/java/org/apache/avro/generic/GenericFixed.java,org/apache/avro/generic/GenericFixed.java,23,1,1,1,0,0,24,24,24,0,0,0,24,24,24,438,438,438,62.0000,7.0284,1,No
AVRO,1.3.1,lang/java/src/java/org/apache/avro/generic/GenericResponder.java,org/apache/avro/generic/GenericResponder.java,47,2,1,2,50,3050,59,55,29,2,2,1,61,55,30,819,438,409,66.0000,6.6723,1,No
AVRO,1.3.1,lang/java/src/java/org/apache/avro/generic/IndexedRecord.java,org/apache/avro/generic/IndexedRecord.java,25,1,1,1,0,0,26,26,26,0,0,0,26,26,26,457,457,457,72.0000,7.8142,0,No
AVRO,1.3.1,lang/java/src/java/org/apache/avro/generic/GenericRequestor.java,org/apache/avro/generic/GenericRequestor.java,60,2,1,2,50,3500,70,56,35,0,0,0,70,56,35,819,438,409,66.0000,6.6723,4,No
AVRO,1.3.1,lang/java/src/java/org/apache/avro/generic/GenericData.java,org/apache/avro/generic/GenericData.java,456,6,3,6,28,15428,521,489,86,30,14,5,551,489,91,953,438,158,32.8333,4.1791,43,No
AVRO,1.3.1,lang/java/src/java/org/apache/avro/generic/GenericDatumReader.java,org/apache/avro/generic/GenericDatumReader.java,319,5,3,5,28,21028,553,476,110,198,189,39,751,476,150,919,438,183,36.8000,4.4510,12,No
AVRO,1.3.1,lang/java/src/java/org/apache/avro/generic/GenericDatumWriter.java,org/apache/avro/generic/GenericDatumWriter.java,172,3,2,3,28,5796,202,198,67,5,3,1,207,198,69,834,438,278,51.0000,5.9656,5,No
AVRO,1.3.1,lang/java/src/java/org/apache/avro/ipc/ByteBufferOutputStream.java,org/apache/avro/ipc/ByteBufferOutputStream.java,78,1,1,1,0,0,91,91,91,0,0,0,91,91,91,438,438,438,62.0000,7.0284,6,No
AVRO,1.3.1,lang/java/src/java/org/apache/avro/ipc/RPCContext.java,org/apache/avro/ipc/RPCContext.java,137,2,1,2,50,8150,160,157,80,3,3,1,163,157,81,819,438,409,66.0000,6.6723,11,No
AVRO,1.3.1,lang/java/src/java/org/apache/avro/ipc/HttpServer.java,org/apache/avro/ipc/HttpServer.java,50,1,1,1,0,0,59,59,59,0,0,0,59,59,59,438,438,438,62.0000,7.0284,4,No
AVRO,1.3.1,lang/java/src/java/org/apache/avro/ipc/DatagramServer.java,org/apache/avro/ipc/DatagramServer.java,64,2,1,2,23,1886,81,79,40,1,1,0,82,79,41,771,438,385,63.5000,6.5288,5,No
AVRO,1.3.1,lang/java/src/java/org/apache/avro/ipc/HttpTransceiver.java,org/apache/avro/ipc/HttpTransceiver.java,99,2,1,2,23,2737,116,112,58,3,3,1,119,112,59,771,438,385,63.5000,6.5288,1,No
AVRO,1.3.1,lang/java/src/java/org/apache/avro/ipc/DatagramTransceiver.java,org/apache/avro/ipc/DatagramTransceiver.java,73,2,1,2,23,2001,86,84,43,1,1,0,87,84,43,771,438,385,63.5000,6.5288,3,No
AVRO,1.3.1,lang/java/src/java/org/apache/avro/ipc/LocalTransceiver.java,org/apache/avro/ipc/LocalTransceiver.java,45,1,1,1,0,0,52,52,52,0,0,0,52,52,52,438,438,438,62.0000,7.0284,1,No
AVRO,1.3.1,lang/java/src/java/org/apache/avro/ipc/Transceiver.java,org/apache/avro/ipc/Transceiver.java,35,1,1,1,0,0,44,44,44,0,0,0,44,44,44,438,438,438,62.0000,7.0284,1,No
AVRO,1.3.1,lang/java/src/java/org/apache/avro/ipc/AvroRemoteException.java,org/apache/avro/ipc/AvroRemoteException.java,33,1,1,1,0,0,41,41,41,0,0,0,41,41,41,438,438,438,62.0000,7.0284,2,No
AVRO,1.3.1,lang/java/src/java/org/apache/avro/ipc/RPCPlugin.java,org/apache/avro/ipc/RPCPlugin.java,65,1,1,1,0,0,74,74,74,0,0,0,74,74,74,438,438,438,62.0000,7.0284,0,No
AVRO,1.3.1,lang/java/src/java/org/apache/avro/ipc/SocketTransceiver.java,org/apache/avro/ipc/SocketTransceiver.java,85,2,1,2,23,2323,100,98,50,1,1,0,101,98,50,771,438,385,63.5000,6.5288,5,No
AVRO,1.3.1,lang/java/src/java/org/apache/avro/ipc/ResponderServlet.java,org/apache/avro/ipc/ResponderServlet.java,48,1,1,1,0,0,56,56,56,0,0,0,56,56,56,438,438,438,62.0000,7.0284,1,No
AVRO,1.3.1,lang/java/src/java/org/apache/avro/ipc/Server.java,org/apache/avro/ipc/Server.java,25,1,1,1,0,0,29,29,29,0,0,0,29,29,29,438,438,438,62.0000,7.0284,0,No
AVRO,1.3.1,lang/java/src/java/org/apache/avro/ipc/Requestor.java,org/apache/avro/ipc/Requestor.java,196,3,1,3,50,12150,237,230,79,6,3,2,243,230,81,849,438,283,49.3333,5.5178,14,No
AVRO,1.3.1,lang/java/src/java/org/apache/avro/ipc/SocketServer.java,org/apache/avro/ipc/SocketServer.java,93,2,1,2,23,2622,113,111,56,1,1,0,114,111,57,771,438,385,63.5000,6.5288,15,No
AVRO,1.3.1,lang/java/src/java/org/apache/avro/ipc/ByteBufferInputStream.java,org/apache/avro/ipc/ByteBufferInputStream.java,78,1,1,1,0,0,87,87,87,0,0,0,87,87,87,438,438,438,62.0000,7.0284,3,No
AVRO,1.3.1,lang/java/src/java/org/apache/avro/ipc/stats/FloatHistogram.java,org/apache/avro/ipc/stats/FloatHistogram.java,49,1,1,1,0,0,54,54,54,0,0,0,54,54,54,438,438,438,62.0000,7.0284,4,No
AVRO,1.3.1,lang/java/src/java/org/apache/avro/ipc/stats/Stopwatch.java,org/apache/avro/ipc/stats/Stopwatch.java,66,1,1,1,0,0,74,74,74,0,0,0,74,74,74,438,438,438,62.0000,7.0284,9,No
AVRO,1.3.1,lang/java/src/java/org/apache/avro/ipc/stats/StatsPlugin.java,org/apache/avro/ipc/stats/StatsPlugin.java,108,1,1,1,0,0,121,121,121,0,0,0,121,121,121,438,438,438,62.0000,7.0284,0,No
AVRO,1.3.1,lang/java/src/java/org/apache/avro/ipc/stats/StatsServlet.java,org/apache/avro/ipc/stats/StatsServlet.java,93,1,1,1,0,0,107,107,107,0,0,0,107,107,107,438,438,438,62.0000,7.0284,4,No
AVRO,1.3.1,lang/java/src/java/org/apache/avro/ipc/stats/Histogram.java,org/apache/avro/ipc/stats/Histogram.java,179,1,1,1,0,0,205,205,205,0,0,0,205,205,205,438,438,438,62.0000,7.0284,24,No
AVRO,1.3.1,lang/java/src/java/org/apache/avro/ipc/Responder.java,org/apache/avro/ipc/Responder.java,174,3,1,3,50,11750,221,211,73,14,12,4,235,211,78,849,438,283,49.3333,5.5178,26,No
AVRO,1.3.1,lang/java/src/java/org/apache/avro/AvroRuntimeException.java,org/apache/avro/AvroRuntimeException.java,26,1,1,1,0,0,29,29,29,0,0,0,29,29,29,438,438,438,62.0000,7.0284,1,No
AVRO,1.3.1,lang/java/src/java/org/apache/avro/AvroTypeException.java,org/apache/avro/AvroTypeException.java,25,1,1,1,0,0,29,29,29,0,0,0,29,29,29,438,438,438,62.0000,7.0284,0,No
AVRO,1.3.1,lang/java/src/java/org/apache/avro/tool/JsonToBinaryFragmentTool.java,org/apache/avro/tool/JsonToBinaryFragmentTool.java,70,1,1,1,0,0,77,77,77,0,0,0,77,77,77,438,438,438,62.0000,7.0284,4,No
AVRO,1.3.1,lang/java/src/java/org/apache/avro/tool/Util.java,org/apache/avro/tool/Util.java,65,2,1,2,23,1633,71,57,35,0,0,0,71,57,35,782,438,391,65.5000,6.5455,2,No
AVRO,1.3.1,lang/java/src/java/org/apache/avro/tool/RpcSendTool.java,org/apache/avro/tool/RpcSendTool.java,111,2,1,2,23,3427,136,98,68,13,13,6,149,98,74,782,438,391,65.5000,6.5455,2,No
AVRO,1.3.1,lang/java/src/java/org/apache/avro/tool/DataFileGetSchemaTool.java,org/apache/avro/tool/DataFileGetSchemaTool.java,48,1,1,1,0,0,54,54,54,0,0,0,54,54,54,438,438,438,62.0000,7.0284,1,No
AVRO,1.3.1,lang/java/src/java/org/apache/avro/tool/Tool.java,org/apache/avro/tool/Tool.java,47,2,1,2,1,53,52,51,26,1,1,0,53,51,26,458,438,229,37.5000,4.2396,1,No
AVRO,1.3.1,lang/java/src/java/org/apache/avro/tool/DataFileReadTool.java,org/apache/avro/tool/DataFileReadTool.java,70,1,1,1,0,0,78,78,78,0,0,0,78,78,78,438,438,438,62.0000,7.0284,1,No
AVRO,1.3.1,lang/java/src/java/org/apache/avro/tool/Main.java,org/apache/avro/tool/Main.java,85,3,2,3,7,707,99,81,33,2,2,0,101,81,33,708,438,236,39.0000,4.4607,11,No
AVRO,1.3.1,lang/java/src/java/org/apache/avro/tool/BinaryFragmentToJsonTool.java,org/apache/avro/tool/BinaryFragmentToJsonTool.java,80,2,1,2,38,3382,87,84,43,2,2,1,89,84,44,807,438,403,66.0000,6.6385,4,No
AVRO,1.3.1,lang/java/src/java/org/apache/avro/tool/DataFileWriteTool.java,org/apache/avro/tool/DataFileWriteTool.java,87,2,2,2,10,1080,103,82,51,5,5,2,108,82,54,738,438,369,59.5000,6.1359,4,No
AVRO,1.3.1,lang/java/src/java/org/apache/avro/tool/GenAvroTool.java,org/apache/avro/tool/GenAvroTool.java,67,2,1,2,1,80,79,78,39,1,1,0,80,78,40,458,438,229,37.5000,4.2396,6,No
AVRO,1.3.1,lang/java/src/java/org/apache/avro/tool/RpcReceiveTool.java,org/apache/avro/tool/RpcReceiveTool.java,158,2,1,2,23,4508,186,140,93,10,10,5,196,140,98,782,438,391,65.5000,6.5455,7,No
AVRO,1.3.2,lang/java/src/java/org/apache/avro/specific/SpecificData.java,org/apache/avro/specific/SpecificData.java,192,3,1,3,50,15200,260,258,86,44,43,14,304,258,101,884,438,294,54.3333,6.1814,10,No
AVRO,1.3.2,lang/java/src/java/org/apache/avro/specific/FixedSize.java,org/apache/avro/specific/FixedSize.java,34,1,1,1,0,0,37,37,37,0,0,0,37,37,37,438,438,438,62.0000,7.0284,0,No
AVRO,1.3.2,lang/java/src/java/org/apache/avro/specific/SpecificResponder.java,org/apache/avro/specific/SpecificResponder.java,88,3,2,3,50,6450,116,109,38,13,8,4,129,109,43,877,438,292,54.0000,5.9794,2,No
AVRO,1.3.2,lang/java/src/java/org/apache/avro/specific/SpecificRequestor.java,org/apache/avro/specific/SpecificRequestor.java,93,3,2,3,50,5950,114,107,38,5,3,1,119,107,39,877,438,292,54.0000,5.9794,3,No
AVRO,1.3.2,lang/java/src/java/org/apache/avro/specific/SpecificFixed.java,org/apache/avro/specific/SpecificFixed.java,25,1,1,1,0,0,28,28,28,0,0,0,28,28,28,438,438,438,62.0000,7.0284,0,No
AVRO,1.3.2,lang/java/src/java/org/apache/avro/specific/SchemaTask.java,org/apache/avro/specific/SchemaTask.java,26,1,1,1,0,0,29,29,29,0,0,0,29,29,29,438,438,438,62.0000,7.0284,0,No
AVRO,1.3.2,lang/java/src/java/org/apache/avro/specific/ProtocolTask.java,org/apache/avro/specific/ProtocolTask.java,68,1,1,1,0,0,80,80,80,0,0,0,80,80,80,438,438,438,62.0000,7.0284,4,No
AVRO,1.3.2,lang/java/src/java/org/apache/avro/specific/SpecificRecord.java,org/apache/avro/specific/SpecificRecord.java,23,2,1,2,21,714,30,28,15,4,4,2,34,28,17,754,438,377,61.5000,6.5009,0,No
AVRO,1.3.2,lang/java/src/java/org/apache/avro/specific/SpecificRecordBase.java,org/apache/avro/specific/SpecificRecordBase.java,45,2,1,2,21,1176,55,49,27,1,1,0,56,49,28,754,438,377,61.5000,6.5009,1,No
AVRO,1.3.2,lang/java/src/java/org/apache/avro/specific/SpecificDatumReader.java,org/apache/avro/specific/SpecificDatumReader.java,76,2,1,2,21,1911,90,89,45,1,1,0,91,89,45,754,438,377,61.5000,6.5009,3,No
AVRO,1.3.2,lang/java/src/java/org/apache/avro/specific/SpecificDatumWriter.java,org/apache/avro/specific/SpecificDatumWriter.java,47,1,1,1,0,0,58,58,58,0,0,0,58,58,58,438,438,438,62.0000,7.0284,0,No
AVRO,1.3.2,lang/java/src/java/org/apache/avro/specific/SpecificExceptionBase.java,org/apache/avro/specific/SpecificExceptionBase.java,36,2,1,2,21,966,45,44,22,1,1,0,46,44,23,754,438,377,61.5000,6.5009,3,No
AVRO,1.3.2,lang/java/src/java/org/apache/avro/specific/SpecificCompiler.java,org/apache/avro/specific/SpecificCompiler.java,387,4,2,4,28,12796,440,424,110,17,14,4,457,424,114,845,438,211,40.2500,4.8299,23,No
AVRO,1.3.2,lang/java/src/java/org/apache/avro/SchemaParseException.java,org/apache/avro/SchemaParseException.java,23,1,1,1,0,0,26,26,26,0,0,0,26,26,26,438,438,438,62.0000,7.0284,0,No
AVRO,1.3.2,lang/java/src/java/org/apache/avro/util/Utf8.java,org/apache/avro/util/Utf8.java,80,3,1,3,50,4700,94,87,31,0,0,0,94,87,31,893,438,297,55.0000,6.1643,9,No
AVRO,1.3.2,lang/java/src/java/org/apache/avro/file/DataFileReader.java,org/apache/avro/file/DataFileReader.java,149,3,1,3,38,10678,225,149,75,56,51,18,281,149,93,816,438,272,45.0000,5.2949,6,No
AVRO,1.3.2,lang/java/src/java/org/apache/avro/file/DataFileWriter.java,org/apache/avro/file/DataFileWriter.java,329,6,2,6,38,17328,415,238,69,41,14,6,456,238,76,981,438,163,33.5000,4.2709,19,No
AVRO,1.3.2,lang/java/src/java/org/apache/avro/file/DataFileConstants.java,org/apache/avro/file/DataFileConstants.java,34,3,2,3,14,644,42,37,14,4,3,1,46,37,15,758,438,252,42.0000,4.4238,10,No
AVRO,1.3.2,lang/java/src/java/org/apache/avro/file/SeekableFileInput.java,org/apache/avro/file/SeekableFileInput.java,31,1,1,1,0,0,37,37,37,0,0,0,37,37,37,438,438,438,62.0000,7.0284,0,No
AVRO,1.3.2,lang/java/src/java/org/apache/avro/file/DeflateCodec.java,org/apache/avro/file/DeflateCodec.java,131,5,2,5,28,6244,184,104,36,39,17,7,223,104,44,706,464,141,29.8000,4.2635,7,No
AVRO,1.3.2,lang/java/src/java/org/apache/avro/file/DataFileStream.java,org/apache/avro/file/DataFileStream.java,240,7,2,7,59,22833,328,177,46,59,22,8,387,177,55,1056,438,150,32.1429,4.4677,22,No
AVRO,1.3.2,lang/java/src/java/org/apache/avro/file/NullCodec.java,org/apache/avro/file/NullCodec.java,54,5,2,5,28,3192,89,57,17,25,13,5,114,57,22,706,464,141,29.8000,4.2635,2,No
AVRO,1.3.2,lang/java/src/java/org/apache/avro/file/Codec.java,org/apache/avro/file/Codec.java,48,4,2,4,28,2240,65,39,16,15,7,3,80,39,20,684,464,171,34.0000,4.4287,0,No
AVRO,1.3.2,lang/java/src/java/org/apache/avro/file/LengthLimitedInputStream.java,org/apache/avro/file/LengthLimitedInputStream.java,75,1,1,1,0,0,85,85,85,0,0,0,85,85,85,464,464,464,70.0000,6.4068,1,No
AVRO,1.3.2,lang/java/src/java/org/apache/avro/file/CodecFactory.java,org/apache/avro/file/CodecFactory.java,64,2,2,2,28,2128,76,70,38,0,0,0,76,70,38,640,464,320,58.0000,5.1680,0,No
AVRO,1.3.2,lang/java/src/java/org/apache/avro/file/SeekableInput.java,org/apache/avro/file/SeekableInput.java,30,1,1,1,0,0,37,37,37,0,0,0,37,37,37,438,438,438,62.0000,7.0284,0,No
AVRO,1.3.2,lang/java/src/java/org/apache/avro/Schema.java,org/apache/avro/Schema.java,988,7,3,7,28,33908,1149,913,164,62,53,8,1211,913,173,936,438,133,27.5714,4.0480,159,No
AVRO,1.3.2,lang/java/src/java/org/apache/avro/Protocol.java,org/apache/avro/Protocol.java,334,3,2,3,28,11144,393,388,131,5,3,1,398,388,132,836,438,278,51.0000,5.9399,22,No
AVRO,1.3.2,lang/java/src/java/org/apache/avro/reflect/ReflectDatumReader.java,org/apache/avro/reflect/ReflectDatumReader.java,130,2,2,2,22,3300,148,146,74,2,2,1,150,146,75,759,438,379,62.0000,6.5140,1,No
AVRO,1.3.2,lang/java/src/java/org/apache/avro/reflect/Union.java,org/apache/avro/reflect/Union.java,37,1,1,1,0,0,39,39,39,0,0,0,39,39,39,438,438,438,62.0000,7.0284,0,No
AVRO,1.3.2,lang/java/src/java/org/apache/avro/reflect/ReflectDatumWriter.java,org/apache/avro/reflect/ReflectDatumWriter.java,108,1,1,1,0,0,125,125,125,0,0,0,125,125,125,438,438,438,62.0000,7.0284,10,No
AVRO,1.3.2,lang/java/src/java/org/apache/avro/reflect/ReflectResponder.java,org/apache/avro/reflect/ReflectResponder.java,40,1,1,1,0,0,48,48,48,0,0,0,48,48,48,438,438,438,62.0000,7.0284,0,No
AVRO,1.3.2,lang/java/src/java/org/apache/avro/reflect/Stringable.java,org/apache/avro/reflect/Stringable.java,32,1,1,1,0,0,34,34,34,0,0,0,34,34,34,438,438,438,62.0000,7.0284,0,No
AVRO,1.3.2,lang/java/src/java/org/apache/avro/reflect/ReflectData.java,org/apache/avro/reflect/ReflectData.java,384,5,2,5,71,34080,453,413,90,27,14,5,480,413,96,974,438,194,39.8000,5.4338,26,No
AVRO,1.3.2,lang/java/src/java/org/apache/avro/reflect/ReflectRequestor.java,org/apache/avro/reflect/ReflectRequestor.java,64,1,1,1,0,0,76,76,76,0,0,0,76,76,76,438,438,438,62.0000,7.0284,2,No
AVRO,1.3.2,lang/java/src/java/org/apache/avro/reflect/InduceSchemaTool.java,org/apache/avro/reflect/InduceSchemaTool.java,69,2,2,2,7,560,78,77,39,2,2,1,80,77,40,703,438,351,56.5000,5.9853,6,No
AVRO,1.3.2,lang/java/src/java/org/apache/avro/reflect/Nullable.java,org/apache/avro/reflect/Nullable.java,31,1,1,1,0,0,33,33,33,0,0,0,33,33,33,479,479,479,78.0000,7.8489,0,No
AVRO,1.3.2,lang/java/src/java/org/apache/avro/io/ResolvingDecoder.java,org/apache/avro/io/ResolvingDecoder.java,214,11,2,11,38,14782,309,204,28,80,61,7,389,204,35,1035,438,94,20.5455,3.7445,4,No
AVRO,1.3.2,lang/java/src/java/org/apache/avro/io/BinaryDecoder.java,org/apache/avro/io/BinaryDecoder.java,899,4,2,4,38,50426,1155,820,288,172,147,43,1327,967,331,923,438,230,43.5000,4.5740,77,No
AVRO,1.3.2,lang/java/src/java/org/apache/avro/io/BinaryData.java,org/apache/avro/io/BinaryData.java,177,3,2,3,38,9614,220,192,73,33,30,11,253,192,84,851,438,283,52.3333,5.8260,45,No
AVRO,1.3.2,lang/java/src/java/org/apache/avro/io/Decoder.java,org/apache/avro/io/Decoder.java,258,2,1,2,38,10982,288,280,144,1,1,0,289,280,144,807,438,403,66.0000,6.6385,1,No
AVRO,1.3.2,lang/java/src/java/org/apache/avro/io/ValidatingEncoder.java,org/apache/avro/io/ValidatingEncoder.java,174,5,2,5,14,2954,207,203,41,4,1,0,211,203,42,800,438,160,28.8000,4.3483,5,No
AVRO,1.3.2,lang/java/src/java/org/apache/avro/io/DecoderFactory.java,org/apache/avro/io/DecoderFactory.java,219,1,1,1,0,0,232,232,232,0,0,0,232,232,232,476,476,476,78.0000,7.8393,4,No
AVRO,1.3.2,lang/java/src/java/org/apache/avro/io/ParsingEncoder.java,org/apache/avro/io/ParsingEncoder.java,60,1,1,1,0,0,70,70,70,0,0,0,70,70,70,438,438,438,62.0000,7.0284,1,No
AVRO,1.3.2,lang/java/src/java/org/apache/avro/io/JsonDecoder.java,org/apache/avro/io/JsonDecoder.java,384,6,2,6,38,16720,433,424,72,7,2,1,440,424,73,964,438,160,31.5000,4.2585,11,No
AVRO,1.3.2,lang/java/src/java/org/apache/avro/io/BinaryEncoder.java,org/apache/avro/io/BinaryEncoder.java,215,2,2,2,14,3570,254,251,127,1,1,0,255,251,127,748,438,374,60.0000,6.1564,23,No
AVRO,1.3.2,lang/java/src/java/org/apache/avro/io/BlockingBinaryEncoder.java,org/apache/avro/io/BlockingBinaryEncoder.java,534,2,2,2,17,10829,629,619,314,8,8,4,637,619,318,742,438,371,60.5000,6.4671,59,No
AVRO,1.3.2,lang/java/src/java/org/apache/avro/io/DatumReader.java,org/apache/avro/io/DatumReader.java,31,1,1,1,0,0,38,38,38,0,0,0,38,38,38,438,438,438,62.0000,7.0284,0,No
AVRO,1.3.2,lang/java/src/java/org/apache/avro/io/ParsingDecoder.java,org/apache/avro/io/ParsingDecoder.java,66,1,1,1,0,0,75,75,75,0,0,0,75,75,75,438,438,438,62.0000,7.0284,1,No
AVRO,1.3.2,lang/java/src/java/org/apache/avro/io/parsing/Parser.java,org/apache/avro/io/parsing/Parser.java,175,6,2,6,3,1146,287,166,47,95,39,15,382,166,63,549,438,91,17.5000,3.3163,19,No
AVRO,1.3.2,lang/java/src/java/org/apache/avro/io/parsing/SkipParser.java,org/apache/avro/io/parsing/SkipParser.java,87,6,2,6,3,348,106,95,17,10,4,1,116,95,19,549,438,91,17.5000,3.3163,6,No
AVRO,1.3.2,lang/java/src/java/org/apache/avro/io/parsing/ValidatingGrammarGenerator.java,org/apache/avro/io/parsing/ValidatingGrammarGenerator.java,125,5,2,5,28,4452,148,139,29,11,4,2,159,139,31,869,438,173,31.8000,4.2022,8,No
AVRO,1.3.2,lang/java/src/java/org/apache/avro/io/parsing/Symbol.java,org/apache/avro/io/parsing/Symbol.java,481,10,2,10,21,13608,599,382,59,49,17,4,648,382,64,910,438,91,18.2000,3.5868,37,No
AVRO,1.3.2,lang/java/src/java/org/apache/avro/io/parsing/JsonGrammarGenerator.java,org/apache/avro/io/parsing/JsonGrammarGenerator.java,93,5,2,5,28,3528,113,102,22,13,4,2,126,102,25,869,438,173,31.8000,4.2022,8,No
AVRO,1.3.2,lang/java/src/java/org/apache/avro/io/parsing/ResolvingGrammarGenerator.java,org/apache/avro/io/parsing/ResolvingGrammarGenerator.java,418,10,2,10,28,15120,494,338,49,46,20,4,540,338,54,973,438,97,20.4000,3.5814,36,No
AVRO,1.3.2,lang/java/src/java/org/apache/avro/io/ValidatingDecoder.java,org/apache/avro/io/ValidatingDecoder.java,202,6,2,6,3,726,237,230,39,5,3,0,242,230,40,549,438,91,17.5000,3.3163,9,No
AVRO,1.3.2,lang/java/src/java/org/apache/avro/io/Encoder.java,org/apache/avro/io/Encoder.java,245,1,1,1,0,0,271,271,271,0,0,0,271,271,271,438,438,438,62.0000,7.0284,1,No
AVRO,1.3.2,lang/java/src/java/org/apache/avro/io/DirectBinaryDecoder.java,org/apache/avro/io/DirectBinaryDecoder.java,179,1,1,1,0,0,203,203,203,0,0,0,203,203,203,476,476,476,78.0000,7.8393,5,No
AVRO,1.3.2,lang/java/src/java/org/apache/avro/io/JsonEncoder.java,org/apache/avro/io/JsonEncoder.java,215,6,2,6,14,3738,256,239,42,11,6,1,267,239,44,808,438,134,24.6667,3.9510,5,No
AVRO,1.3.2,lang/java/src/java/org/apache/avro/io/DatumWriter.java,org/apache/avro/io/DatumWriter.java,30,1,1,1,0,0,36,36,36,0,0,0,36,36,36,438,438,438,62.0000,7.0284,0,No
AVRO,1.3.2,lang/java/src/java/org/apache/avro/generic/GenericContainer.java,org/apache/avro/generic/GenericContainer.java,24,1,1,1,0,0,27,27,27,0,0,0,27,27,27,438,438,438,62.0000,7.0284,1,No
AVRO,1.3.2,lang/java/src/java/org/apache/avro/generic/GenericRecord.java,org/apache/avro/generic/GenericRecord.java,26,2,1,2,21,819,33,30,16,6,6,3,39,30,19,754,438,377,61.5000,6.5009,0,No
AVRO,1.3.2,lang/java/src/java/org/apache/avro/generic/GenericArray.java,org/apache/avro/generic/GenericArray.java,31,1,1,1,0,0,37,37,37,0,0,0,37,37,37,438,438,438,62.0000,7.0284,0,No
AVRO,1.3.2,lang/java/src/java/org/apache/avro/generic/GenericFixed.java,org/apache/avro/generic/GenericFixed.java,23,1,1,1,0,0,24,24,24,0,0,0,24,24,24,438,438,438,62.0000,7.0284,1,No
AVRO,1.3.2,lang/java/src/java/org/apache/avro/generic/GenericResponder.java,org/apache/avro/generic/GenericResponder.java,47,2,1,2,50,3050,59,55,29,2,2,1,61,55,30,819,438,409,66.0000,6.6723,1,No
AVRO,1.3.2,lang/java/src/java/org/apache/avro/generic/IndexedRecord.java,org/apache/avro/generic/IndexedRecord.java,25,1,1,1,0,0,26,26,26,0,0,0,26,26,26,457,457,457,72.0000,7.8142,0,No
AVRO,1.3.2,lang/java/src/java/org/apache/avro/generic/GenericRequestor.java,org/apache/avro/generic/GenericRequestor.java,60,2,1,2,50,3500,70,56,35,0,0,0,70,56,35,819,438,409,66.0000,6.6723,4,No
AVRO,1.3.2,lang/java/src/java/org/apache/avro/generic/GenericData.java,org/apache/avro/generic/GenericData.java,456,6,3,6,28,15428,521,489,86,30,14,5,551,489,91,953,438,158,32.8333,4.1791,43,No
AVRO,1.3.2,lang/java/src/java/org/apache/avro/generic/GenericDatumReader.java,org/apache/avro/generic/GenericDatumReader.java,319,5,3,5,28,21028,553,476,110,198,189,39,751,476,150,919,438,183,36.8000,4.4510,12,No
AVRO,1.3.2,lang/java/src/java/org/apache/avro/generic/GenericDatumWriter.java,org/apache/avro/generic/GenericDatumWriter.java,172,3,2,3,28,5796,202,198,67,5,3,1,207,198,69,834,438,278,51.0000,5.9656,5,No
AVRO,1.3.2,lang/java/src/java/org/apache/avro/ipc/ByteBufferOutputStream.java,org/apache/avro/ipc/ByteBufferOutputStream.java,78,1,1,1,0,0,91,91,91,0,0,0,91,91,91,438,438,438,62.0000,7.0284,6,No
AVRO,1.3.2,lang/java/src/java/org/apache/avro/ipc/RPCContext.java,org/apache/avro/ipc/RPCContext.java,137,2,1,2,50,8150,160,157,80,3,3,1,163,157,81,819,438,409,66.0000,6.6723,11,No
AVRO,1.3.2,lang/java/src/java/org/apache/avro/ipc/HttpServer.java,org/apache/avro/ipc/HttpServer.java,50,1,1,1,0,0,59,59,59,0,0,0,59,59,59,438,438,438,62.0000,7.0284,4,No
AVRO,1.3.2,lang/java/src/java/org/apache/avro/ipc/DatagramServer.java,org/apache/avro/ipc/DatagramServer.java,64,2,1,2,23,1886,81,79,40,1,1,0,82,79,41,771,438,385,63.5000,6.5288,5,No
AVRO,1.3.2,lang/java/src/java/org/apache/avro/ipc/HttpTransceiver.java,org/apache/avro/ipc/HttpTransceiver.java,99,2,1,2,23,2737,116,112,58,3,3,1,119,112,59,771,438,385,63.5000,6.5288,1,No
AVRO,1.3.2,lang/java/src/java/org/apache/avro/ipc/DatagramTransceiver.java,org/apache/avro/ipc/DatagramTransceiver.java,73,2,1,2,23,2001,86,84,43,1,1,0,87,84,43,771,438,385,63.5000,6.5288,3,No
AVRO,1.3.2,lang/java/src/java/org/apache/avro/ipc/LocalTransceiver.java,org/apache/avro/ipc/LocalTransceiver.java,45,1,1,1,0,0,52,52,52,0,0,0,52,52,52,438,438,438,62.0000,7.0284,1,No
AVRO,1.3.2,lang/java/src/java/org/apache/avro/ipc/Transceiver.java,org/apache/avro/ipc/Transceiver.java,35,1,1,1,0,0,44,44,44,0,0,0,44,44,44,438,438,438,62.0000,7.0284,1,No
AVRO,1.3.2,lang/java/src/java/org/apache/avro/ipc/AvroRemoteException.java,org/apache/avro/ipc/AvroRemoteException.java,33,1,1,1,0,0,41,41,41,0,0,0,41,41,41,438,438,438,62.0000,7.0284,2,No
AVRO,1.3.2,lang/java/src/java/org/apache/avro/ipc/RPCPlugin.java,org/apache/avro/ipc/RPCPlugin.java,65,1,1,1,0,0,74,74,74,0,0,0,74,74,74,438,438,438,62.0000,7.0284,0,No
AVRO,1.3.2,lang/java/src/java/org/apache/avro/ipc/SocketTransceiver.java,org/apache/avro/ipc/SocketTransceiver.java,85,2,1,2,23,2323,100,98,50,1,1,0,101,98,50,771,438,385,63.5000,6.5288,5,No
AVRO,1.3.2,lang/java/src/java/org/apache/avro/ipc/ResponderServlet.java,org/apache/avro/ipc/ResponderServlet.java,48,1,1,1,0,0,56,56,56,0,0,0,56,56,56,438,438,438,62.0000,7.0284,1,No
AVRO,1.3.2,lang/java/src/java/org/apache/avro/ipc/Server.java,org/apache/avro/ipc/Server.java,25,1,1,1,0,0,29,29,29,0,0,0,29,29,29,438,438,438,62.0000,7.0284,0,No
AVRO,1.3.2,lang/java/src/java/org/apache/avro/ipc/Requestor.java,org/apache/avro/ipc/Requestor.java,196,3,1,3,50,12150,237,230,79,6,3,2,243,230,81,849,438,283,49.3333,5.5178,14,No
AVRO,1.3.2,lang/java/src/java/org/apache/avro/ipc/SocketServer.java,org/apache/avro/ipc/SocketServer.java,93,2,1,2,23,2622,113,111,56,1,1,0,114,111,57,771,438,385,63.5000,6.5288,15,No
AVRO,1.3.2,lang/java/src/java/org/apache/avro/ipc/ByteBufferInputStream.java,org/apache/avro/ipc/ByteBufferInputStream.java,78,1,1,1,0,0,87,87,87,0,0,0,87,87,87,438,438,438,62.0000,7.0284,3,No
AVRO,1.3.2,lang/java/src/java/org/apache/avro/ipc/stats/FloatHistogram.java,org/apache/avro/ipc/stats/FloatHistogram.java,49,1,1,1,0,0,54,54,54,0,0,0,54,54,54,438,438,438,62.0000,7.0284,4,No
AVRO,1.3.2,lang/java/src/java/org/apache/avro/ipc/stats/Stopwatch.java,org/apache/avro/ipc/stats/Stopwatch.java,66,1,1,1,0,0,74,74,74,0,0,0,74,74,74,438,438,438,62.0000,7.0284,9,No
AVRO,1.3.2,lang/java/src/java/org/apache/avro/ipc/stats/StatsPlugin.java,org/apache/avro/ipc/stats/StatsPlugin.java,108,1,1,1,0,0,121,121,121,0,0,0,121,121,121,438,438,438,62.0000,7.0284,0,No
AVRO,1.3.2,lang/java/src/java/org/apache/avro/ipc/stats/StatsServlet.java,org/apache/avro/ipc/stats/StatsServlet.java,93,1,1,1,0,0,107,107,107,0,0,0,107,107,107,438,438,438,62.0000,7.0284,4,No
AVRO,1.3.2,lang/java/src/java/org/apache/avro/ipc/stats/Histogram.java,org/apache/avro/ipc/stats/Histogram.java,179,1,1,1,0,0,205,205,205,0,0,0,205,205,205,438,438,438,62.0000,7.0284,24,No
AVRO,1.3.2,lang/java/src/java/org/apache/avro/ipc/Responder.java,org/apache/avro/ipc/Responder.java,174,3,1,3,50,11750,221,211,73,14,12,4,235,211,78,849,438,283,49.3333,5.5178,26,No
AVRO,1.3.2,lang/java/src/java/org/apache/avro/AvroRuntimeException.java,org/apache/avro/AvroRuntimeException.java,26,1,1,1,0,0,29,29,29,0,0,0,29,29,29,438,438,438,62.0000,7.0284,1,No
AVRO,1.3.2,lang/java/src/java/org/apache/avro/AvroTypeException.java,org/apache/avro/AvroTypeException.java,25,1,1,1,0,0,29,29,29,0,0,0,29,29,29,438,438,438,62.0000,7.0284,0,No
AVRO,1.3.2,lang/java/src/java/org/apache/avro/tool/JsonToBinaryFragmentTool.java,org/apache/avro/tool/JsonToBinaryFragmentTool.java,70,1,1,1,0,0,77,77,77,0,0,0,77,77,77,438,438,438,62.0000,7.0284,4,No
AVRO,1.3.2,lang/java/src/java/org/apache/avro/tool/Util.java,org/apache/avro/tool/Util.java,65,2,1,2,23,1633,71,57,35,0,0,0,71,57,35,782,438,391,65.5000,6.5455,2,No
AVRO,1.3.2,lang/java/src/java/org/apache/avro/tool/RpcSendTool.java,org/apache/avro/tool/RpcSendTool.java,111,2,1,2,23,3427,136,98,68,13,13,6,149,98,74,782,438,391,65.5000,6.5455,2,No
AVRO,1.3.2,lang/java/src/java/org/apache/avro/tool/DataFileGetSchemaTool.java,org/apache/avro/tool/DataFileGetSchemaTool.java,48,1,1,1,0,0,54,54,54,0,0,0,54,54,54,438,438,438,62.0000,7.0284,1,No
AVRO,1.3.2,lang/java/src/java/org/apache/avro/tool/Tool.java,org/apache/avro/tool/Tool.java,47,2,1,2,1,53,52,51,26,1,1,0,53,51,26,458,438,229,37.5000,4.2396,1,No
AVRO,1.3.2,lang/java/src/java/org/apache/avro/tool/DataFileReadTool.java,org/apache/avro/tool/DataFileReadTool.java,70,1,1,1,0,0,78,78,78,0,0,0,78,78,78,438,438,438,62.0000,7.0284,1,No
AVRO,1.3.2,lang/java/src/java/org/apache/avro/tool/Main.java,org/apache/avro/tool/Main.java,85,3,2,3,7,707,99,81,33,2,2,0,101,81,33,708,438,236,39.0000,4.4607,11,No
AVRO,1.3.2,lang/java/src/java/org/apache/avro/tool/BinaryFragmentToJsonTool.java,org/apache/avro/tool/BinaryFragmentToJsonTool.java,80,2,1,2,38,3382,87,84,43,2,2,1,89,84,44,807,438,403,66.0000,6.6385,4,No
AVRO,1.3.2,lang/java/src/java/org/apache/avro/tool/DataFileWriteTool.java,org/apache/avro/tool/DataFileWriteTool.java,87,2,2,2,10,1080,103,82,51,5,5,2,108,82,54,738,438,369,59.5000,6.1359,4,No
AVRO,1.3.2,lang/java/src/java/org/apache/avro/tool/GenAvroTool.java,org/apache/avro/tool/GenAvroTool.java,67,2,1,2,1,80,79,78,39,1,1,0,80,78,40,458,438,229,37.5000,4.2396,6,No
AVRO,1.3.2,lang/java/src/java/org/apache/avro/tool/RpcReceiveTool.java,org/apache/avro/tool/RpcReceiveTool.java,158,2,1,2,23,4508,186,140,93,10,10,5,196,140,98,782,438,391,65.5000,6.5455,7,No
AVRO,1.3.3,lang/java/src/java/org/apache/avro/specific/SpecificData.java,org/apache/avro/specific/SpecificData.java,192,3,1,3,50,15200,260,258,86,44,43,14,304,258,101,884,438,294,54.3333,6.1814,10,No
AVRO,1.3.3,lang/java/src/java/org/apache/avro/specific/FixedSize.java,org/apache/avro/specific/FixedSize.java,34,1,1,1,0,0,37,37,37,0,0,0,37,37,37,438,438,438,62.0000,7.0284,0,No
AVRO,1.3.3,lang/java/src/java/org/apache/avro/specific/SpecificResponder.java,org/apache/avro/specific/SpecificResponder.java,88,3,2,3,50,6450,116,109,38,13,8,4,129,109,43,877,438,292,54.0000,5.9794,2,No
AVRO,1.3.3,lang/java/src/java/org/apache/avro/specific/SpecificRequestor.java,org/apache/avro/specific/SpecificRequestor.java,93,3,2,3,50,5950,114,107,38,5,3,1,119,107,39,877,438,292,54.0000,5.9794,3,No
AVRO,1.3.3,lang/java/src/java/org/apache/avro/specific/SpecificFixed.java,org/apache/avro/specific/SpecificFixed.java,25,1,1,1,0,0,28,28,28,0,0,0,28,28,28,438,438,438,62.0000,7.0284,0,No
AVRO,1.3.3,lang/java/src/java/org/apache/avro/specific/SchemaTask.java,org/apache/avro/specific/SchemaTask.java,26,1,1,1,0,0,29,29,29,0,0,0,29,29,29,438,438,438,62.0000,7.0284,0,No
AVRO,1.3.3,lang/java/src/java/org/apache/avro/specific/ProtocolTask.java,org/apache/avro/specific/ProtocolTask.java,68,1,1,1,0,0,80,80,80,0,0,0,80,80,80,438,438,438,62.0000,7.0284,4,No
AVRO,1.3.3,lang/java/src/java/org/apache/avro/specific/SpecificRecord.java,org/apache/avro/specific/SpecificRecord.java,23,2,1,2,21,714,30,28,15,4,4,2,34,28,17,754,438,377,61.5000,6.5009,0,No
AVRO,1.3.3,lang/java/src/java/org/apache/avro/specific/SpecificRecordBase.java,org/apache/avro/specific/SpecificRecordBase.java,45,2,1,2,21,1176,55,49,27,1,1,0,56,49,28,754,438,377,61.5000,6.5009,1,No
AVRO,1.3.3,lang/java/src/java/org/apache/avro/specific/SpecificDatumReader.java,org/apache/avro/specific/SpecificDatumReader.java,76,2,1,2,21,1911,90,89,45,1,1,0,91,89,45,754,438,377,61.5000,6.5009,3,No
AVRO,1.3.3,lang/java/src/java/org/apache/avro/specific/SpecificDatumWriter.java,org/apache/avro/specific/SpecificDatumWriter.java,47,1,1,1,0,0,58,58,58,0,0,0,58,58,58,438,438,438,62.0000,7.0284,0,No
AVRO,1.3.3,lang/java/src/java/org/apache/avro/specific/SpecificExceptionBase.java,org/apache/avro/specific/SpecificExceptionBase.java,36,2,1,2,21,966,45,44,22,1,1,0,46,44,23,754,438,377,61.5000,6.5009,3,No
AVRO,1.3.3,lang/java/src/java/org/apache/avro/specific/SpecificCompiler.java,org/apache/avro/specific/SpecificCompiler.java,387,4,2,4,28,12796,440,424,110,17,14,4,457,424,114,845,438,211,40.2500,4.8299,23,No
AVRO,1.3.3,lang/java/src/java/org/apache/avro/SchemaParseException.java,org/apache/avro/SchemaParseException.java,23,1,1,1,0,0,26,26,26,0,0,0,26,26,26,438,438,438,62.0000,7.0284,0,No
AVRO,1.3.3,lang/java/src/java/org/apache/avro/util/Utf8.java,org/apache/avro/util/Utf8.java,80,3,1,3,50,4700,94,87,31,0,0,0,94,87,31,893,438,297,55.0000,6.1643,9,No
AVRO,1.3.3,lang/java/src/java/org/apache/avro/file/DataFileReader.java,org/apache/avro/file/DataFileReader.java,149,3,1,3,38,10678,225,149,75,56,51,18,281,149,93,816,438,272,45.0000,5.2949,6,No
AVRO,1.3.3,lang/java/src/java/org/apache/avro/file/DataFileWriter.java,org/apache/avro/file/DataFileWriter.java,327,7,2,7,142,66030,418,238,59,47,14,6,465,238,66,1060,438,151,31.8571,4.2744,18,No
AVRO,1.3.3,lang/java/src/java/org/apache/avro/file/DataFileConstants.java,org/apache/avro/file/DataFileConstants.java,34,3,2,3,14,644,42,37,14,4,3,1,46,37,15,758,438,252,42.0000,4.4238,10,No
AVRO,1.3.3,lang/java/src/java/org/apache/avro/file/SeekableFileInput.java,org/apache/avro/file/SeekableFileInput.java,31,1,1,1,0,0,37,37,37,0,0,0,37,37,37,438,438,438,62.0000,7.0284,0,No
AVRO,1.3.3,lang/java/src/java/org/apache/avro/file/DeflateCodec.java,org/apache/avro/file/DeflateCodec.java,131,5,2,5,28,6244,184,104,36,39,17,7,223,104,44,706,464,141,29.8000,4.2635,7,No
AVRO,1.3.3,lang/java/src/java/org/apache/avro/file/DataFileStream.java,org/apache/avro/file/DataFileStream.java,240,7,2,7,59,22833,328,177,46,59,22,8,387,177,55,1056,438,150,32.1429,4.4677,22,No
AVRO,1.3.3,lang/java/src/java/org/apache/avro/file/NullCodec.java,org/apache/avro/file/NullCodec.java,54,5,2,5,28,3192,89,57,17,25,13,5,114,57,22,706,464,141,29.8000,4.2635,2,No
AVRO,1.3.3,lang/java/src/java/org/apache/avro/file/Codec.java,org/apache/avro/file/Codec.java,48,4,2,4,28,2240,65,39,16,15,7,3,80,39,20,684,464,171,34.0000,4.4287,0,No
AVRO,1.3.3,lang/java/src/java/org/apache/avro/file/LengthLimitedInputStream.java,org/apache/avro/file/LengthLimitedInputStream.java,75,1,1,1,0,0,85,85,85,0,0,0,85,85,85,464,464,464,70.0000,6.4068,1,No
AVRO,1.3.3,lang/java/src/java/org/apache/avro/file/CodecFactory.java,org/apache/avro/file/CodecFactory.java,64,2,2,2,28,2128,76,70,38,0,0,0,76,70,38,640,464,320,58.0000,5.1680,0,No
AVRO,1.3.3,lang/java/src/java/org/apache/avro/file/SeekableInput.java,org/apache/avro/file/SeekableInput.java,30,1,1,1,0,0,37,37,37,0,0,0,37,37,37,438,438,438,62.0000,7.0284,0,No
AVRO,1.3.3,lang/java/src/java/org/apache/avro/Schema.java,org/apache/avro/Schema.java,988,7,3,7,28,33908,1149,913,164,62,53,8,1211,913,173,936,438,133,27.5714,4.0480,159,No
AVRO,1.3.3,lang/java/src/java/org/apache/avro/Protocol.java,org/apache/avro/Protocol.java,334,3,2,3,28,11144,393,388,131,5,3,1,398,388,132,836,438,278,51.0000,5.9399,22,No
AVRO,1.3.3,lang/java/src/java/org/apache/avro/reflect/ReflectDatumReader.java,org/apache/avro/reflect/ReflectDatumReader.java,130,2,2,2,22,3300,148,146,74,2,2,1,150,146,75,759,438,379,62.0000,6.5140,1,No
AVRO,1.3.3,lang/java/src/java/org/apache/avro/reflect/Union.java,org/apache/avro/reflect/Union.java,37,1,1,1,0,0,39,39,39,0,0,0,39,39,39,438,438,438,62.0000,7.0284,0,No
AVRO,1.3.3,lang/java/src/java/org/apache/avro/reflect/ReflectDatumWriter.java,org/apache/avro/reflect/ReflectDatumWriter.java,108,1,1,1,0,0,125,125,125,0,0,0,125,125,125,438,438,438,62.0000,7.0284,10,No
AVRO,1.3.3,lang/java/src/java/org/apache/avro/reflect/ReflectResponder.java,org/apache/avro/reflect/ReflectResponder.java,40,1,1,1,0,0,48,48,48,0,0,0,48,48,48,438,438,438,62.0000,7.0284,0,No
AVRO,1.3.3,lang/java/src/java/org/apache/avro/reflect/Stringable.java,org/apache/avro/reflect/Stringable.java,32,1,1,1,0,0,34,34,34,0,0,0,34,34,34,438,438,438,62.0000,7.0284,0,No
AVRO,1.3.3,lang/java/src/java/org/apache/avro/reflect/ReflectData.java,org/apache/avro/reflect/ReflectData.java,388,6,2,6,142,69580,460,413,76,30,14,5,490,413,81,990,438,165,35.0000,5.1105,26,No
AVRO,1.3.3,lang/java/src/java/org/apache/avro/reflect/ReflectRequestor.java,org/apache/avro/reflect/ReflectRequestor.java,64,1,1,1,0,0,76,76,76,0,0,0,76,76,76,438,438,438,62.0000,7.0284,2,No
AVRO,1.3.3,lang/java/src/java/org/apache/avro/reflect/InduceSchemaTool.java,org/apache/avro/reflect/InduceSchemaTool.java,69,2,2,2,7,560,78,77,39,2,2,1,80,77,40,703,438,351,56.5000,5.9853,6,No
AVRO,1.3.3,lang/java/src/java/org/apache/avro/reflect/Nullable.java,org/apache/avro/reflect/Nullable.java,31,1,1,1,0,0,33,33,33,0,0,0,33,33,33,479,479,479,78.0000,7.8489,0,No
AVRO,1.3.3,lang/java/src/java/org/apache/avro/io/ResolvingDecoder.java,org/apache/avro/io/ResolvingDecoder.java,232,12,2,12,142,57936,328,204,27,80,61,6,408,204,34,1120,438,93,20.6667,3.8180,4,No
AVRO,1.3.3,lang/java/src/java/org/apache/avro/io/BinaryDecoder.java,org/apache/avro/io/BinaryDecoder.java,899,4,2,4,38,50426,1155,820,288,172,147,43,1327,967,331,923,438,230,43.5000,4.5740,77,No
AVRO,1.3.3,lang/java/src/java/org/apache/avro/io/BinaryData.java,org/apache/avro/io/BinaryData.java,177,3,2,3,38,9614,220,192,73,33,30,11,253,192,84,851,438,283,52.3333,5.8260,45,No
AVRO,1.3.3,lang/java/src/java/org/apache/avro/io/Decoder.java,org/apache/avro/io/Decoder.java,258,2,1,2,38,10982,288,280,144,1,1,0,289,280,144,807,438,403,66.0000,6.6385,1,No
AVRO,1.3.3,lang/java/src/java/org/apache/avro/io/ValidatingEncoder.java,org/apache/avro/io/ValidatingEncoder.java,174,5,2,5,14,2954,207,203,41,4,1,0,211,203,42,800,438,160,28.8000,4.3483,5,No
AVRO,1.3.3,lang/java/src/java/org/apache/avro/io/DecoderFactory.java,org/apache/avro/io/DecoderFactory.java,219,1,1,1,0,0,232,232,232,0,0,0,232,232,232,476,476,476,78.0000,7.8393,4,No
AVRO,1.3.3,lang/java/src/java/org/apache/avro/io/ParsingEncoder.java,org/apache/avro/io/ParsingEncoder.java,60,1,1,1,0,0,70,70,70,0,0,0,70,70,70,438,438,438,62.0000,7.0284,1,No
AVRO,1.3.3,lang/java/src/java/org/apache/avro/io/JsonDecoder.java,org/apache/avro/io/JsonDecoder.java,384,6,2,6,38,16720,433,424,72,7,2,1,440,424,73,964,438,160,31.5000,4.2585,11,No
AVRO,1.3.3,lang/java/src/java/org/apache/avro/io/BinaryEncoder.java,org/apache/avro/io/BinaryEncoder.java,215,2,2,2,14,3570,254,251,127,1,1,0,255,251,127,748,438,374,60.0000,6.1564,23,No
AVRO,1.3.3,lang/java/src/java/org/apache/avro/io/BlockingBinaryEncoder.java,org/apache/avro/io/BlockingBinaryEncoder.java,534,2,2,2,17,10829,629,619,314,8,8,4,637,619,318,742,438,371,60.5000,6.4671,59,No
AVRO,1.3.3,lang/java/src/java/org/apache/avro/io/DatumReader.java,org/apache/avro/io/DatumReader.java,31,1,1,1,0,0,38,38,38,0,0,0,38,38,38,438,438,438,62.0000,7.0284,0,No
AVRO,1.3.3,lang/java/src/java/org/apache/avro/io/ParsingDecoder.java,org/apache/avro/io/ParsingDecoder.java,66,1,1,1,0,0,75,75,75,0,0,0,75,75,75,438,438,438,62.0000,7.0284,1,No
AVRO,1.3.3,lang/java/src/java/org/apache/avro/io/parsing/Parser.java,org/apache/avro/io/parsing/Parser.java,175,6,2,6,3,1146,287,166,47,95,39,15,382,166,63,549,438,91,17.5000,3.3163,19,No
AVRO,1.3.3,lang/java/src/java/org/apache/avro/io/parsing/SkipParser.java,org/apache/avro/io/parsing/SkipParser.java,87,6,2,6,3,348,106,95,17,10,4,1,116,95,19,549,438,91,17.5000,3.3163,6,No
AVRO,1.3.3,lang/java/src/java/org/apache/avro/io/parsing/ValidatingGrammarGenerator.java,org/apache/avro/io/parsing/ValidatingGrammarGenerator.java,125,5,2,5,28,4452,148,139,29,11,4,2,159,139,31,869,438,173,31.8000,4.2022,8,No
AVRO,1.3.3,lang/java/src/java/org/apache/avro/io/parsing/Symbol.java,org/apache/avro/io/parsing/Symbol.java,481,10,2,10,21,13608,599,382,59,49,17,4,648,382,64,910,438,91,18.2000,3.5868,37,No
AVRO,1.3.3,lang/java/src/java/org/apache/avro/io/parsing/JsonGrammarGenerator.java,org/apache/avro/io/parsing/JsonGrammarGenerator.java,93,5,2,5,28,3528,113,102,22,13,4,2,126,102,25,869,438,173,31.8000,4.2022,8,No
AVRO,1.3.3,lang/java/src/java/org/apache/avro/io/parsing/ResolvingGrammarGenerator.java,org/apache/avro/io/parsing/ResolvingGrammarGenerator.java,418,10,2,10,28,15120,494,338,49,46,20,4,540,338,54,973,438,97,20.4000,3.5814,36,No
AVRO,1.3.3,lang/java/src/java/org/apache/avro/io/ValidatingDecoder.java,org/apache/avro/io/ValidatingDecoder.java,202,6,2,6,3,726,237,230,39,5,3,0,242,230,40,549,438,91,17.5000,3.3163,9,No
AVRO,1.3.3,lang/java/src/java/org/apache/avro/io/Encoder.java,org/apache/avro/io/Encoder.java,245,1,1,1,0,0,271,271,271,0,0,0,271,271,271,438,438,438,62.0000,7.0284,1,No
AVRO,1.3.3,lang/java/src/java/org/apache/avro/io/DirectBinaryDecoder.java,org/apache/avro/io/DirectBinaryDecoder.java,179,1,1,1,0,0,203,203,203,0,0,0,203,203,203,476,476,476,78.0000,7.8393,5,No
AVRO,1.3.3,lang/java/src/java/org/apache/avro/io/JsonEncoder.java,org/apache/avro/io/JsonEncoder.java,215,6,2,6,14,3738,256,239,42,11,6,1,267,239,44,808,438,134,24.6667,3.9510,5,No
AVRO,1.3.3,lang/java/src/java/org/apache/avro/io/DatumWriter.java,org/apache/avro/io/DatumWriter.java,30,1,1,1,0,0,36,36,36,0,0,0,36,36,36,438,438,438,62.0000,7.0284,0,No
AVRO,1.3.3,lang/java/src/java/org/apache/avro/generic/GenericContainer.java,org/apache/avro/generic/GenericContainer.java,24,1,1,1,0,0,27,27,27,0,0,0,27,27,27,438,438,438,62.0000,7.0284,1,No
AVRO,1.3.3,lang/java/src/java/org/apache/avro/generic/GenericRecord.java,org/apache/avro/generic/GenericRecord.java,26,2,1,2,21,819,33,30,16,6,6,3,39,30,19,754,438,377,61.5000,6.5009,0,No
AVRO,1.3.3,lang/java/src/java/org/apache/avro/generic/GenericArray.java,org/apache/avro/generic/GenericArray.java,31,1,1,1,0,0,37,37,37,0,0,0,37,37,37,438,438,438,62.0000,7.0284,0,No
AVRO,1.3.3,lang/java/src/java/org/apache/avro/generic/GenericFixed.java,org/apache/avro/generic/GenericFixed.java,23,1,1,1,0,0,24,24,24,0,0,0,24,24,24,438,438,438,62.0000,7.0284,1,No
AVRO,1.3.3,lang/java/src/java/org/apache/avro/generic/GenericResponder.java,org/apache/avro/generic/GenericResponder.java,47,2,1,2,50,3050,59,55,29,2,2,1,61,55,30,819,438,409,66.0000,6.6723,1,No
AVRO,1.3.3,lang/java/src/java/org/apache/avro/generic/IndexedRecord.java,org/apache/avro/generic/IndexedRecord.java,25,1,1,1,0,0,26,26,26,0,0,0,26,26,26,457,457,457,72.0000,7.8142,0,No
AVRO,1.3.3,lang/java/src/java/org/apache/avro/generic/GenericRequestor.java,org/apache/avro/generic/GenericRequestor.java,60,2,1,2,50,3500,70,56,35,0,0,0,70,56,35,819,438,409,66.0000,6.6723,4,No
AVRO,1.3.3,lang/java/src/java/org/apache/avro/generic/GenericData.java,org/apache/avro/generic/GenericData.java,456,6,3,6,28,15428,521,489,86,30,14,5,551,489,91,953,438,158,32.8333,4.1791,43,No
AVRO,1.3.3,lang/java/src/java/org/apache/avro/generic/GenericDatumReader.java,org/apache/avro/generic/GenericDatumReader.java,322,6,3,6,142,107352,557,476,92,199,189,33,756,476,126,1037,438,172,35.8333,4.5895,12,No
AVRO,1.3.3,lang/java/src/java/org/apache/avro/generic/GenericDatumWriter.java,org/apache/avro/generic/GenericDatumWriter.java,172,3,2,3,28,5796,202,198,67,5,3,1,207,198,69,834,438,278,51.0000,5.9656,5,No
AVRO,1.3.3,lang/java/src/java/org/apache/avro/ipc/ByteBufferOutputStream.java,org/apache/avro/ipc/ByteBufferOutputStream.java,78,1,1,1,0,0,91,91,91,0,0,0,91,91,91,438,438,438,62.0000,7.0284,6,No
AVRO,1.3.3,lang/java/src/java/org/apache/avro/ipc/RPCContext.java,org/apache/avro/ipc/RPCContext.java,137,2,1,2,50,8150,160,157,80,3,3,1,163,157,81,819,438,409,66.0000,6.6723,11,No
AVRO,1.3.3,lang/java/src/java/org/apache/avro/ipc/HttpServer.java,org/apache/avro/ipc/HttpServer.java,50,1,1,1,0,0,59,59,59,0,0,0,59,59,59,438,438,438,62.0000,7.0284,4,No
AVRO,1.3.3,lang/java/src/java/org/apache/avro/ipc/DatagramServer.java,org/apache/avro/ipc/DatagramServer.java,64,2,1,2,23,1886,81,79,40,1,1,0,82,79,41,771,438,385,63.5000,6.5288,5,No
AVRO,1.3.3,lang/java/src/java/org/apache/avro/ipc/HttpTransceiver.java,org/apache/avro/ipc/HttpTransceiver.java,99,2,1,2,23,2737,116,112,58,3,3,1,119,112,59,771,438,385,63.5000,6.5288,1,No
AVRO,1.3.3,lang/java/src/java/org/apache/avro/ipc/DatagramTransceiver.java,org/apache/avro/ipc/DatagramTransceiver.java,73,2,1,2,23,2001,86,84,43,1,1,0,87,84,43,771,438,385,63.5000,6.5288,3,No
AVRO,1.3.3,lang/java/src/java/org/apache/avro/ipc/LocalTransceiver.java,org/apache/avro/ipc/LocalTransceiver.java,45,1,1,1,0,0,52,52,52,0,0,0,52,52,52,438,438,438,62.0000,7.0284,1,No
AVRO,1.3.3,lang/java/src/java/org/apache/avro/ipc/Transceiver.java,org/apache/avro/ipc/Transceiver.java,35,1,1,1,0,0,44,44,44,0,0,0,44,44,44,438,438,438,62.0000,7.0284,1,No
AVRO,1.3.3,lang/java/src/java/org/apache/avro/ipc/AvroRemoteException.java,org/apache/avro/ipc/AvroRemoteException.java,33,1,1,1,0,0,41,41,41,0,0,0,41,41,41,438,438,438,62.0000,7.0284,2,No
AVRO,1.3.3,lang/java/src/java/org/apache/avro/ipc/RPCPlugin.java,org/apache/avro/ipc/RPCPlugin.java,65,1,1,1,0,0,74,74,74,0,0,0,74,74,74,438,438,438,62.0000,7.0284,0,No
AVRO,1.3.3,lang/java/src/java/org/apache/avro/ipc/SocketTransceiver.java,org/apache/avro/ipc/SocketTransceiver.java,85,2,1,2,23,2323,100,98,50,1,1,0,101,98,50,771,438,385,63.5000,6.5288,5,No
AVRO,1.3.3,lang/java/src/java/org/apache/avro/ipc/ResponderServlet.java,org/apache/avro/ipc/ResponderServlet.java,48,1,1,1,0,0,56,56,56,0,0,0,56,56,56,438,438,438,62.0000,7.0284,1,No
AVRO,1.3.3,lang/java/src/java/org/apache/avro/ipc/Server.java,org/apache/avro/ipc/Server.java,25,1,1,1,0,0,29,29,29,0,0,0,29,29,29,438,438,438,62.0000,7.0284,0,No
AVRO,1.3.3,lang/java/src/java/org/apache/avro/ipc/Requestor.java,org/apache/avro/ipc/Requestor.java,196,3,1,3,50,12150,237,230,79,6,3,2,243,230,81,849,438,283,49.3333,5.5178,14,No
AVRO,1.3.3,lang/java/src/java/org/apache/avro/ipc/SocketServer.java,org/apache/avro/ipc/SocketServer.java,93,2,1,2,23,2622,113,111,56,1,1,0,114,111,57,771,438,385,63.5000,6.5288,15,No
AVRO,1.3.3,lang/java/src/java/org/apache/avro/ipc/ByteBufferInputStream.java,org/apache/avro/ipc/ByteBufferInputStream.java,78,1,1,1,0,0,87,87,87,0,0,0,87,87,87,438,438,438,62.0000,7.0284,3,No
AVRO,1.3.3,lang/java/src/java/org/apache/avro/ipc/stats/FloatHistogram.java,org/apache/avro/ipc/stats/FloatHistogram.java,49,1,1,1,0,0,54,54,54,0,0,0,54,54,54,438,438,438,62.0000,7.0284,4,No
AVRO,1.3.3,lang/java/src/java/org/apache/avro/ipc/stats/Stopwatch.java,org/apache/avro/ipc/stats/Stopwatch.java,66,1,1,1,0,0,74,74,74,0,0,0,74,74,74,438,438,438,62.0000,7.0284,9,No
AVRO,1.3.3,lang/java/src/java/org/apache/avro/ipc/stats/StatsPlugin.java,org/apache/avro/ipc/stats/StatsPlugin.java,108,1,1,1,0,0,121,121,121,0,0,0,121,121,121,438,438,438,62.0000,7.0284,0,No
AVRO,1.3.3,lang/java/src/java/org/apache/avro/ipc/stats/StatsServlet.java,org/apache/avro/ipc/stats/StatsServlet.java,93,1,1,1,0,0,107,107,107,0,0,0,107,107,107,438,438,438,62.0000,7.0284,4,No
AVRO,1.3.3,lang/java/src/java/org/apache/avro/ipc/stats/Histogram.java,org/apache/avro/ipc/stats/Histogram.java,179,1,1,1,0,0,205,205,205,0,0,0,205,205,205,438,438,438,62.0000,7.0284,24,No
AVRO,1.3.3,lang/java/src/java/org/apache/avro/ipc/Responder.java,org/apache/avro/ipc/Responder.java,174,3,1,3,50,11750,221,211,73,14,12,4,235,211,78,849,438,283,49.3333,5.5178,26,No
AVRO,1.3.3,lang/java/src/java/org/apache/avro/AvroRuntimeException.java,org/apache/avro/AvroRuntimeException.java,26,1,1,1,0,0,29,29,29,0,0,0,29,29,29,438,438,438,62.0000,7.0284,1,No
AVRO,1.3.3,lang/java/src/java/org/apache/avro/AvroTypeException.java,org/apache/avro/AvroTypeException.java,25,1,1,1,0,0,29,29,29,0,0,0,29,29,29,438,438,438,62.0000,7.0284,0,No
AVRO,1.3.3,lang/java/src/java/org/apache/avro/tool/JsonToBinaryFragmentTool.java,org/apache/avro/tool/JsonToBinaryFragmentTool.java,70,1,1,1,0,0,77,77,77,0,0,0,77,77,77,438,438,438,62.0000,7.0284,4,No
AVRO,1.3.3,lang/java/src/java/org/apache/avro/tool/Util.java,org/apache/avro/tool/Util.java,65,2,1,2,23,1633,71,57,35,0,0,0,71,57,35,782,438,391,65.5000,6.5455,2,No
AVRO,1.3.3,lang/java/src/java/org/apache/avro/tool/RpcSendTool.java,org/apache/avro/tool/RpcSendTool.java,111,2,1,2,23,3427,136,98,68,13,13,6,149,98,74,782,438,391,65.5000,6.5455,2,No
AVRO,1.3.3,lang/java/src/java/org/apache/avro/tool/DataFileGetSchemaTool.java,org/apache/avro/tool/DataFileGetSchemaTool.java,48,1,1,1,0,0,54,54,54,0,0,0,54,54,54,438,438,438,62.0000,7.0284,1,No
AVRO,1.3.3,lang/java/src/java/org/apache/avro/tool/Tool.java,org/apache/avro/tool/Tool.java,47,2,1,2,1,53,52,51,26,1,1,0,53,51,26,458,438,229,37.5000,4.2396,1,No
AVRO,1.3.3,lang/java/src/java/org/apache/avro/tool/DataFileReadTool.java,org/apache/avro/tool/DataFileReadTool.java,70,1,1,1,0,0,78,78,78,0,0,0,78,78,78,438,438,438,62.0000,7.0284,1,No
AVRO,1.3.3,lang/java/src/java/org/apache/avro/tool/Main.java,org/apache/avro/tool/Main.java,85,3,2,3,7,707,99,81,33,2,2,0,101,81,33,708,438,236,39.0000,4.4607,11,No
AVRO,1.3.3,lang/java/src/java/org/apache/avro/tool/BinaryFragmentToJsonTool.java,org/apache/avro/tool/BinaryFragmentToJsonTool.java,80,2,1,2,38,3382,87,84,43,2,2,1,89,84,44,807,438,403,66.0000,6.6385,4,No
AVRO,1.3.3,lang/java/src/java/org/apache/avro/tool/DataFileWriteTool.java,org/apache/avro/tool/DataFileWriteTool.java,87,2,2,2,10,1080,103,82,51,5,5,2,108,82,54,738,438,369,59.5000,6.1359,4,No
AVRO,1.3.3,lang/java/src/java/org/apache/avro/tool/GenAvroTool.java,org/apache/avro/tool/GenAvroTool.java,67,2,1,2,1,80,79,78,39,1,1,0,80,78,40,458,438,229,37.5000,4.2396,6,No
AVRO,1.3.3,lang/java/src/java/org/apache/avro/tool/RpcReceiveTool.java,org/apache/avro/tool/RpcReceiveTool.java,158,2,1,2,23,4508,186,140,93,10,10,5,196,140,98,782,438,391,65.5000,6.5455,7,No
AVRO,1.4.0,lang/java/src/java/org/apache/avro/specific/SpecificData.java,org/apache/avro/specific/SpecificData.java,177,7,1,7,232,83984,278,258,39,84,43,12,362,258,51,1375,438,196,42.1429,5.7773,12,No
AVRO,1.4.0,lang/java/src/java/org/apache/avro/specific/FixedSize.java,org/apache/avro/specific/FixedSize.java,34,1,1,1,0,0,37,37,37,0,0,0,37,37,37,438,438,438,62.0000,7.0284,0,No
AVRO,1.4.0,lang/java/src/java/org/apache/avro/specific/SpecificResponder.java,org/apache/avro/specific/SpecificResponder.java,89,4,2,4,154,20020,117,109,29,13,8,3,130,109,32,1074,438,268,52.0000,6.1324,3,No
AVRO,1.4.0,lang/java/src/java/org/apache/avro/specific/SpecificRequestor.java,org/apache/avro/specific/SpecificRequestor.java,93,4,2,4,197,24231,116,107,29,7,3,1,123,107,30,1153,438,288,55.0000,6.2490,3,No
AVRO,1.4.0,lang/java/src/java/org/apache/avro/specific/SpecificFixed.java,org/apache/avro/specific/SpecificFixed.java,25,1,1,1,0,0,28,28,28,0,0,0,28,28,28,438,438,438,62.0000,7.0284,0,No
AVRO,1.4.0,lang/java/src/java/org/apache/avro/specific/SchemaTask.java,org/apache/avro/specific/SchemaTask.java,26,1,1,1,0,0,29,29,29,0,0,0,29,29,29,438,438,438,62.0000,7.0284,0,No
AVRO,1.4.0,lang/java/src/java/org/apache/avro/specific/ProtocolTask.java,org/apache/avro/specific/ProtocolTask.java,68,1,1,1,0,0,80,80,80,0,0,0,80,80,80,438,438,438,62.0000,7.0284,4,No
AVRO,1.4.0,lang/java/src/java/org/apache/avro/specific/SpecificRecord.java,org/apache/avro/specific/SpecificRecord.java,23,2,1,2,21,714,30,28,15,4,4,2,34,28,17,754,438,377,61.5000,6.5009,0,No
AVRO,1.4.0,lang/java/src/java/org/apache/avro/specific/SpecificRecordBase.java,org/apache/avro/specific/SpecificRecordBase.java,45,2,1,2,21,1176,55,49,27,1,1,0,56,49,28,754,438,377,61.5000,6.5009,1,No
AVRO,1.4.0,lang/java/src/java/org/apache/avro/specific/SpecificDatumReader.java,org/apache/avro/specific/SpecificDatumReader.java,86,4,1,4,203,27608,118,89,29,18,17,4,136,89,34,1099,438,274,49.7500,6.0247,3,No
AVRO,1.4.0,lang/java/src/java/org/apache/avro/specific/SpecificDatumWriter.java,org/apache/avro/specific/SpecificDatumWriter.java,46,2,1,2,190,12920,62,58,31,6,6,3,68,58,34,965,527,482,74.5000,7.0662,0,No
AVRO,1.4.0,lang/java/src/java/org/apache/avro/specific/SpecificExceptionBase.java,org/apache/avro/specific/SpecificExceptionBase.java,36,2,1,2,21,966,45,44,22,1,1,0,46,44,23,754,438,377,61.5000,6.5009,3,No
AVRO,1.4.0,lang/java/src/java/org/apache/avro/specific/SpecificCompiler.java,org/apache/avro/specific/SpecificCompiler.java,403,10,2,10,230,116150,472,424,47,33,14,3,505,424,50,1457,438,145,34.0000,5.1389,24,No
AVRO,1.4.0,lang/java/src/java/org/apache/avro/SchemaParseException.java,org/apache/avro/SchemaParseException.java,23,1,1,1,0,0,26,26,26,0,0,0,26,26,26,438,438,438,62.0000,7.0284,0,No
AVRO,1.4.0,lang/java/src/java/org/apache/avro/util/WeakIdentityHashMap.java,org/apache/avro/util/WeakIdentityHashMap.java,152,1,1,1,0,0,169,169,169,0,0,0,169,169,169,592,592,592,93.0000,8.2129,21,No
AVRO,1.4.0,lang/java/src/java/org/apache/avro/util/Utf8.java,org/apache/avro/util/Utf8.java,105,5,1,5,210,31500,137,87,27,13,11,2,150,87,30,1243,438,248,49.8000,6.2392,11,No
AVRO,1.4.0,lang/java/src/java/org/apache/avro/file/DataFileReader.java,org/apache/avro/file/DataFileReader.java,155,4,1,4,233,67104,232,149,58,56,51,14,288,149,72,1165,438,291,50.7500,5.8100,8,No
AVRO,1.4.0,lang/java/src/java/org/apache/avro/file/DataFileWriter.java,org/apache/avro/file/DataFileWriter.java,326,9,3,9,224,114688,441,238,49,71,24,7,512,238,56,1437,438,159,34.8889,4.8900,16,No
AVRO,1.4.0,lang/java/src/java/org/apache/avro/file/DataFileConstants.java,org/apache/avro/file/DataFileConstants.java,34,3,2,3,14,644,42,37,14,4,3,1,46,37,15,758,438,252,42.0000,4.4238,10,No
AVRO,1.4.0,lang/java/src/java/org/apache/avro/file/SeekableFileInput.java,org/apache/avro/file/SeekableFileInput.java,31,1,1,1,0,0,37,37,37,0,0,0,37,37,37,438,438,438,62.0000,7.0284,0,No
AVRO,1.4.0,lang/java/src/java/org/apache/avro/file/DeflateCodec.java,org/apache/avro/file/DeflateCodec.java,128,6,2,6,214,69550,235,104,39,90,51,15,325,104,54,1038,464,173,35.5000,4.7851,5,No
AVRO,1.4.0,lang/java/src/java/org/apache/avro/file/DataFileStream.java,org/apache/avro/file/DataFileStream.java,288,9,2,9,224,106400,401,177,44,74,22,8,475,177,52,1436,438,159,34.8889,4.9311,29,No
AVRO,1.4.0,lang/java/src/java/org/apache/avro/file/NullCodec.java,org/apache/avro/file/NullCodec.java,54,5,2,5,28,3192,89,57,17,25,13,5,114,57,22,706,464,141,29.8000,4.2635,2,No
AVRO,1.4.0,lang/java/src/java/org/apache/avro/file/Codec.java,org/apache/avro/file/Codec.java,48,4,2,4,28,2240,65,39,16,15,7,3,80,39,20,684,464,171,34.0000,4.4287,0,No
AVRO,1.4.0,lang/java/src/java/org/apache/avro/file/LengthLimitedInputStream.java,org/apache/avro/file/LengthLimitedInputStream.java,75,1,1,1,0,0,85,85,85,0,0,0,85,85,85,464,464,464,70.0000,6.4068,1,No
AVRO,1.4.0,lang/java/src/java/org/apache/avro/file/CodecFactory.java,org/apache/avro/file/CodecFactory.java,64,2,2,2,28,2128,76,70,38,0,0,0,76,70,38,640,464,320,58.0000,5.1680,0,No
AVRO,1.4.0,lang/java/src/java/org/apache/avro/file/SeekableInput.java,org/apache/avro/file/SeekableInput.java,30,1,1,1,0,0,37,37,37,0,0,0,37,37,37,438,438,438,62.0000,7.0284,0,No
AVRO,1.4.0,lang/java/src/java/org/apache/avro/Schema.java,org/apache/avro/Schema.java,1196,11,3,11,218,332450,1418,913,128,107,53,9,1525,913,138,1320,438,120,26.2727,4.0005,199,No
AVRO,1.4.0,lang/java/src/java/org/apache/avro/Protocol.java,org/apache/avro/Protocol.java,384,4,2,4,121,63888,489,388,122,39,34,9,528,388,132,1034,438,258,48.7500,6.0309,24,No
AVRO,1.4.0,lang/java/src/java/org/apache/avro/reflect/ReflectDatumReader.java,org/apache/avro/reflect/ReflectDatumReader.java,137,4,2,4,225,36225,157,146,39,4,2,1,161,146,40,1191,438,297,57.0000,6.5530,1,No
AVRO,1.4.0,lang/java/src/java/org/apache/avro/reflect/Union.java,org/apache/avro/reflect/Union.java,37,1,1,1,0,0,39,39,39,0,0,0,39,39,39,438,438,438,62.0000,7.0284,0,No
AVRO,1.4.0,lang/java/src/java/org/apache/avro/reflect/ReflectDatumWriter.java,org/apache/avro/reflect/ReflectDatumWriter.java,106,3,1,3,225,30150,128,125,42,6,6,2,134,125,44,1073,559,357,61.3333,6.5754,10,No
AVRO,1.4.0,lang/java/src/java/org/apache/avro/reflect/ReflectResponder.java,org/apache/avro/reflect/ReflectResponder.java,49,3,1,3,210,13860,63,48,21,3,2,1,66,48,22,1025,541,341,56.6667,6.1853,1,No
AVRO,1.4.0,lang/java/src/java/org/apache/avro/reflect/Stringable.java,org/apache/avro/reflect/Stringable.java,32,1,1,1,0,0,34,34,34,0,0,0,34,34,34,438,438,438,62.0000,7.0284,0,No
AVRO,1.4.0,lang/java/src/java/org/apache/avro/reflect/ReflectData.java,org/apache/avro/reflect/ReflectData.java,389,9,2,9,225,114300,469,413,52,39,14,4,508,413,56,1373,438,152,34.7778,5.1789,26,No
AVRO,1.4.0,lang/java/src/java/org/apache/avro/reflect/ReflectRequestor.java,org/apache/avro/reflect/ReflectRequestor.java,64,1,1,1,0,0,76,76,76,0,0,0,76,76,76,438,438,438,62.0000,7.0284,2,No
AVRO,1.4.0,lang/java/src/java/org/apache/avro/reflect/InduceSchemaTool.java,org/apache/avro/reflect/InduceSchemaTool.java,69,2,2,2,7,560,78,77,39,2,2,1,80,77,40,703,438,351,56.5000,5.9853,6,No
AVRO,1.4.0,lang/java/src/java/org/apache/avro/reflect/Nullable.java,org/apache/avro/reflect/Nullable.java,31,1,1,1,0,0,33,33,33,0,0,0,33,33,33,479,479,479,78.0000,7.8489,0,No
AVRO,1.4.0,lang/java/src/java/org/apache/avro/io/ResolvingDecoder.java,org/apache/avro/io/ResolvingDecoder.java,232,12,2,12,97,39576,328,204,27,80,61,6,408,204,34,1180,438,98,21.7500,3.9176,4,No
AVRO,1.4.0,lang/java/src/java/org/apache/avro/io/BinaryDecoder.java,org/apache/avro/io/BinaryDecoder.java,899,4,2,4,38,50426,1155,820,288,172,147,43,1327,967,331,923,438,230,43.5000,4.5740,77,No
AVRO,1.4.0,lang/java/src/java/org/apache/avro/io/BinaryData.java,org/apache/avro/io/BinaryData.java,278,4,2,4,154,55440,327,192,81,33,30,8,360,192,90,1066,438,266,50.7500,6.0305,66,No
AVRO,1.4.0,lang/java/src/java/org/apache/avro/io/Decoder.java,org/apache/avro/io/Decoder.java,258,2,1,2,38,10982,288,280,144,1,1,0,289,280,144,807,438,403,66.0000,6.6385,1,No
AVRO,1.4.0,lang/java/src/java/org/apache/avro/io/ValidatingEncoder.java,org/apache/avro/io/ValidatingEncoder.java,174,5,2,5,14,2954,207,203,41,4,1,0,211,203,42,800,438,160,28.8000,4.3483,5,No
AVRO,1.4.0,lang/java/src/java/org/apache/avro/io/DecoderFactory.java,org/apache/avro/io/DecoderFactory.java,219,1,1,1,0,0,232,232,232,0,0,0,232,232,232,476,476,476,78.0000,7.8393,4,No
AVRO,1.4.0,lang/java/src/java/org/apache/avro/io/ParsingEncoder.java,org/apache/avro/io/ParsingEncoder.java,60,1,1,1,0,0,70,70,70,0,0,0,70,70,70,438,438,438,62.0000,7.0284,1,No
AVRO,1.4.0,lang/java/src/java/org/apache/avro/io/JsonDecoder.java,org/apache/avro/io/JsonDecoder.java,384,6,2,6,38,16720,433,424,72,7,2,1,440,424,73,964,438,160,31.5000,4.2585,11,No
AVRO,1.4.0,lang/java/src/java/org/apache/avro/io/BinaryEncoder.java,org/apache/avro/io/BinaryEncoder.java,215,2,2,2,14,3570,254,251,127,1,1,0,255,251,127,748,438,374,60.0000,6.1564,23,No
AVRO,1.4.0,lang/java/src/java/org/apache/avro/io/BlockingBinaryEncoder.java,org/apache/avro/io/BlockingBinaryEncoder.java,534,2,2,2,17,10829,629,619,314,8,8,4,637,619,318,742,438,371,60.5000,6.4671,59,No
AVRO,1.4.0,lang/java/src/java/org/apache/avro/io/DatumReader.java,org/apache/avro/io/DatumReader.java,31,2,1,2,203,8120,39,38,19,1,1,0,40,38,20,980,542,490,75.5000,7.1097,0,No
AVRO,1.4.0,lang/java/src/java/org/apache/avro/io/ParsingDecoder.java,org/apache/avro/io/ParsingDecoder.java,66,1,1,1,0,0,75,75,75,0,0,0,75,75,75,438,438,438,62.0000,7.0284,1,No
AVRO,1.4.0,lang/java/src/java/org/apache/avro/io/parsing/Parser.java,org/apache/avro/io/parsing/Parser.java,175,6,2,6,3,1146,287,166,47,95,39,15,382,166,63,549,438,91,17.5000,3.3163,19,No
AVRO,1.4.0,lang/java/src/java/org/apache/avro/io/parsing/SkipParser.java,org/apache/avro/io/parsing/SkipParser.java,87,6,2,6,3,348,106,95,17,10,4,1,116,95,19,549,438,91,17.5000,3.3163,6,No
AVRO,1.4.0,lang/java/src/java/org/apache/avro/io/parsing/ValidatingGrammarGenerator.java,org/apache/avro/io/parsing/ValidatingGrammarGenerator.java,125,5,2,5,28,4452,148,139,29,11,4,2,159,139,31,869,438,173,31.8000,4.2022,8,No
AVRO,1.4.0,lang/java/src/java/org/apache/avro/io/parsing/Symbol.java,org/apache/avro/io/parsing/Symbol.java,481,10,2,10,21,13608,599,382,59,49,17,4,648,382,64,910,438,91,18.2000,3.5868,37,No
AVRO,1.4.0,lang/java/src/java/org/apache/avro/io/parsing/JsonGrammarGenerator.java,org/apache/avro/io/parsing/JsonGrammarGenerator.java,93,5,2,5,28,3528,113,102,22,13,4,2,126,102,25,869,438,173,31.8000,4.2022,8,No
AVRO,1.4.0,lang/java/src/java/org/apache/avro/io/parsing/ResolvingGrammarGenerator.java,org/apache/avro/io/parsing/ResolvingGrammarGenerator.java,435,12,2,12,223,125103,513,338,42,48,20,4,561,338,46,1399,438,116,25.2500,4.0827,36,No
AVRO,1.4.0,lang/java/src/java/org/apache/avro/io/ValidatingDecoder.java,org/apache/avro/io/ValidatingDecoder.java,207,7,2,7,210,52080,243,230,34,5,3,0,248,230,35,1103,554,157,27.5714,3.7378,9,No
AVRO,1.4.0,lang/java/src/java/org/apache/avro/io/Encoder.java,org/apache/avro/io/Encoder.java,245,1,1,1,0,0,271,271,271,0,0,0,271,271,271,438,438,438,62.0000,7.0284,1,No
AVRO,1.4.0,lang/java/src/java/org/apache/avro/io/DirectBinaryDecoder.java,org/apache/avro/io/DirectBinaryDecoder.java,179,1,1,1,0,0,203,203,203,0,0,0,203,203,203,476,476,476,78.0000,7.8393,5,No
AVRO,1.4.0,lang/java/src/java/org/apache/avro/io/JsonEncoder.java,org/apache/avro/io/JsonEncoder.java,215,6,2,6,14,3738,256,239,42,11,6,1,267,239,44,808,438,134,24.6667,3.9510,5,No
AVRO,1.4.0,lang/java/src/java/org/apache/avro/io/DatumWriter.java,org/apache/avro/io/DatumWriter.java,30,1,1,1,0,0,36,36,36,0,0,0,36,36,36,438,438,438,62.0000,7.0284,0,No
AVRO,1.4.0,lang/java/src/java/org/apache/avro/mapred/AvroKeyComparator.java,org/apache/avro/mapred/AvroKeyComparator.java,41,3,1,3,111,9102,66,61,22,16,14,5,82,61,27,782,502,260,51.0000,6.5538,0,No
AVRO,1.4.0,lang/java/src/java/org/apache/avro/mapred/Pair.java,org/apache/avro/mapred/Pair.java,424,2,1,2,19,9234,469,453,234,17,17,8,486,453,243,628,564,314,56.0000,6.5677,11,No
AVRO,1.4.0,lang/java/src/java/org/apache/avro/mapred/FsInput.java,org/apache/avro/mapred/FsInput.java,49,1,1,1,0,0,60,60,60,0,0,0,60,60,60,502,502,502,80.0000,7.9219,1,No
AVRO,1.4.0,lang/java/src/java/org/apache/avro/mapred/HadoopCombiner.java,org/apache/avro/mapred/HadoopCombiner.java,52,1,1,1,0,0,62,62,62,0,0,0,62,62,62,564,564,564,88.0000,8.1131,3,No
AVRO,1.4.0,lang/java/src/java/org/apache/avro/mapred/AvroUtf8InputFormat.java,org/apache/avro/mapred/AvroUtf8InputFormat.java,96,2,1,1,72,8424,117,98,58,0,0,0,117,98,58,777,543,388,69.5000,7.4693,8,No
AVRO,1.4.0,lang/java/src/java/org/apache/avro/mapred/HadoopMapper.java,org/apache/avro/mapred/HadoopMapper.java,72,1,1,1,0,0,83,83,83,0,0,0,83,83,83,564,564,564,88.0000,8.1131,3,No
AVRO,1.4.0,lang/java/src/java/org/apache/avro/mapred/AvroSerialization.java,org/apache/avro/mapred/AvroSerialization.java,111,1,1,1,0,0,135,135,135,0,0,0,135,135,135,564,564,564,88.0000,8.1131,12,No
AVRO,1.4.0,lang/java/src/java/org/apache/avro/mapred/AvroKey.java,org/apache/avro/mapred/AvroKey.java,23,1,1,1,0,0,25,25,25,0,0,0,25,25,25,564,564,564,88.0000,8.1131,0,No
AVRO,1.4.0,lang/java/src/java/org/apache/avro/mapred/tether/TetherInputFormat.java,org/apache/avro/mapred/tether/TetherInputFormat.java,49,1,1,1,0,0,58,58,58,0,0,0,58,58,58,542,542,542,87.0000,8.0539,0,No
AVRO,1.4.0,lang/java/src/java/org/apache/avro/mapred/tether/TetherKeySerialization.java,org/apache/avro/mapred/tether/TetherKeySerialization.java,71,1,1,1,0,0,91,91,91,0,0,0,91,91,91,542,542,542,87.0000,8.0539,12,No
AVRO,1.4.0,lang/java/src/java/org/apache/avro/mapred/tether/TetheredProcess.java,org/apache/avro/mapred/tether/TetheredProcess.java,113,2,1,2,34,4488,132,131,66,0,0,0,132,131,66,614,542,307,55.5000,6.4368,8,No
AVRO,1.4.0,lang/java/src/java/org/apache/avro/mapred/tether/TetherPartitioner.java,org/apache/avro/mapred/tether/TetherPartitioner.java,47,1,1,1,0,0,59,59,59,0,0,0,59,59,59,543,543,543,87.0000,8.0584,2,No
AVRO,1.4.0,lang/java/src/java/org/apache/avro/mapred/tether/TetherData.java,org/apache/avro/mapred/tether/TetherData.java,34,1,1,1,0,0,42,42,42,0,0,0,42,42,42,542,542,542,87.0000,8.0539,9,No
AVRO,1.4.0,lang/java/src/java/org/apache/avro/mapred/tether/TetherOutputFormat.java,org/apache/avro/mapred/tether/TetherOutputFormat.java,67,1,1,1,0,0,80,80,80,0,0,0,80,80,80,542,542,542,87.0000,8.0539,4,No
AVRO,1.4.0,lang/java/src/java/org/apache/avro/mapred/tether/TetherRecordReader.java,org/apache/avro/mapred/tether/TetherRecordReader.java,67,1,1,1,0,0,84,84,84,0,0,0,84,84,84,542,542,542,87.0000,8.0539,12,No
AVRO,1.4.0,lang/java/src/java/org/apache/avro/mapred/tether/TetherKeyComparator.java,org/apache/avro/mapred/tether/TetherKeyComparator.java,51,1,1,1,0,0,61,61,61,0,0,0,61,61,61,542,542,542,87.0000,8.0539,1,No
AVRO,1.4.0,lang/java/src/java/org/apache/avro/mapred/tether/TetherReducer.java,org/apache/avro/mapred/tether/TetherReducer.java,73,1,1,1,0,0,82,82,82,0,0,0,82,82,82,542,542,542,87.0000,8.0539,10,No
AVRO,1.4.0,lang/java/src/java/org/apache/avro/mapred/tether/TetherMapRunner.java,org/apache/avro/mapred/tether/TetherMapRunner.java,76,1,1,1,0,0,93,93,93,0,0,0,93,93,93,542,542,542,87.0000,8.0539,14,No
AVRO,1.4.0,lang/java/src/java/org/apache/avro/mapred/tether/TetherOutputService.java,org/apache/avro/mapred/tether/TetherOutputService.java,83,2,1,2,55,6105,106,103,53,5,5,2,111,103,55,695,542,347,62.5000,7.0829,22,No
AVRO,1.4.0,lang/java/src/java/org/apache/avro/mapred/tether/TetherJob.java,org/apache/avro/mapred/tether/TetherJob.java,132,2,1,2,36,5760,158,154,79,2,2,1,160,154,80,650,542,325,57.5000,6.7524,3,No
AVRO,1.4.0,lang/java/src/java/org/apache/avro/mapred/AvroValue.java,org/apache/avro/mapred/AvroValue.java,23,1,1,1,0,0,25,25,25,0,0,0,25,25,25,564,564,564,88.0000,8.1131,0,No
AVRO,1.4.0,lang/java/src/java/org/apache/avro/mapred/AvroOutputFormat.java,org/apache/avro/mapred/AvroOutputFormat.java,84,4,1,4,132,16764,114,87,28,13,9,3,127,87,31,855,502,213,45.2500,6.2129,2,No
AVRO,1.4.0,lang/java/src/java/org/apache/avro/mapred/AvroRecordReader.java,org/apache/avro/mapred/AvroRecordReader.java,65,2,1,2,111,10656,89,86,44,7,7,3,96,86,48,745,502,372,67.5000,7.3649,4,No
AVRO,1.4.0,lang/java/src/java/org/apache/avro/mapred/AvroCollector.java,org/apache/avro/mapred/AvroCollector.java,24,1,1,1,0,0,28,28,28,0,0,0,28,28,28,564,564,564,88.0000,8.1131,0,No
AVRO,1.4.0,lang/java/src/java/org/apache/avro/mapred/HadoopReducer.java,org/apache/avro/mapred/HadoopReducer.java,50,1,1,1,0,0,60,60,60,0,0,0,60,60,60,564,564,564,88.0000,8.1131,3,No
AVRO,1.4.0,lang/java/src/java/org/apache/avro/mapred/AvroInputFormat.java,org/apache/avro/mapred/AvroInputFormat.java,48,1,1,1,0,0,56,56,56,0,0,0,56,56,56,502,502,502,80.0000,7.9219,0,No
AVRO,1.4.0,lang/java/src/java/org/apache/avro/mapred/AvroReducer.java,org/apache/avro/mapred/AvroReducer.java,43,2,1,2,111,14097,89,72,44,38,38,19,127,72,63,745,502,372,67.5000,7.3649,0,No
AVRO,1.4.0,lang/java/src/java/org/apache/avro/mapred/AvroJob.java,org/apache/avro/mapred/AvroJob.java,125,4,1,4,132,37356,216,104,54,67,58,16,283,112,70,855,502,213,45.2500,6.2129,2,No
AVRO,1.4.0,lang/java/src/java/org/apache/avro/mapred/HadoopReducerBase.java,org/apache/avro/mapred/HadoopReducerBase.java,53,1,1,1,0,0,63,63,63,0,0,0,63,63,63,564,564,564,88.0000,8.1131,6,No
AVRO,1.4.0,lang/java/src/java/org/apache/avro/mapred/AvroWrapper.java,org/apache/avro/mapred/AvroWrapper.java,46,2,1,2,111,6438,56,54,28,2,2,1,58,54,29,745,502,372,67.5000,7.3649,3,No
AVRO,1.4.0,lang/java/src/java/org/apache/avro/mapred/AvroMapper.java,org/apache/avro/mapred/AvroMapper.java,34,2,1,2,111,12321,76,66,38,35,35,17,111,66,55,745,502,372,67.5000,7.3649,0,No
AVRO,1.4.0,lang/java/src/java/org/apache/avro/generic/GenericContainer.java,org/apache/avro/generic/GenericContainer.java,24,1,1,1,0,0,27,27,27,0,0,0,27,27,27,438,438,438,62.0000,7.0284,1,No
AVRO,1.4.0,lang/java/src/java/org/apache/avro/generic/GenericRecord.java,org/apache/avro/generic/GenericRecord.java,26,2,1,2,21,819,33,30,16,6,6,3,39,30,19,754,438,377,61.5000,6.5009,0,No
AVRO,1.4.0,lang/java/src/java/org/apache/avro/generic/GenericArray.java,org/apache/avro/generic/GenericArray.java,28,3,1,3,230,12650,44,37,14,11,11,3,55,37,18,1109,438,369,63.3333,6.9242,0,No
AVRO,1.4.0,lang/java/src/java/org/apache/avro/generic/GenericFixed.java,org/apache/avro/generic/GenericFixed.java,23,1,1,1,0,0,24,24,24,0,0,0,24,24,24,438,438,438,62.0000,7.0284,1,No
AVRO,1.4.0,lang/java/src/java/org/apache/avro/generic/GenericResponder.java,org/apache/avro/generic/GenericResponder.java,47,2,1,2,50,3050,59,55,29,2,2,1,61,55,30,819,438,409,66.0000,6.6723,1,No
AVRO,1.4.0,lang/java/src/java/org/apache/avro/generic/IndexedRecord.java,org/apache/avro/generic/IndexedRecord.java,29,2,1,2,168,5712,32,26,16,2,2,1,34,26,17,772,457,386,67.5000,7.5012,0,No
AVRO,1.4.0,lang/java/src/java/org/apache/avro/generic/GenericRequestor.java,org/apache/avro/generic/GenericRequestor.java,64,4,1,4,210,17220,78,56,19,4,2,1,82,56,20,1141,438,285,52.2500,6.1850,4,No
AVRO,1.4.0,lang/java/src/java/org/apache/avro/generic/GenericData.java,org/apache/avro/generic/GenericData.java,486,11,3,11,230,144210,577,489,52,50,14,4,627,489,57,1558,438,141,33.0000,4.9215,50,No
AVRO,1.4.0,lang/java/src/java/org/apache/avro/generic/GenericDatumReader.java,org/apache/avro/generic/GenericDatumReader.java,356,12,3,12,234,202176,630,476,52,234,189,19,864,476,72,1537,438,128,29.9167,4.4918,12,No
AVRO,1.4.0,lang/java/src/java/org/apache/avro/generic/GenericEnumSymbol.java,org/apache/avro/generic/GenericEnumSymbol.java,23,1,1,1,0,0,24,24,24,0,0,0,24,24,24,591,591,591,93.0000,8.2097,1,No
AVRO,1.4.0,lang/java/src/java/org/apache/avro/generic/GenericDatumWriter.java,org/apache/avro/generic/GenericDatumWriter.java,188,6,2,6,230,64860,248,198,41,34,22,5,282,198,47,1314,438,219,45.3333,5.8576,13,No
AVRO,1.4.0,lang/java/src/java/org/apache/avro/ipc/ByteBufferOutputStream.java,org/apache/avro/ipc/ByteBufferOutputStream.java,91,3,1,3,164,20172,114,91,38,9,7,3,123,91,41,963,482,321,54.3333,6.1279,6,No
AVRO,1.4.0,lang/java/src/java/org/apache/avro/ipc/RPCContext.java,org/apache/avro/ipc/RPCContext.java,171,5,1,5,225,55575,221,157,44,26,15,5,247,157,49,1289,438,257,51.4000,6.3804,11,No
AVRO,1.4.0,lang/java/src/java/org/apache/avro/ipc/trace/TracePlugin.java,org/apache/avro/ipc/trace/TracePlugin.java,303,5,2,5,25,10050,373,322,74,29,20,5,402,322,80,787,590,157,34.8000,5.1864,35,No
AVRO,1.4.0,lang/java/src/java/org/apache/avro/ipc/trace/StaticServlet.java,org/apache/avro/ipc/trace/StaticServlet.java,44,1,1,1,0,0,50,50,50,0,0,0,50,50,50,612,612,612,95.0000,8.2672,1,No
AVRO,1.4.0,lang/java/src/java/org/apache/avro/ipc/trace/Util.java,org/apache/avro/ipc/trace/Util.java,200,4,1,4,22,5500,236,169,59,14,13,3,250,169,62,773,590,193,41.0000,5.6341,45,No
AVRO,1.4.0,lang/java/src/java/org/apache/avro/ipc/trace/SpanStorage.java,org/apache/avro/ipc/trace/SpanStorage.java,50,2,1,2,8,456,57,46,28,0,0,0,57,46,28,638,590,319,57.0000,6.1549,0,No
AVRO,1.4.0,lang/java/src/java/org/apache/avro/ipc/trace/FileSpanStorage.java,org/apache/avro/ipc/trace/FileSpanStorage.java,316,1,1,1,0,0,359,359,359,0,0,0,359,359,359,594,594,594,93.0000,8.2244,33,No
AVRO,1.4.0,lang/java/src/java/org/apache/avro/ipc/trace/SpanAggregator.java,org/apache/avro/ipc/trace/SpanAggregator.java,162,3,2,3,20,3700,183,155,61,2,2,0,185,155,61,744,590,248,49.6667,6.2491,24,No
AVRO,1.4.0,lang/java/src/java/org/apache/avro/ipc/trace/TraceNode.java,org/apache/avro/ipc/trace/TraceNode.java,123,2,1,2,18,2754,146,94,73,7,7,3,153,94,76,676,590,338,63.0000,6.7577,4,No
AVRO,1.4.0,lang/java/src/java/org/apache/avro/ipc/trace/TracePluginConfiguration.java,org/apache/avro/ipc/trace/TracePluginConfiguration.java,54,3,1,3,18,1116,60,45,20,2,2,0,62,45,20,686,590,228,44.6667,5.6493,1,No
AVRO,1.4.0,lang/java/src/java/org/apache/avro/ipc/trace/Trace.java,org/apache/avro/ipc/trace/Trace.java,222,3,2,3,18,4554,248,245,82,5,3,1,253,245,84,683,590,227,44.6667,5.8246,17,No
AVRO,1.4.0,lang/java/src/java/org/apache/avro/ipc/trace/TraceClientServlet.java,org/apache/avro/ipc/trace/TraceClientServlet.java,231,2,1,2,18,4986,265,198,132,12,12,6,277,210,138,676,590,338,63.0000,6.7577,17,No
AVRO,1.4.0,lang/java/src/java/org/apache/avro/ipc/trace/TraceCollection.java,org/apache/avro/ipc/trace/TraceCollection.java,271,2,1,2,3,1068,331,281,165,25,25,12,356,281,178,699,612,349,62.5000,6.9279,28,No
AVRO,1.4.0,lang/java/src/java/org/apache/avro/ipc/trace/InMemorySpanStorage.java,org/apache/avro/ipc/trace/InMemorySpanStorage.java,69,2,1,2,8,640,79,68,39,1,1,0,80,68,40,638,590,319,57.0000,6.1549,1,No
AVRO,1.4.0,lang/java/src/java/org/apache/avro/ipc/HttpServer.java,org/apache/avro/ipc/HttpServer.java,61,2,1,2,188,16544,80,59,40,8,8,4,88,59,44,951,513,475,74.0000,7.0458,4,No
AVRO,1.4.0,lang/java/src/java/org/apache/avro/ipc/DatagramServer.java,org/apache/avro/ipc/DatagramServer.java,64,3,1,3,188,15792,82,79,27,2,1,0,84,79,28,1063,438,354,62.6667,6.7153,4,No
AVRO,1.4.0,lang/java/src/java/org/apache/avro/ipc/HttpTransceiver.java,org/apache/avro/ipc/HttpTransceiver.java,93,3,1,3,121,16940,123,112,41,17,14,5,140,112,46,989,438,329,58.6667,6.5192,1,No
AVRO,1.4.0,lang/java/src/java/org/apache/avro/ipc/DatagramTransceiver.java,org/apache/avro/ipc/DatagramTransceiver.java,73,2,1,2,23,2001,86,84,43,1,1,0,87,84,43,771,438,385,63.5000,6.5288,3,No
AVRO,1.4.0,lang/java/src/java/org/apache/avro/ipc/NettyTransportCodec.java,org/apache/avro/ipc/NettyTransportCodec.java,153,2,1,1,56,10248,183,165,91,0,0,0,183,165,91,761,552,380,69.5000,7.4015,9,No
AVRO,1.4.0,lang/java/src/java/org/apache/avro/ipc/LocalTransceiver.java,org/apache/avro/ipc/LocalTransceiver.java,45,1,1,1,0,0,52,52,52,0,0,0,52,52,52,438,438,438,62.0000,7.0284,1,No
AVRO,1.4.0,lang/java/src/java/org/apache/avro/ipc/Transceiver.java,org/apache/avro/ipc/Transceiver.java,59,2,1,2,121,8954,73,44,36,1,1,0,74,44,37,887,449,443,69.5000,6.8930,1,No
AVRO,1.4.0,lang/java/src/java/org/apache/avro/ipc/NettyTransceiver.java,org/apache/avro/ipc/NettyTransceiver.java,227,1,1,1,0,0,264,264,264,0,0,0,264,264,264,552,552,552,87.0000,8.0908,17,No
AVRO,1.4.0,lang/java/src/java/org/apache/avro/ipc/AvroRemoteException.java,org/apache/avro/ipc/AvroRemoteException.java,33,1,1,1,0,0,41,41,41,0,0,0,41,41,41,438,438,438,62.0000,7.0284,2,No
AVRO,1.4.0,lang/java/src/java/org/apache/avro/ipc/RPCPlugin.java,org/apache/avro/ipc/RPCPlugin.java,65,2,1,2,164,13776,80,74,40,4,4,2,84,74,42,942,504,471,73.5000,7.0189,0,No
AVRO,1.4.0,lang/java/src/java/org/apache/avro/ipc/SocketTransceiver.java,org/apache/avro/ipc/SocketTransceiver.java,96,4,1,4,164,19516,117,98,29,2,1,0,119,98,29,1117,438,279,53.0000,6.4346,5,No
AVRO,1.4.0,lang/java/src/java/org/apache/avro/ipc/ResponderServlet.java,org/apache/avro/ipc/ResponderServlet.java,48,1,1,1,0,0,56,56,56,0,0,0,56,56,56,438,438,438,62.0000,7.0284,1,No
AVRO,1.4.0,lang/java/src/java/org/apache/avro/ipc/Server.java,org/apache/avro/ipc/Server.java,29,2,1,2,188,6580,35,29,17,0,0,0,35,29,17,951,513,475,74.0000,7.0458,0,No
AVRO,1.4.0,lang/java/src/java/org/apache/avro/ipc/Requestor.java,org/apache/avro/ipc/Requestor.java,212,8,2,8,225,72225,286,230,35,35,12,4,321,230,40,1389,438,173,38.3750,5.5678,15,No
AVRO,1.4.0,lang/java/src/java/org/apache/avro/ipc/NettyServer.java,org/apache/avro/ipc/NettyServer.java,133,3,1,3,18,3582,175,148,58,24,23,8,199,148,66,581,552,193,33.3333,4.0508,8,No
AVRO,1.4.0,lang/java/src/java/org/apache/avro/ipc/SocketServer.java,org/apache/avro/ipc/SocketServer.java,92,4,1,4,188,21996,114,111,28,3,1,0,117,111,29,1144,438,286,54.0000,6.4740,14,No
AVRO,1.4.0,lang/java/src/java/org/apache/avro/ipc/ByteBufferInputStream.java,org/apache/avro/ipc/ByteBufferInputStream.java,78,1,1,1,0,0,87,87,87,0,0,0,87,87,87,438,438,438,62.0000,7.0284,3,No
AVRO,1.4.0,lang/java/src/java/org/apache/avro/ipc/stats/StatsServer.java,org/apache/avro/ipc/stats/StatsServer.java,48,1,1,1,0,0,54,54,54,0,0,0,54,54,54,575,575,575,90.0000,8.1522,2,No
AVRO,1.4.0,lang/java/src/java/org/apache/avro/ipc/stats/StaticServlet.java,org/apache/avro/ipc/stats/StaticServlet.java,41,2,1,2,25,1150,46,28,23,0,0,0,46,28,23,667,575,333,62.0000,6.8171,1,No
AVRO,1.4.0,lang/java/src/java/org/apache/avro/ipc/stats/FloatHistogram.java,org/apache/avro/ipc/stats/FloatHistogram.java,49,1,1,1,0,0,54,54,54,0,0,0,54,54,54,438,438,438,62.0000,7.0284,4,No
AVRO,1.4.0,lang/java/src/java/org/apache/avro/ipc/stats/Stopwatch.java,org/apache/avro/ipc/stats/Stopwatch.java,66,1,1,1,0,0,74,74,74,0,0,0,74,74,74,438,438,438,62.0000,7.0284,9,No
AVRO,1.4.0,lang/java/src/java/org/apache/avro/ipc/stats/StatsPlugin.java,org/apache/avro/ipc/stats/StatsPlugin.java,199,4,2,4,197,100076,367,121,91,141,117,35,508,129,127,1017,515,254,43.0000,5.1295,2,No
AVRO,1.4.0,lang/java/src/java/org/apache/avro/ipc/stats/StatsServlet.java,org/apache/avro/ipc/stats/StatsServlet.java,231,4,2,4,197,169026,562,209,140,296,206,74,858,254,214,1017,515,254,43.0000,5.1295,45,No
AVRO,1.4.0,lang/java/src/java/org/apache/avro/ipc/stats/IntegerHistogram.java,org/apache/avro/ipc/stats/IntegerHistogram.java,50,1,1,1,0,0,55,55,55,0,0,0,55,55,55,546,546,546,87.0000,8.0702,4,No
AVRO,1.4.0,lang/java/src/java/org/apache/avro/ipc/stats/Histogram.java,org/apache/avro/ipc/stats/Histogram.java,234,2,2,2,163,45151,272,205,136,5,5,2,277,205,138,940,502,470,73.5000,7.0139,31,No
AVRO,1.4.0,lang/java/src/java/org/apache/avro/ipc/Responder.java,org/apache/avro/ipc/Responder.java,199,8,1,8,225,71100,277,211,34,39,12,4,316,211,39,1374,438,171,36.8750,5.1556,34,No
AVRO,1.4.0,lang/java/src/java/org/apache/avro/AvroRuntimeException.java,org/apache/avro/AvroRuntimeException.java,26,1,1,1,0,0,29,29,29,0,0,0,29,29,29,438,438,438,62.0000,7.0284,1,No
AVRO,1.4.0,lang/java/src/java/org/apache/avro/AvroTypeException.java,org/apache/avro/AvroTypeException.java,25,1,1,1,0,0,29,29,29,0,0,0,29,29,29,438,438,438,62.0000,7.0284,0,No
AVRO,1.4.0,lang/java/src/java/org/apache/avro/tool/JsonToBinaryFragmentTool.java,org/apache/avro/tool/JsonToBinaryFragmentTool.java,71,2,1,2,210,16380,78,77,39,0,0,0,78,77,39,998,560,499,77.0000,7.1631,4,No
AVRO,1.4.0,lang/java/src/java/org/apache/avro/tool/Util.java,org/apache/avro/tool/Util.java,112,3,1,3,157,20567,125,57,41,6,6,2,131,60,43,1033,438,344,60.6667,6.6644,7,No
AVRO,1.4.0,lang/java/src/java/org/apache/avro/tool/IdlTool.java,org/apache/avro/tool/IdlTool.java,68,2,1,2,61,5429,84,78,42,5,5,2,89,78,44,692,545,346,62.0000,7.0767,5,No
AVRO,1.4.0,lang/java/src/java/org/apache/avro/tool/FromTextTool.java,org/apache/avro/tool/FromTextTool.java,83,1,1,1,0,0,99,99,99,0,0,0,99,99,99,545,545,545,87.0000,8.0666,5,No
AVRO,1.4.0,lang/java/src/java/org/apache/avro/tool/RpcSendTool.java,org/apache/avro/tool/RpcSendTool.java,111,2,1,2,23,3427,136,98,68,13,13,6,149,98,74,782,438,391,65.5000,6.5455,2,No
AVRO,1.4.0,lang/java/src/java/org/apache/avro/tool/ToTextTool.java,org/apache/avro/tool/ToTextTool.java,74,1,1,1,0,0,88,88,88,0,0,0,88,88,88,545,545,545,87.0000,8.0666,2,No
AVRO,1.4.0,lang/java/src/java/org/apache/avro/tool/DataFileGetSchemaTool.java,org/apache/avro/tool/DataFileGetSchemaTool.java,48,1,1,1,0,0,54,54,54,0,0,0,54,54,54,438,438,438,62.0000,7.0284,1,No
AVRO,1.4.0,lang/java/src/java/org/apache/avro/tool/Tool.java,org/apache/avro/tool/Tool.java,47,2,1,2,1,53,52,51,26,1,1,0,53,51,26,458,438,229,37.5000,4.2396,1,No
AVRO,1.4.0,lang/java/src/java/org/apache/avro/tool/DataFileReadTool.java,org/apache/avro/tool/DataFileReadTool.java,70,1,1,1,0,0,78,78,78,0,0,0,78,78,78,438,438,438,62.0000,7.0284,1,No
AVRO,1.4.0,lang/java/src/java/org/apache/avro/tool/Main.java,org/apache/avro/tool/Main.java,89,6,2,6,157,17427,106,81,17,5,2,0,111,81,18,1060,438,176,32.6667,4.0535,11,No
AVRO,1.4.0,lang/java/src/java/org/apache/avro/tool/BinaryFragmentToJsonTool.java,org/apache/avro/tool/BinaryFragmentToJsonTool.java,80,2,1,2,38,3382,87,84,43,2,2,1,89,84,44,807,438,403,66.0000,6.6385,4,No
AVRO,1.4.0,lang/java/src/java/org/apache/avro/tool/DataFileWriteTool.java,org/apache/avro/tool/DataFileWriteTool.java,87,2,2,2,10,1080,103,82,51,5,5,2,108,82,54,738,438,369,59.5000,6.1359,4,No
AVRO,1.4.0,lang/java/src/java/org/apache/avro/tool/RpcReceiveTool.java,org/apache/avro/tool/RpcReceiveTool.java,159,3,1,3,188,37036,187,140,62,10,10,3,197,140,65,1065,438,355,62.6667,6.7149,7,No
AVRO,1.4.1,lang/java/src/java/org/apache/avro/specific/SpecificData.java,org/apache/avro/specific/SpecificData.java,177,7,1,7,232,83984,278,258,39,84,43,12,362,258,51,1375,438,196,42.1429,5.7773,12,No
AVRO,1.4.1,lang/java/src/java/org/apache/avro/specific/FixedSize.java,org/apache/avro/specific/FixedSize.java,34,1,1,1,0,0,37,37,37,0,0,0,37,37,37,438,438,438,62.0000,7.0284,0,No
AVRO,1.4.1,lang/java/src/java/org/apache/avro/specific/SpecificResponder.java,org/apache/avro/specific/SpecificResponder.java,89,4,2,4,154,20020,117,109,29,13,8,3,130,109,32,1074,438,268,52.0000,6.1324,3,No
AVRO,1.4.1,lang/java/src/java/org/apache/avro/specific/SpecificRequestor.java,org/apache/avro/specific/SpecificRequestor.java,93,4,2,4,197,24231,116,107,29,7,3,1,123,107,30,1153,438,288,55.0000,6.2490,3,No
AVRO,1.4.1,lang/java/src/java/org/apache/avro/specific/SpecificFixed.java,org/apache/avro/specific/SpecificFixed.java,25,1,1,1,0,0,28,28,28,0,0,0,28,28,28,438,438,438,62.0000,7.0284,0,No
AVRO,1.4.1,lang/java/src/java/org/apache/avro/specific/SchemaTask.java,org/apache/avro/specific/SchemaTask.java,26,1,1,1,0,0,29,29,29,0,0,0,29,29,29,438,438,438,62.0000,7.0284,0,No
AVRO,1.4.1,lang/java/src/java/org/apache/avro/specific/ProtocolTask.java,org/apache/avro/specific/ProtocolTask.java,68,1,1,1,0,0,80,80,80,0,0,0,80,80,80,438,438,438,62.0000,7.0284,4,No
AVRO,1.4.1,lang/java/src/java/org/apache/avro/specific/SpecificRecord.java,org/apache/avro/specific/SpecificRecord.java,23,2,1,2,21,714,30,28,15,4,4,2,34,28,17,754,438,377,61.5000,6.5009,0,No
AVRO,1.4.1,lang/java/src/java/org/apache/avro/specific/SpecificRecordBase.java,org/apache/avro/specific/SpecificRecordBase.java,45,2,1,2,21,1176,55,49,27,1,1,0,56,49,28,754,438,377,61.5000,6.5009,1,No
AVRO,1.4.1,lang/java/src/java/org/apache/avro/specific/SpecificDatumReader.java,org/apache/avro/specific/SpecificDatumReader.java,86,4,1,4,203,27608,118,89,29,18,17,4,136,89,34,1099,438,274,49.7500,6.0247,3,No
AVRO,1.4.1,lang/java/src/java/org/apache/avro/specific/SpecificDatumWriter.java,org/apache/avro/specific/SpecificDatumWriter.java,46,2,1,2,190,12920,62,58,31,6,6,3,68,58,34,965,527,482,74.5000,7.0662,0,No
AVRO,1.4.1,lang/java/src/java/org/apache/avro/specific/SpecificExceptionBase.java,org/apache/avro/specific/SpecificExceptionBase.java,36,2,1,2,21,966,45,44,22,1,1,0,46,44,23,754,438,377,61.5000,6.5009,3,No
AVRO,1.4.1,lang/java/src/java/org/apache/avro/specific/SpecificCompiler.java,org/apache/avro/specific/SpecificCompiler.java,403,10,2,10,230,116150,472,424,47,33,14,3,505,424,50,1457,438,145,34.0000,5.1389,24,No
AVRO,1.4.1,lang/java/src/java/org/apache/avro/SchemaParseException.java,org/apache/avro/SchemaParseException.java,23,1,1,1,0,0,26,26,26,0,0,0,26,26,26,438,438,438,62.0000,7.0284,0,No
AVRO,1.4.1,lang/java/src/java/org/apache/avro/util/WeakIdentityHashMap.java,org/apache/avro/util/WeakIdentityHashMap.java,152,1,1,1,0,0,169,169,169,0,0,0,169,169,169,592,592,592,93.0000,8.2129,21,No
AVRO,1.4.1,lang/java/src/java/org/apache/avro/util/Utf8.java,org/apache/avro/util/Utf8.java,113,6,1,6,252,42336,150,87,25,18,11,3,168,87,28,1431,438,238,50.0000,6.2512,8,No
AVRO,1.4.1,lang/java/src/java/org/apache/avro/file/DataFileReader.java,org/apache/avro/file/DataFileReader.java,157,5,1,5,248,72664,236,149,47,57,51,11,293,149,58,1192,438,238,43.8000,5.3715,8,No
AVRO,1.4.1,lang/java/src/java/org/apache/avro/file/DataFileWriter.java,org/apache/avro/file/DataFileWriter.java,326,9,3,9,224,114688,441,238,49,71,24,7,512,238,56,1437,438,159,34.8889,4.8900,16,No
AVRO,1.4.1,lang/java/src/java/org/apache/avro/file/FileReader.java,org/apache/avro/file/FileReader.java,41,1,1,1,0,0,49,49,49,0,0,0,49,49,49,640,640,640,99.0000,8.3398,0,No
AVRO,1.4.1,lang/java/src/java/org/apache/avro/file/DataFileConstants.java,org/apache/avro/file/DataFileConstants.java,34,3,2,3,14,644,42,37,14,4,3,1,46,37,15,758,438,252,42.0000,4.4238,10,No
AVRO,1.4.1,lang/java/src/java/org/apache/avro/file/SeekableFileInput.java,org/apache/avro/file/SeekableFileInput.java,31,1,1,1,0,0,37,37,37,0,0,0,37,37,37,438,438,438,62.0000,7.0284,0,No
AVRO,1.4.1,lang/java/src/java/org/apache/avro/file/DeflateCodec.java,org/apache/avro/file/DeflateCodec.java,128,6,2,6,214,69550,235,104,39,90,51,15,325,104,54,1038,464,173,35.5000,4.7851,5,No
AVRO,1.4.1,lang/java/src/java/org/apache/avro/file/DataFileStream.java,org/apache/avro/file/DataFileStream.java,288,9,2,9,224,106400,401,177,44,74,22,8,475,177,52,1436,438,159,34.8889,4.9311,29,No
AVRO,1.4.1,lang/java/src/java/org/apache/avro/file/NullCodec.java,org/apache/avro/file/NullCodec.java,54,5,2,5,28,3192,89,57,17,25,13,5,114,57,22,706,464,141,29.8000,4.2635,2,No
AVRO,1.4.1,lang/java/src/java/org/apache/avro/file/Codec.java,org/apache/avro/file/Codec.java,48,4,2,4,28,2240,65,39,16,15,7,3,80,39,20,684,464,171,34.0000,4.4287,0,No
AVRO,1.4.1,lang/java/src/java/org/apache/avro/file/LengthLimitedInputStream.java,org/apache/avro/file/LengthLimitedInputStream.java,75,1,1,1,0,0,85,85,85,0,0,0,85,85,85,464,464,464,70.0000,6.4068,1,No
AVRO,1.4.1,lang/java/src/java/org/apache/avro/file/CodecFactory.java,org/apache/avro/file/CodecFactory.java,64,2,2,2,28,2128,76,70,38,0,0,0,76,70,38,640,464,320,58.0000,5.1680,0,No
AVRO,1.4.1,lang/java/src/java/org/apache/avro/file/SeekableInput.java,org/apache/avro/file/SeekableInput.java,30,1,1,1,0,0,37,37,37,0,0,0,37,37,37,438,438,438,62.0000,7.0284,0,No
AVRO,1.4.1,lang/java/src/java/org/apache/avro/Schema.java,org/apache/avro/Schema.java,1209,12,3,12,244,376736,1434,913,119,110,53,9,1544,913,128,1467,438,122,27.7500,4.1558,200,No
AVRO,1.4.1,lang/java/src/java/org/apache/avro/Protocol.java,org/apache/avro/Protocol.java,384,4,2,4,121,63888,489,388,122,39,34,9,528,388,132,1034,438,258,48.7500,6.0309,24,No
AVRO,1.4.1,lang/java/src/java/org/apache/avro/reflect/ReflectDatumReader.java,org/apache/avro/reflect/ReflectDatumReader.java,137,4,2,4,225,36225,157,146,39,4,2,1,161,146,40,1191,438,297,57.0000,6.5530,1,No
AVRO,1.4.1,lang/java/src/java/org/apache/avro/reflect/Union.java,org/apache/avro/reflect/Union.java,37,1,1,1,0,0,39,39,39,0,0,0,39,39,39,438,438,438,62.0000,7.0284,0,No
AVRO,1.4.1,lang/java/src/java/org/apache/avro/reflect/ReflectDatumWriter.java,org/apache/avro/reflect/ReflectDatumWriter.java,106,3,1,3,225,30150,128,125,42,6,6,2,134,125,44,1073,559,357,61.3333,6.5754,10,No
AVRO,1.4.1,lang/java/src/java/org/apache/avro/reflect/ReflectResponder.java,org/apache/avro/reflect/ReflectResponder.java,49,3,1,3,210,13860,63,48,21,3,2,1,66,48,22,1025,541,341,56.6667,6.1853,1,No
AVRO,1.4.1,lang/java/src/java/org/apache/avro/reflect/Stringable.java,org/apache/avro/reflect/Stringable.java,32,1,1,1,0,0,34,34,34,0,0,0,34,34,34,438,438,438,62.0000,7.0284,0,No
AVRO,1.4.1,lang/java/src/java/org/apache/avro/reflect/ReflectData.java,org/apache/avro/reflect/ReflectData.java,389,9,2,9,225,114300,469,413,52,39,14,4,508,413,56,1373,438,152,34.7778,5.1789,26,No
AVRO,1.4.1,lang/java/src/java/org/apache/avro/reflect/ReflectRequestor.java,org/apache/avro/reflect/ReflectRequestor.java,64,1,1,1,0,0,76,76,76,0,0,0,76,76,76,438,438,438,62.0000,7.0284,2,No
AVRO,1.4.1,lang/java/src/java/org/apache/avro/reflect/InduceSchemaTool.java,org/apache/avro/reflect/InduceSchemaTool.java,69,2,2,2,7,560,78,77,39,2,2,1,80,77,40,703,438,351,56.5000,5.9853,6,No
AVRO,1.4.1,lang/java/src/java/org/apache/avro/reflect/Nullable.java,org/apache/avro/reflect/Nullable.java,31,1,1,1,0,0,33,33,33,0,0,0,33,33,33,479,479,479,78.0000,7.8489,0,No
AVRO,1.4.1,lang/java/src/java/org/apache/avro/io/ResolvingDecoder.java,org/apache/avro/io/ResolvingDecoder.java,232,12,2,12,97,39576,328,204,27,80,61,6,408,204,34,1180,438,98,21.7500,3.9176,4,No
AVRO,1.4.1,lang/java/src/java/org/apache/avro/io/BinaryDecoder.java,org/apache/avro/io/BinaryDecoder.java,899,4,2,4,38,50426,1155,820,288,172,147,43,1327,967,331,923,438,230,43.5000,4.5740,77,No
AVRO,1.4.1,lang/java/src/java/org/apache/avro/io/BinaryData.java,org/apache/avro/io/BinaryData.java,278,4,2,4,154,55440,327,192,81,33,30,8,360,192,90,1066,438,266,50.7500,6.0305,66,No
AVRO,1.4.1,lang/java/src/java/org/apache/avro/io/Decoder.java,org/apache/avro/io/Decoder.java,258,2,1,2,38,10982,288,280,144,1,1,0,289,280,144,807,438,403,66.0000,6.6385,1,No
AVRO,1.4.1,lang/java/src/java/org/apache/avro/io/ValidatingEncoder.java,org/apache/avro/io/ValidatingEncoder.java,184,6,2,6,252,56196,219,203,36,4,1,0,223,203,37,1241,441,206,37.0000,4.6032,5,No
AVRO,1.4.1,lang/java/src/java/org/apache/avro/io/DecoderFactory.java,org/apache/avro/io/DecoderFactory.java,219,1,1,1,0,0,232,232,232,0,0,0,232,232,232,476,476,476,78.0000,7.8393,4,No
AVRO,1.4.1,lang/java/src/java/org/apache/avro/io/ParsingEncoder.java,org/apache/avro/io/ParsingEncoder.java,60,1,1,1,0,0,70,70,70,0,0,0,70,70,70,438,438,438,62.0000,7.0284,1,No
AVRO,1.4.1,lang/java/src/java/org/apache/avro/io/JsonDecoder.java,org/apache/avro/io/JsonDecoder.java,384,6,2,6,38,16720,433,424,72,7,2,1,440,424,73,964,438,160,31.5000,4.2585,11,No
AVRO,1.4.1,lang/java/src/java/org/apache/avro/io/BinaryEncoder.java,org/apache/avro/io/BinaryEncoder.java,223,3,2,3,252,68292,267,251,89,4,3,1,271,251,90,1189,441,396,66.0000,6.0634,23,No
AVRO,1.4.1,lang/java/src/java/org/apache/avro/io/BlockingBinaryEncoder.java,org/apache/avro/io/BlockingBinaryEncoder.java,540,3,2,3,252,164052,639,619,213,12,8,4,651,619,217,1156,438,385,65.3333,6.8626,59,No
AVRO,1.4.1,lang/java/src/java/org/apache/avro/io/DatumReader.java,org/apache/avro/io/DatumReader.java,31,2,1,2,203,8120,39,38,19,1,1,0,40,38,20,980,542,490,75.5000,7.1097,0,No
AVRO,1.4.1,lang/java/src/java/org/apache/avro/io/ParsingDecoder.java,org/apache/avro/io/ParsingDecoder.java,66,1,1,1,0,0,75,75,75,0,0,0,75,75,75,438,438,438,62.0000,7.0284,1,No
AVRO,1.4.1,lang/java/src/java/org/apache/avro/io/parsing/Parser.java,org/apache/avro/io/parsing/Parser.java,175,6,2,6,3,1146,287,166,47,95,39,15,382,166,63,549,438,91,17.5000,3.3163,19,No
AVRO,1.4.1,lang/java/src/java/org/apache/avro/io/parsing/SkipParser.java,org/apache/avro/io/parsing/SkipParser.java,87,6,2,6,3,348,106,95,17,10,4,1,116,95,19,549,438,91,17.5000,3.3163,6,No
AVRO,1.4.1,lang/java/src/java/org/apache/avro/io/parsing/ValidatingGrammarGenerator.java,org/apache/avro/io/parsing/ValidatingGrammarGenerator.java,125,5,2,5,28,4452,148,139,29,11,4,2,159,139,31,869,438,173,31.8000,4.2022,8,No
AVRO,1.4.1,lang/java/src/java/org/apache/avro/io/parsing/Symbol.java,org/apache/avro/io/parsing/Symbol.java,481,10,2,10,21,13608,599,382,59,49,17,4,648,382,64,910,438,91,18.2000,3.5868,37,No
AVRO,1.4.1,lang/java/src/java/org/apache/avro/io/parsing/JsonGrammarGenerator.java,org/apache/avro/io/parsing/JsonGrammarGenerator.java,93,5,2,5,28,3528,113,102,22,13,4,2,126,102,25,869,438,173,31.8000,4.2022,8,No
AVRO,1.4.1,lang/java/src/java/org/apache/avro/io/parsing/ResolvingGrammarGenerator.java,org/apache/avro/io/parsing/ResolvingGrammarGenerator.java,435,12,2,12,223,125103,513,338,42,48,20,4,561,338,46,1399,438,116,25.2500,4.0827,36,No
AVRO,1.4.1,lang/java/src/java/org/apache/avro/io/ValidatingDecoder.java,org/apache/avro/io/ValidatingDecoder.java,207,7,2,7,210,52080,243,230,34,5,3,0,248,230,35,1103,554,157,27.5714,3.7378,9,No
AVRO,1.4.1,lang/java/src/java/org/apache/avro/io/Encoder.java,org/apache/avro/io/Encoder.java,260,2,1,2,252,72828,288,271,144,1,1,0,289,271,144,1050,612,525,80.0000,7.3045,1,No
AVRO,1.4.1,lang/java/src/java/org/apache/avro/io/DirectBinaryDecoder.java,org/apache/avro/io/DirectBinaryDecoder.java,179,1,1,1,0,0,203,203,203,0,0,0,203,203,203,476,476,476,78.0000,7.8393,5,No
AVRO,1.4.1,lang/java/src/java/org/apache/avro/io/JsonEncoder.java,org/apache/avro/io/JsonEncoder.java,219,7,2,7,252,69552,263,239,37,13,6,1,276,239,39,1249,441,178,32.2857,4.2262,5,No
AVRO,1.4.1,lang/java/src/java/org/apache/avro/io/DatumWriter.java,org/apache/avro/io/DatumWriter.java,30,1,1,1,0,0,36,36,36,0,0,0,36,36,36,438,438,438,62.0000,7.0284,0,No
AVRO,1.4.1,lang/java/src/java/org/apache/avro/mapred/AvroKeyComparator.java,org/apache/avro/mapred/AvroKeyComparator.java,41,3,1,3,111,9102,66,61,22,16,14,5,82,61,27,782,502,260,51.0000,6.5538,0,No
AVRO,1.4.1,lang/java/src/java/org/apache/avro/mapred/SequenceFileRecordReader.java,org/apache/avro/mapred/SequenceFileRecordReader.java,29,1,1,1,0,0,36,36,36,0,0,0,36,36,36,640,640,640,99.0000,8.3398,0,No
AVRO,1.4.1,lang/java/src/java/org/apache/avro/mapred/Pair.java,org/apache/avro/mapred/Pair.java,424,2,1,2,19,9234,469,453,234,17,17,8,486,453,243,628,564,314,56.0000,6.5677,11,No
AVRO,1.4.1,lang/java/src/java/org/apache/avro/mapred/FsInput.java,org/apache/avro/mapred/FsInput.java,49,1,1,1,0,0,60,60,60,0,0,0,60,60,60,502,502,502,80.0000,7.9219,1,No
AVRO,1.4.1,lang/java/src/java/org/apache/avro/mapred/HadoopCombiner.java,org/apache/avro/mapred/HadoopCombiner.java,52,1,1,1,0,0,62,62,62,0,0,0,62,62,62,564,564,564,88.0000,8.1131,3,No
AVRO,1.4.1,lang/java/src/java/org/apache/avro/mapred/AvroUtf8InputFormat.java,org/apache/avro/mapred/AvroUtf8InputFormat.java,96,2,1,1,72,8424,117,98,58,0,0,0,117,98,58,777,543,388,69.5000,7.4693,8,No
AVRO,1.4.1,lang/java/src/java/org/apache/avro/mapred/HadoopMapper.java,org/apache/avro/mapred/HadoopMapper.java,72,1,1,1,0,0,83,83,83,0,0,0,83,83,83,564,564,564,88.0000,8.1131,3,No
AVRO,1.4.1,lang/java/src/java/org/apache/avro/mapred/AvroSerialization.java,org/apache/avro/mapred/AvroSerialization.java,111,1,1,1,0,0,135,135,135,0,0,0,135,135,135,564,564,564,88.0000,8.1131,12,No
AVRO,1.4.1,lang/java/src/java/org/apache/avro/mapred/SequenceFileReader.java,org/apache/avro/mapred/SequenceFileReader.java,213,1,1,1,0,0,247,247,247,0,0,0,247,247,247,640,640,640,99.0000,8.3398,13,No
AVRO,1.4.1,lang/java/src/java/org/apache/avro/mapred/AvroKey.java,org/apache/avro/mapred/AvroKey.java,23,1,1,1,0,0,25,25,25,0,0,0,25,25,25,564,564,564,88.0000,8.1131,0,No
AVRO,1.4.1,lang/java/src/java/org/apache/avro/mapred/tether/TetherInputFormat.java,org/apache/avro/mapred/tether/TetherInputFormat.java,49,1,1,1,0,0,58,58,58,0,0,0,58,58,58,542,542,542,87.0000,8.0539,0,No
AVRO,1.4.1,lang/java/src/java/org/apache/avro/mapred/tether/TetherKeySerialization.java,org/apache/avro/mapred/tether/TetherKeySerialization.java,71,1,1,1,0,0,91,91,91,0,0,0,91,91,91,542,542,542,87.0000,8.0539,12,No
AVRO,1.4.1,lang/java/src/java/org/apache/avro/mapred/tether/TetheredProcess.java,org/apache/avro/mapred/tether/TetheredProcess.java,113,2,1,2,34,4488,132,131,66,0,0,0,132,131,66,614,542,307,55.5000,6.4368,8,No
AVRO,1.4.1,lang/java/src/java/org/apache/avro/mapred/tether/TetherPartitioner.java,org/apache/avro/mapred/tether/TetherPartitioner.java,47,1,1,1,0,0,59,59,59,0,0,0,59,59,59,543,543,543,87.0000,8.0584,2,No
AVRO,1.4.1,lang/java/src/java/org/apache/avro/mapred/tether/TetherData.java,org/apache/avro/mapred/tether/TetherData.java,34,1,1,1,0,0,42,42,42,0,0,0,42,42,42,542,542,542,87.0000,8.0539,9,No
AVRO,1.4.1,lang/java/src/java/org/apache/avro/mapred/tether/TetherOutputFormat.java,org/apache/avro/mapred/tether/TetherOutputFormat.java,67,1,1,1,0,0,80,80,80,0,0,0,80,80,80,542,542,542,87.0000,8.0539,4,No
AVRO,1.4.1,lang/java/src/java/org/apache/avro/mapred/tether/TetherRecordReader.java,org/apache/avro/mapred/tether/TetherRecordReader.java,67,1,1,1,0,0,84,84,84,0,0,0,84,84,84,542,542,542,87.0000,8.0539,12,No
AVRO,1.4.1,lang/java/src/java/org/apache/avro/mapred/tether/TetherKeyComparator.java,org/apache/avro/mapred/tether/TetherKeyComparator.java,51,1,1,1,0,0,61,61,61,0,0,0,61,61,61,542,542,542,87.0000,8.0539,1,No
AVRO,1.4.1,lang/java/src/java/org/apache/avro/mapred/tether/TetherReducer.java,org/apache/avro/mapred/tether/TetherReducer.java,73,1,1,1,0,0,82,82,82,0,0,0,82,82,82,542,542,542,87.0000,8.0539,10,No
AVRO,1.4.1,lang/java/src/java/org/apache/avro/mapred/tether/TetherMapRunner.java,org/apache/avro/mapred/tether/TetherMapRunner.java,76,1,1,1,0,0,93,93,93,0,0,0,93,93,93,542,542,542,87.0000,8.0539,14,No
AVRO,1.4.1,lang/java/src/java/org/apache/avro/mapred/tether/TetherOutputService.java,org/apache/avro/mapred/tether/TetherOutputService.java,83,2,1,2,55,6105,106,103,53,5,5,2,111,103,55,695,542,347,62.5000,7.0829,22,No
AVRO,1.4.1,lang/java/src/java/org/apache/avro/mapred/tether/TetherJob.java,org/apache/avro/mapred/tether/TetherJob.java,132,2,1,2,36,5760,158,154,79,2,2,1,160,154,80,650,542,325,57.5000,6.7524,3,No
AVRO,1.4.1,lang/java/src/java/org/apache/avro/mapred/AvroValue.java,org/apache/avro/mapred/AvroValue.java,23,1,1,1,0,0,25,25,25,0,0,0,25,25,25,564,564,564,88.0000,8.1131,0,No
AVRO,1.4.1,lang/java/src/java/org/apache/avro/mapred/SequenceFileInputFormat.java,org/apache/avro/mapred/SequenceFileInputFormat.java,37,1,1,1,0,0,43,43,43,0,0,0,43,43,43,640,640,640,99.0000,8.3398,0,No
AVRO,1.4.1,lang/java/src/java/org/apache/avro/mapred/AvroOutputFormat.java,org/apache/avro/mapred/AvroOutputFormat.java,84,4,1,4,132,16764,114,87,28,13,9,3,127,87,31,855,502,213,45.2500,6.2129,2,No
AVRO,1.4.1,lang/java/src/java/org/apache/avro/mapred/AvroRecordReader.java,org/apache/avro/mapred/AvroRecordReader.java,69,3,1,3,169,20111,102,86,34,17,10,5,119,86,39,957,502,319,63.6667,7.1226,0,No
AVRO,1.4.1,lang/java/src/java/org/apache/avro/mapred/AvroCollector.java,org/apache/avro/mapred/AvroCollector.java,24,1,1,1,0,0,28,28,28,0,0,0,28,28,28,564,564,564,88.0000,8.1131,0,No
AVRO,1.4.1,lang/java/src/java/org/apache/avro/mapred/HadoopReducer.java,org/apache/avro/mapred/HadoopReducer.java,50,1,1,1,0,0,60,60,60,0,0,0,60,60,60,564,564,564,88.0000,8.1131,3,No
AVRO,1.4.1,lang/java/src/java/org/apache/avro/mapred/AvroInputFormat.java,org/apache/avro/mapred/AvroInputFormat.java,48,1,1,1,0,0,56,56,56,0,0,0,56,56,56,502,502,502,80.0000,7.9219,0,No
AVRO,1.4.1,lang/java/src/java/org/apache/avro/mapred/AvroReducer.java,org/apache/avro/mapred/AvroReducer.java,43,2,1,2,111,14097,89,72,44,38,38,19,127,72,63,745,502,372,67.5000,7.3649,0,No
AVRO,1.4.1,lang/java/src/java/org/apache/avro/mapred/AvroJob.java,org/apache/avro/mapred/AvroJob.java,129,5,1,5,169,48672,221,104,44,67,58,13,288,112,57,1029,502,205,45.4000,6.2099,2,No
AVRO,1.4.1,lang/java/src/java/org/apache/avro/mapred/HadoopReducerBase.java,org/apache/avro/mapred/HadoopReducerBase.java,53,1,1,1,0,0,63,63,63,0,0,0,63,63,63,564,564,564,88.0000,8.1131,6,No
AVRO,1.4.1,lang/java/src/java/org/apache/avro/mapred/AvroWrapper.java,org/apache/avro/mapred/AvroWrapper.java,46,2,1,2,111,6438,56,54,28,2,2,1,58,54,29,745,502,372,67.5000,7.3649,3,No
AVRO,1.4.1,lang/java/src/java/org/apache/avro/mapred/AvroMapper.java,org/apache/avro/mapred/AvroMapper.java,34,2,1,2,111,12321,76,66,38,35,35,17,111,66,55,745,502,372,67.5000,7.3649,0,No
AVRO,1.4.1,lang/java/src/java/org/apache/avro/generic/GenericContainer.java,org/apache/avro/generic/GenericContainer.java,24,1,1,1,0,0,27,27,27,0,0,0,27,27,27,438,438,438,62.0000,7.0284,1,No
AVRO,1.4.1,lang/java/src/java/org/apache/avro/generic/GenericRecord.java,org/apache/avro/generic/GenericRecord.java,26,2,1,2,21,819,33,30,16,6,6,3,39,30,19,754,438,377,61.5000,6.5009,0,No
AVRO,1.4.1,lang/java/src/java/org/apache/avro/generic/GenericArray.java,org/apache/avro/generic/GenericArray.java,28,3,1,3,230,12650,44,37,14,11,11,3,55,37,18,1109,438,369,63.3333,6.9242,0,No
AVRO,1.4.1,lang/java/src/java/org/apache/avro/generic/GenericFixed.java,org/apache/avro/generic/GenericFixed.java,23,1,1,1,0,0,24,24,24,0,0,0,24,24,24,438,438,438,62.0000,7.0284,1,No
AVRO,1.4.1,lang/java/src/java/org/apache/avro/generic/GenericResponder.java,org/apache/avro/generic/GenericResponder.java,47,2,1,2,50,3050,59,55,29,2,2,1,61,55,30,819,438,409,66.0000,6.6723,1,No
AVRO,1.4.1,lang/java/src/java/org/apache/avro/generic/IndexedRecord.java,org/apache/avro/generic/IndexedRecord.java,29,2,1,2,168,5712,32,26,16,2,2,1,34,26,17,772,457,386,67.5000,7.5012,0,No
AVRO,1.4.1,lang/java/src/java/org/apache/avro/generic/GenericRequestor.java,org/apache/avro/generic/GenericRequestor.java,64,4,1,4,210,17220,78,56,19,4,2,1,82,56,20,1141,438,285,52.2500,6.1850,4,No
AVRO,1.4.1,lang/java/src/java/org/apache/avro/generic/GenericData.java,org/apache/avro/generic/GenericData.java,502,12,3,12,252,168588,606,489,50,63,14,5,669,489,55,1627,438,135,32.8333,4.8959,41,No
AVRO,1.4.1,lang/java/src/java/org/apache/avro/generic/GenericDatumReader.java,org/apache/avro/generic/GenericDatumReader.java,356,12,3,12,234,202176,630,476,52,234,189,19,864,476,72,1537,438,128,29.9167,4.4918,12,No
AVRO,1.4.1,lang/java/src/java/org/apache/avro/generic/GenericEnumSymbol.java,org/apache/avro/generic/GenericEnumSymbol.java,23,1,1,1,0,0,24,24,24,0,0,0,24,24,24,591,591,591,93.0000,8.2097,1,No
AVRO,1.4.1,lang/java/src/java/org/apache/avro/generic/GenericDatumWriter.java,org/apache/avro/generic/GenericDatumWriter.java,184,7,2,7,252,72576,249,198,35,39,22,5,288,198,41,1383,438,197,43.2857,5.6800,13,No
AVRO,1.4.1,lang/java/src/java/org/apache/avro/ipc/ByteBufferOutputStream.java,org/apache/avro/ipc/ByteBufferOutputStream.java,91,3,1,3,164,20172,114,91,38,9,7,3,123,91,41,963,482,321,54.3333,6.1279,6,No
AVRO,1.4.1,lang/java/src/java/org/apache/avro/ipc/RPCContext.java,org/apache/avro/ipc/RPCContext.java,171,5,1,5,225,55575,221,157,44,26,15,5,247,157,49,1289,438,257,51.4000,6.3804,11,No
AVRO,1.4.1,lang/java/src/java/org/apache/avro/ipc/trace/TracePlugin.java,org/apache/avro/ipc/trace/TracePlugin.java,303,5,2,5,25,10050,373,322,74,29,20,5,402,322,80,787,590,157,34.8000,5.1864,35,No
AVRO,1.4.1,lang/java/src/java/org/apache/avro/ipc/trace/StaticServlet.java,org/apache/avro/ipc/trace/StaticServlet.java,44,1,1,1,0,0,50,50,50,0,0,0,50,50,50,612,612,612,95.0000,8.2672,1,No
AVRO,1.4.1,lang/java/src/java/org/apache/avro/ipc/trace/Util.java,org/apache/avro/ipc/trace/Util.java,200,4,1,4,22,5500,236,169,59,14,13,3,250,169,62,773,590,193,41.0000,5.6341,45,No
AVRO,1.4.1,lang/java/src/java/org/apache/avro/ipc/trace/SpanStorage.java,org/apache/avro/ipc/trace/SpanStorage.java,50,2,1,2,8,456,57,46,28,0,0,0,57,46,28,638,590,319,57.0000,6.1549,0,No
AVRO,1.4.1,lang/java/src/java/org/apache/avro/ipc/trace/FileSpanStorage.java,org/apache/avro/ipc/trace/FileSpanStorage.java,316,1,1,1,0,0,359,359,359,0,0,0,359,359,359,594,594,594,93.0000,8.2244,33,No
AVRO,1.4.1,lang/java/src/java/org/apache/avro/ipc/trace/SpanAggregator.java,org/apache/avro/ipc/trace/SpanAggregator.java,162,3,2,3,20,3700,183,155,61,2,2,0,185,155,61,744,590,248,49.6667,6.2491,24,No
AVRO,1.4.1,lang/java/src/java/org/apache/avro/ipc/trace/TraceNode.java,org/apache/avro/ipc/trace/TraceNode.java,123,2,1,2,18,2754,146,94,73,7,7,3,153,94,76,676,590,338,63.0000,6.7577,4,No
AVRO,1.4.1,lang/java/src/java/org/apache/avro/ipc/trace/TracePluginConfiguration.java,org/apache/avro/ipc/trace/TracePluginConfiguration.java,54,3,1,3,18,1116,60,45,20,2,2,0,62,45,20,686,590,228,44.6667,5.6493,1,No
AVRO,1.4.1,lang/java/src/java/org/apache/avro/ipc/trace/Trace.java,org/apache/avro/ipc/trace/Trace.java,222,3,2,3,18,4554,248,245,82,5,3,1,253,245,84,683,590,227,44.6667,5.8246,17,No
AVRO,1.4.1,lang/java/src/java/org/apache/avro/ipc/trace/TraceClientServlet.java,org/apache/avro/ipc/trace/TraceClientServlet.java,231,2,1,2,18,4986,265,198,132,12,12,6,277,210,138,676,590,338,63.0000,6.7577,17,No
AVRO,1.4.1,lang/java/src/java/org/apache/avro/ipc/trace/TraceCollection.java,org/apache/avro/ipc/trace/TraceCollection.java,271,2,1,2,3,1068,331,281,165,25,25,12,356,281,178,699,612,349,62.5000,6.9279,28,No
AVRO,1.4.1,lang/java/src/java/org/apache/avro/ipc/trace/InMemorySpanStorage.java,org/apache/avro/ipc/trace/InMemorySpanStorage.java,69,2,1,2,8,640,79,68,39,1,1,0,80,68,40,638,590,319,57.0000,6.1549,1,No
AVRO,1.4.1,lang/java/src/java/org/apache/avro/ipc/HttpServer.java,org/apache/avro/ipc/HttpServer.java,61,2,1,2,188,16544,80,59,40,8,8,4,88,59,44,951,513,475,74.0000,7.0458,4,No
AVRO,1.4.1,lang/java/src/java/org/apache/avro/ipc/DatagramServer.java,org/apache/avro/ipc/DatagramServer.java,64,3,1,3,188,15792,82,79,27,2,1,0,84,79,28,1063,438,354,62.6667,6.7153,4,No
AVRO,1.4.1,lang/java/src/java/org/apache/avro/ipc/HttpTransceiver.java,org/apache/avro/ipc/HttpTransceiver.java,93,3,1,3,121,16940,123,112,41,17,14,5,140,112,46,989,438,329,58.6667,6.5192,1,No
AVRO,1.4.1,lang/java/src/java/org/apache/avro/ipc/SaslSocketServer.java,org/apache/avro/ipc/SaslSocketServer.java,90,1,1,1,0,0,102,102,102,0,0,0,102,102,102,635,635,635,99.0000,8.3263,14,No
AVRO,1.4.1,lang/java/src/java/org/apache/avro/ipc/DatagramTransceiver.java,org/apache/avro/ipc/DatagramTransceiver.java,73,2,1,2,23,2001,86,84,43,1,1,0,87,84,43,771,438,385,63.5000,6.5288,3,No
AVRO,1.4.1,lang/java/src/java/org/apache/avro/ipc/NettyTransportCodec.java,org/apache/avro/ipc/NettyTransportCodec.java,153,2,1,1,56,10248,183,165,91,0,0,0,183,165,91,761,552,380,69.5000,7.4015,9,No
AVRO,1.4.1,lang/java/src/java/org/apache/avro/ipc/LocalTransceiver.java,org/apache/avro/ipc/LocalTransceiver.java,45,1,1,1,0,0,52,52,52,0,0,0,52,52,52,438,438,438,62.0000,7.0284,1,No
AVRO,1.4.1,lang/java/src/java/org/apache/avro/ipc/SaslSocketTransceiver.java,org/apache/avro/ipc/SaslSocketTransceiver.java,341,1,1,1,0,0,389,389,389,0,0,0,389,389,389,635,635,635,99.0000,8.3263,46,No
AVRO,1.4.1,lang/java/src/java/org/apache/avro/ipc/Transceiver.java,org/apache/avro/ipc/Transceiver.java,59,2,1,2,121,8954,73,44,36,1,1,0,74,44,37,887,449,443,69.5000,6.8930,1,No
AVRO,1.4.1,lang/java/src/java/org/apache/avro/ipc/NettyTransceiver.java,org/apache/avro/ipc/NettyTransceiver.java,227,1,1,1,0,0,264,264,264,0,0,0,264,264,264,552,552,552,87.0000,8.0908,17,No
AVRO,1.4.1,lang/java/src/java/org/apache/avro/ipc/AvroRemoteException.java,org/apache/avro/ipc/AvroRemoteException.java,33,1,1,1,0,0,41,41,41,0,0,0,41,41,41,438,438,438,62.0000,7.0284,2,No
AVRO,1.4.1,lang/java/src/java/org/apache/avro/ipc/RPCPlugin.java,org/apache/avro/ipc/RPCPlugin.java,65,2,1,2,164,13776,80,74,40,4,4,2,84,74,42,942,504,471,73.5000,7.0189,0,No
AVRO,1.4.1,lang/java/src/java/org/apache/avro/ipc/SocketTransceiver.java,org/apache/avro/ipc/SocketTransceiver.java,96,4,1,4,164,19516,117,98,29,2,1,0,119,98,29,1117,438,279,53.0000,6.4346,5,No
AVRO,1.4.1,lang/java/src/java/org/apache/avro/ipc/ResponderServlet.java,org/apache/avro/ipc/ResponderServlet.java,48,1,1,1,0,0,56,56,56,0,0,0,56,56,56,438,438,438,62.0000,7.0284,1,No
AVRO,1.4.1,lang/java/src/java/org/apache/avro/ipc/Server.java,org/apache/avro/ipc/Server.java,29,2,1,2,188,6580,35,29,17,0,0,0,35,29,17,951,513,475,74.0000,7.0458,0,No
AVRO,1.4.1,lang/java/src/java/org/apache/avro/ipc/Requestor.java,org/apache/avro/ipc/Requestor.java,212,8,2,8,225,72225,286,230,35,35,12,4,321,230,40,1389,438,173,38.3750,5.5678,15,No
AVRO,1.4.1,lang/java/src/java/org/apache/avro/ipc/NettyServer.java,org/apache/avro/ipc/NettyServer.java,133,3,1,3,18,3582,175,148,58,24,23,8,199,148,66,581,552,193,33.3333,4.0508,8,No
AVRO,1.4.1,lang/java/src/java/org/apache/avro/ipc/SocketServer.java,org/apache/avro/ipc/SocketServer.java,110,5,1,5,248,39928,146,111,29,15,12,3,161,111,32,1380,438,276,55.0000,6.5340,19,No
AVRO,1.4.1,lang/java/src/java/org/apache/avro/ipc/ByteBufferInputStream.java,org/apache/avro/ipc/ByteBufferInputStream.java,78,1,1,1,0,0,87,87,87,0,0,0,87,87,87,438,438,438,62.0000,7.0284,3,No
AVRO,1.4.1,lang/java/src/java/org/apache/avro/ipc/stats/StatsServer.java,org/apache/avro/ipc/stats/StatsServer.java,48,1,1,1,0,0,54,54,54,0,0,0,54,54,54,575,575,575,90.0000,8.1522,2,No
AVRO,1.4.1,lang/java/src/java/org/apache/avro/ipc/stats/StaticServlet.java,org/apache/avro/ipc/stats/StaticServlet.java,41,2,1,2,25,1150,46,28,23,0,0,0,46,28,23,667,575,333,62.0000,6.8171,1,No
AVRO,1.4.1,lang/java/src/java/org/apache/avro/ipc/stats/FloatHistogram.java,org/apache/avro/ipc/stats/FloatHistogram.java,49,1,1,1,0,0,54,54,54,0,0,0,54,54,54,438,438,438,62.0000,7.0284,4,No
AVRO,1.4.1,lang/java/src/java/org/apache/avro/ipc/stats/Stopwatch.java,org/apache/avro/ipc/stats/Stopwatch.java,66,1,1,1,0,0,74,74,74,0,0,0,74,74,74,438,438,438,62.0000,7.0284,9,No
AVRO,1.4.1,lang/java/src/java/org/apache/avro/ipc/stats/StatsPlugin.java,org/apache/avro/ipc/stats/StatsPlugin.java,199,4,2,4,197,100076,367,121,91,141,117,35,508,129,127,1017,515,254,43.0000,5.1295,2,No
AVRO,1.4.1,lang/java/src/java/org/apache/avro/ipc/stats/StatsServlet.java,org/apache/avro/ipc/stats/StatsServlet.java,231,4,2,4,197,169026,562,209,140,296,206,74,858,254,214,1017,515,254,43.0000,5.1295,45,No
AVRO,1.4.1,lang/java/src/java/org/apache/avro/ipc/stats/IntegerHistogram.java,org/apache/avro/ipc/stats/IntegerHistogram.java,50,1,1,1,0,0,55,55,55,0,0,0,55,55,55,546,546,546,87.0000,8.0702,4,No
AVRO,1.4.1,lang/java/src/java/org/apache/avro/ipc/stats/Histogram.java,org/apache/avro/ipc/stats/Histogram.java,234,2,2,2,163,45151,272,205,136,5,5,2,277,205,138,940,502,470,73.5000,7.0139,31,No
AVRO,1.4.1,lang/java/src/java/org/apache/avro/ipc/Responder.java,org/apache/avro/ipc/Responder.java,199,8,1,8,225,71100,277,211,34,39,12,4,316,211,39,1374,438,171,36.8750,5.1556,34,No
AVRO,1.4.1,lang/java/src/java/org/apache/avro/AvroRuntimeException.java,org/apache/avro/AvroRuntimeException.java,26,1,1,1,0,0,29,29,29,0,0,0,29,29,29,438,438,438,62.0000,7.0284,1,No
AVRO,1.4.1,lang/java/src/java/org/apache/avro/AvroTypeException.java,org/apache/avro/AvroTypeException.java,25,1,1,1,0,0,29,29,29,0,0,0,29,29,29,438,438,438,62.0000,7.0284,0,No
AVRO,1.4.1,lang/java/src/java/org/apache/avro/tool/JsonToBinaryFragmentTool.java,org/apache/avro/tool/JsonToBinaryFragmentTool.java,71,2,1,2,210,16380,78,77,39,0,0,0,78,77,39,998,560,499,77.0000,7.1631,4,No
AVRO,1.4.1,lang/java/src/java/org/apache/avro/tool/Util.java,org/apache/avro/tool/Util.java,112,3,1,3,157,20567,125,57,41,6,6,2,131,60,43,1033,438,344,60.6667,6.6644,7,No
AVRO,1.4.1,lang/java/src/java/org/apache/avro/tool/IdlTool.java,org/apache/avro/tool/IdlTool.java,68,2,1,2,61,5429,84,78,42,5,5,2,89,78,44,692,545,346,62.0000,7.0767,5,No
AVRO,1.4.1,lang/java/src/java/org/apache/avro/tool/FromTextTool.java,org/apache/avro/tool/FromTextTool.java,83,1,1,1,0,0,99,99,99,0,0,0,99,99,99,545,545,545,87.0000,8.0666,5,No
AVRO,1.4.1,lang/java/src/java/org/apache/avro/tool/RpcSendTool.java,org/apache/avro/tool/RpcSendTool.java,111,2,1,2,23,3427,136,98,68,13,13,6,149,98,74,782,438,391,65.5000,6.5455,2,No
AVRO,1.4.1,lang/java/src/java/org/apache/avro/tool/ToTextTool.java,org/apache/avro/tool/ToTextTool.java,74,1,1,1,0,0,88,88,88,0,0,0,88,88,88,545,545,545,87.0000,8.0666,2,No
AVRO,1.4.1,lang/java/src/java/org/apache/avro/tool/DataFileGetSchemaTool.java,org/apache/avro/tool/DataFileGetSchemaTool.java,48,1,1,1,0,0,54,54,54,0,0,0,54,54,54,438,438,438,62.0000,7.0284,1,No
AVRO,1.4.1,lang/java/src/java/org/apache/avro/tool/Tool.java,org/apache/avro/tool/Tool.java,47,2,1,2,1,53,52,51,26,1,1,0,53,51,26,458,438,229,37.5000,4.2396,1,No
AVRO,1.4.1,lang/java/src/java/org/apache/avro/tool/DataFileReadTool.java,org/apache/avro/tool/DataFileReadTool.java,71,2,1,2,248,20088,80,78,40,1,1,0,81,78,40,1049,611,524,80.0000,7.3009,1,No
AVRO,1.4.1,lang/java/src/java/org/apache/avro/tool/Main.java,org/apache/avro/tool/Main.java,89,6,2,6,157,17427,106,81,17,5,2,0,111,81,18,1060,438,176,32.6667,4.0535,11,No
AVRO,1.4.1,lang/java/src/java/org/apache/avro/tool/BinaryFragmentToJsonTool.java,org/apache/avro/tool/BinaryFragmentToJsonTool.java,80,2,1,2,38,3382,87,84,43,2,2,1,89,84,44,807,438,403,66.0000,6.6385,4,No
AVRO,1.4.1,lang/java/src/java/org/apache/avro/tool/DataFileWriteTool.java,org/apache/avro/tool/DataFileWriteTool.java,87,2,2,2,10,1080,103,82,51,5,5,2,108,82,54,738,438,369,59.5000,6.1359,4,No
AVRO,1.4.1,lang/java/src/java/org/apache/avro/tool/RpcReceiveTool.java,org/apache/avro/tool/RpcReceiveTool.java,159,3,1,3,188,37036,187,140,62,10,10,3,197,140,65,1065,438,355,62.6667,6.7149,7,No
AVRO,1.5.0,lang/java/tools/src/main/java/org/apache/avro/tool/JsonToBinaryFragmentTool.java,org/apache/avro/tool/JsonToBinaryFragmentTool.java,74,3,2,3,72,6552,86,78,28,5,3,1,91,78,30,1429,689,476,132.6667,6.4326,4,No
AVRO,1.5.0,lang/java/tools/src/main/java/org/apache/avro/tool/Util.java,org/apache/avro/tool/Util.java,113,2,2,2,72,9360,125,119,62,5,5,2,130,119,65,1384,710,692,191.0000,7.7115,7,No
AVRO,1.5.0,lang/java/tools/src/main/java/org/apache/avro/tool/IdlTool.java,org/apache/avro/tool/IdlTool.java,68,2,1,2,43,3483,80,79,40,1,1,0,81,79,40,1265,674,632,182.5000,7.4889,5,No
AVRO,1.5.0,lang/java/tools/src/main/java/org/apache/avro/tool/FromTextTool.java,org/apache/avro/tool/FromTextTool.java,83,1,1,1,0,0,99,99,99,0,0,0,99,99,99,674,674,674,115.0000,8.4172,5,No
AVRO,1.5.0,lang/java/tools/src/main/java/org/apache/avro/tool/RpcSendTool.java,org/apache/avro/tool/RpcSendTool.java,105,3,1,3,71,8804,121,118,40,3,2,1,124,118,41,1401,674,467,136.6667,6.7708,2,No
AVRO,1.5.0,lang/java/tools/src/main/java/org/apache/avro/tool/ToTextTool.java,org/apache/avro/tool/ToTextTool.java,74,1,1,1,0,0,88,88,88,0,0,0,88,88,88,674,674,674,115.0000,8.4172,2,No
AVRO,1.5.0,lang/java/tools/src/main/java/org/apache/avro/tool/TetherTool.java,org/apache/avro/tool/TetherTool.java,83,2,1,2,17,1615,95,78,47,0,0,0,95,78,47,1164,1045,582,172.0000,6.4598,2,No
AVRO,1.5.0,lang/java/tools/src/main/java/org/apache/avro/tool/DataFileGetSchemaTool.java,org/apache/avro/tool/DataFileGetSchemaTool.java,48,1,1,1,0,0,54,54,54,0,0,0,54,54,54,674,674,674,115.0000,8.4172,1,No
AVRO,1.5.0,lang/java/tools/src/main/java/org/apache/avro/tool/Tool.java,org/apache/avro/tool/Tool.java,47,1,1,1,0,0,51,51,51,0,0,0,51,51,51,1040,1040,1040,300.0000,8.4726,1,No
AVRO,1.5.0,lang/java/tools/src/main/java/org/apache/avro/tool/DataFileReadTool.java,org/apache/avro/tool/DataFileReadTool.java,69,2,1,2,71,6177,82,79,41,5,5,2,87,79,43,1363,689,681,190.0000,7.6767,1,No
AVRO,1.5.0,lang/java/tools/src/main/java/org/apache/avro/tool/Main.java,org/apache/avro/tool/Main.java,87,3,1,3,43,4644,103,102,34,5,3,1,108,102,36,1264,674,421,124.6667,6.7898,11,No
AVRO,1.5.0,lang/java/tools/src/main/java/org/apache/avro/tool/BinaryFragmentToJsonTool.java,org/apache/avro/tool/BinaryFragmentToJsonTool.java,80,3,2,3,72,6552,88,85,29,3,2,1,91,85,30,1429,689,476,132.6667,6.4326,4,No
AVRO,1.5.0,lang/java/tools/src/main/java/org/apache/avro/tool/DataFileWriteTool.java,org/apache/avro/tool/DataFileWriteTool.java,125,2,2,2,72,10152,139,137,69,2,2,1,141,137,70,1384,710,692,191.0000,7.7115,6,No
AVRO,1.5.0,lang/java/tools/src/main/java/org/apache/avro/tool/SpecificCompilerTool.java,org/apache/avro/tool/SpecificCompilerTool.java,58,2,1,2,4,256,64,47,32,0,0,0,64,47,32,1074,1040,537,158.0000,5.9845,5,No
AVRO,1.5.0,lang/java/tools/src/main/java/org/apache/avro/tool/RecodecTool.java,org/apache/avro/tool/RecodecTool.java,104,1,1,1,0,0,115,115,115,0,0,0,115,115,115,674,674,674,115.0000,8.4172,9,No
AVRO,1.5.0,lang/java/tools/src/main/java/org/apache/avro/tool/InduceSchemaTool.java,org/apache/avro/tool/InduceSchemaTool.java,69,1,1,1,0,0,76,76,76,0,0,0,76,76,76,1040,1040,1040,300.0000,8.4726,6,No
AVRO,1.5.0,lang/java/tools/src/main/java/org/apache/avro/tool/RpcReceiveTool.java,org/apache/avro/tool/RpcReceiveTool.java,162,3,1,3,71,13206,183,178,61,3,2,1,186,178,62,1401,674,467,136.6667,6.7708,6,No
AVRO,1.5.0,lang/java/maven-plugin/src/main/java/org/apache/avro/mojo/ProtocolMojo.java,org/apache/avro/mojo/ProtocolMojo.java,58,2,1,2,43,2924,67,66,33,1,1,0,68,66,34,1265,674,632,182.5000,7.4889,4,No
AVRO,1.5.0,lang/java/maven-plugin/src/main/java/org/apache/avro/mojo/SchemaMojo.java,org/apache/avro/mojo/SchemaMojo.java,58,2,1,2,43,2924,67,66,33,1,1,0,68,66,34,1265,674,632,182.5000,7.4889,4,No
AVRO,1.5.0,lang/java/maven-plugin/src/main/java/org/apache/avro/mojo/AbstractAvroMojo.java,org/apache/avro/mojo/AbstractAvroMojo.java,126,1,1,1,0,0,143,143,143,0,0,0,143,143,143,674,674,674,115.0000,8.4172,1,No
AVRO,1.5.0,lang/java/maven-plugin/src/main/java/org/apache/avro/mojo/IDLProtocolMojo.java,org/apache/avro/mojo/IDLProtocolMojo.java,69,2,1,2,43,3612,81,78,40,3,3,1,84,78,42,1265,674,632,182.5000,7.4889,4,No
AVRO,1.5.0,lang/java/mapred/src/main/java/org/apache/avro/mapred/AvroKeyComparator.java,org/apache/avro/mapred/AvroKeyComparator.java,41,3,2,3,62,3472,53,50,17,3,2,1,56,50,18,1309,674,436,126.6667,5.9905,0,No
AVRO,1.5.0,lang/java/mapred/src/main/java/org/apache/avro/mapred/SequenceFileRecordReader.java,org/apache/avro/mapred/SequenceFileRecordReader.java,29,1,1,1,0,0,36,36,36,0,0,0,36,36,36,674,674,674,115.0000,8.4172,0,No
AVRO,1.5.0,lang/java/mapred/src/main/java/org/apache/avro/mapred/Pair.java,org/apache/avro/mapred/Pair.java,494,2,2,2,13,6786,522,452,261,0,0,0,522,452,261,691,674,345,61.5000,5.6518,11,No
AVRO,1.5.0,lang/java/mapred/src/main/java/org/apache/avro/mapred/FsInput.java,org/apache/avro/mapred/FsInput.java,49,1,1,1,0,0,60,60,60,0,0,0,60,60,60,674,674,674,115.0000,8.4172,1,No
AVRO,1.5.0,lang/java/mapred/src/main/java/org/apache/avro/mapred/HadoopCombiner.java,org/apache/avro/mapred/HadoopCombiner.java,52,1,1,1,0,0,62,62,62,0,0,0,62,62,62,674,674,674,115.0000,8.4172,3,No
AVRO,1.5.0,lang/java/mapred/src/main/java/org/apache/avro/mapred/AvroUtf8InputFormat.java,org/apache/avro/mapred/AvroUtf8InputFormat.java,96,1,1,1,0,0,117,117,117,0,0,0,117,117,117,674,674,674,115.0000,8.4172,8,No
AVRO,1.5.0,lang/java/mapred/src/main/java/org/apache/avro/mapred/HadoopMapper.java,org/apache/avro/mapred/HadoopMapper.java,72,1,1,1,0,0,83,83,83,0,0,0,83,83,83,674,674,674,115.0000,8.4172,3,No
AVRO,1.5.0,lang/java/mapred/src/main/java/org/apache/avro/mapred/AvroSerialization.java,org/apache/avro/mapred/AvroSerialization.java,120,4,2,4,72,11520,152,135,38,8,4,2,160,135,40,1440,683,360,101.2500,5.5375,12,No
AVRO,1.5.0,lang/java/mapred/src/main/java/org/apache/avro/mapred/SequenceFileReader.java,org/apache/avro/mapred/SequenceFileReader.java,213,1,1,1,0,0,247,247,247,0,0,0,247,247,247,674,674,674,115.0000,8.4172,13,No
AVRO,1.5.0,lang/java/mapred/src/main/java/org/apache/avro/mapred/AvroKey.java,org/apache/avro/mapred/AvroKey.java,25,2,2,2,70,1960,28,25,14,0,0,0,28,25,14,1339,674,669,189.5000,7.6055,0,No
AVRO,1.5.0,lang/java/mapred/src/main/java/org/apache/avro/mapred/tether/TetherInputFormat.java,org/apache/avro/mapred/tether/TetherInputFormat.java,49,1,1,1,0,0,58,58,58,0,0,0,58,58,58,674,674,674,115.0000,8.4172,0,No
AVRO,1.5.0,lang/java/mapred/src/main/java/org/apache/avro/mapred/tether/TetherKeySerialization.java,org/apache/avro/mapred/tether/TetherKeySerialization.java,72,3,2,3,72,7200,96,91,32,4,3,1,100,91,33,1429,689,476,132.6667,6.4326,12,No
AVRO,1.5.0,lang/java/mapred/src/main/java/org/apache/avro/mapred/tether/TetheredProcess.java,org/apache/avro/mapred/tether/TetheredProcess.java,113,2,1,2,43,5848,134,132,67,2,2,1,136,132,68,1265,674,632,182.5000,7.4889,8,No
AVRO,1.5.0,lang/java/mapred/src/main/java/org/apache/avro/mapred/tether/TetherPartitioner.java,org/apache/avro/mapred/tether/TetherPartitioner.java,47,1,1,1,0,0,59,59,59,0,0,0,59,59,59,674,674,674,115.0000,8.4172,2,No
AVRO,1.5.0,lang/java/mapred/src/main/java/org/apache/avro/mapred/tether/TetherData.java,org/apache/avro/mapred/tether/TetherData.java,34,1,1,1,0,0,42,42,42,0,0,0,42,42,42,674,674,674,115.0000,8.4172,9,No
AVRO,1.5.0,lang/java/mapred/src/main/java/org/apache/avro/mapred/tether/TetherOutputFormat.java,org/apache/avro/mapred/tether/TetherOutputFormat.java,67,1,1,1,0,0,80,80,80,0,0,0,80,80,80,674,674,674,115.0000,8.4172,4,No
AVRO,1.5.0,lang/java/mapred/src/main/java/org/apache/avro/mapred/tether/TetherRecordReader.java,org/apache/avro/mapred/tether/TetherRecordReader.java,67,1,1,1,0,0,84,84,84,0,0,0,84,84,84,674,674,674,115.0000,8.4172,12,No
AVRO,1.5.0,lang/java/mapred/src/main/java/org/apache/avro/mapred/tether/TetherKeyComparator.java,org/apache/avro/mapred/tether/TetherKeyComparator.java,51,2,1,2,62,4030,63,61,31,2,2,1,65,61,32,1301,674,650,186.5000,7.5683,1,No
AVRO,1.5.0,lang/java/mapred/src/main/java/org/apache/avro/mapred/tether/TetherReducer.java,org/apache/avro/mapred/tether/TetherReducer.java,73,1,1,1,0,0,82,82,82,0,0,0,82,82,82,674,674,674,115.0000,8.4172,10,No
AVRO,1.5.0,lang/java/mapred/src/main/java/org/apache/avro/mapred/tether/TetherMapRunner.java,org/apache/avro/mapred/tether/TetherMapRunner.java,76,1,1,1,0,0,93,93,93,0,0,0,93,93,93,674,674,674,115.0000,8.4172,14,No
AVRO,1.5.0,lang/java/mapred/src/main/java/org/apache/avro/mapred/tether/TetherOutputService.java,org/apache/avro/mapred/tether/TetherOutputService.java,83,1,1,1,0,0,101,101,101,0,0,0,101,101,101,674,674,674,115.0000,8.4172,22,No
AVRO,1.5.0,lang/java/mapred/src/main/java/org/apache/avro/mapred/tether/TetherJob.java,org/apache/avro/mapred/tether/TetherJob.java,77,2,1,2,29,6641,160,156,80,69,69,34,229,156,114,1174,674,587,169.0000,7.4392,1,No
AVRO,1.5.0,lang/java/mapred/src/main/java/org/apache/avro/mapred/AvroValue.java,org/apache/avro/mapred/AvroValue.java,25,2,2,2,70,1960,28,25,14,0,0,0,28,25,14,1339,674,669,189.5000,7.6055,0,No
AVRO,1.5.0,lang/java/mapred/src/main/java/org/apache/avro/mapred/SequenceFileInputFormat.java,org/apache/avro/mapred/SequenceFileInputFormat.java,37,1,1,1,0,0,43,43,43,0,0,0,43,43,43,674,674,674,115.0000,8.4172,0,No
AVRO,1.5.0,lang/java/mapred/src/main/java/org/apache/avro/mapred/AvroOutputFormat.java,org/apache/avro/mapred/AvroOutputFormat.java,93,3,2,3,22,2574,115,101,38,2,2,0,117,101,39,717,674,239,46.0000,5.0561,2,No
AVRO,1.5.0,lang/java/mapred/src/main/java/org/apache/avro/mapred/AvroRecordReader.java,org/apache/avro/mapred/AvroRecordReader.java,72,2,2,2,13,1170,89,85,44,1,1,0,90,85,45,691,674,345,61.5000,5.6518,0,No
AVRO,1.5.0,lang/java/mapred/src/main/java/org/apache/avro/mapred/AvroCollector.java,org/apache/avro/mapred/AvroCollector.java,24,1,1,1,0,0,28,28,28,0,0,0,28,28,28,674,674,674,115.0000,8.4172,0,No
AVRO,1.5.0,lang/java/mapred/src/main/java/org/apache/avro/mapred/HadoopReducer.java,org/apache/avro/mapred/HadoopReducer.java,50,1,1,1,0,0,60,60,60,0,0,0,60,60,60,674,674,674,115.0000,8.4172,3,No
AVRO,1.5.0,lang/java/mapred/src/main/java/org/apache/avro/mapred/AvroInputFormat.java,org/apache/avro/mapred/AvroInputFormat.java,48,1,1,1,0,0,56,56,56,0,0,0,56,56,56,674,674,674,115.0000,8.4172,0,No
AVRO,1.5.0,lang/java/mapred/src/main/java/org/apache/avro/mapred/AvroReducer.java,org/apache/avro/mapred/AvroReducer.java,43,1,1,1,0,0,51,51,51,0,0,0,51,51,51,674,674,674,115.0000,8.4172,0,No
AVRO,1.5.0,lang/java/mapred/src/main/java/org/apache/avro/mapred/AvroJob.java,org/apache/avro/mapred/AvroJob.java,156,2,2,2,13,2431,187,167,93,0,0,0,187,167,93,691,674,345,61.5000,5.6518,2,No
AVRO,1.5.0,lang/java/mapred/src/main/java/org/apache/avro/mapred/HadoopReducerBase.java,org/apache/avro/mapred/HadoopReducerBase.java,53,1,1,1,0,0,63,63,63,0,0,0,63,63,63,674,674,674,115.0000,8.4172,6,No
AVRO,1.5.0,lang/java/mapred/src/main/java/org/apache/avro/mapred/AvroWrapper.java,org/apache/avro/mapred/AvroWrapper.java,48,2,2,2,70,3990,57,54,28,0,0,0,57,54,28,1339,674,669,189.5000,7.6055,3,No
AVRO,1.5.0,lang/java/mapred/src/main/java/org/apache/avro/mapred/AvroMapper.java,org/apache/avro/mapred/AvroMapper.java,34,1,1,1,0,0,41,41,41,0,0,0,41,41,41,674,674,674,115.0000,8.4172,0,No
AVRO,1.5.0,lang/java/avro/src/main/java/org/apache/avro/UnresolvedUnionException.java,org/apache/avro/UnresolvedUnionException.java,34,1,1,1,0,0,39,39,39,0,0,0,39,39,39,679,679,679,115.0000,8.4266,2,No
AVRO,1.5.0,lang/java/avro/src/main/java/org/apache/avro/specific/SpecificData.java,org/apache/avro/specific/SpecificData.java,184,3,2,3,70,14140,202,194,67,0,0,0,202,194,67,1351,674,450,130.6667,6.0792,12,No
AVRO,1.5.0,lang/java/avro/src/main/java/org/apache/avro/specific/FixedSize.java,org/apache/avro/specific/FixedSize.java,34,1,1,1,0,0,37,37,37,0,0,0,37,37,37,674,674,674,115.0000,8.4172,0,No
AVRO,1.5.0,lang/java/avro/src/main/java/org/apache/avro/specific/SpecificFixed.java,org/apache/avro/specific/SpecificFixed.java,25,2,2,2,70,2100,29,28,14,1,1,0,30,28,15,1336,674,668,189.5000,7.6042,0,No
AVRO,1.5.0,lang/java/avro/src/main/java/org/apache/avro/specific/SpecificRecord.java,org/apache/avro/specific/SpecificRecord.java,23,1,1,1,0,0,26,26,26,0,0,0,26,26,26,674,674,674,115.0000,8.4172,0,No
AVRO,1.5.0,lang/java/avro/src/main/java/org/apache/avro/specific/SpecificRecordBase.java,org/apache/avro/specific/SpecificRecordBase.java,45,1,1,1,0,0,54,54,54,0,0,0,54,54,54,674,674,674,115.0000,8.4172,1,No
AVRO,1.5.0,lang/java/avro/src/main/java/org/apache/avro/specific/SpecificDatumReader.java,org/apache/avro/specific/SpecificDatumReader.java,92,1,1,1,0,0,107,107,107,0,0,0,107,107,107,674,674,674,115.0000,8.4172,3,No
AVRO,1.5.0,lang/java/avro/src/main/java/org/apache/avro/specific/SpecificDatumWriter.java,org/apache/avro/specific/SpecificDatumWriter.java,48,2,2,2,19,1140,59,56,29,1,1,0,60,56,30,695,674,347,63.0000,5.8117,0,No
AVRO,1.5.0,lang/java/avro/src/main/java/org/apache/avro/specific/SpecificExceptionBase.java,org/apache/avro/specific/SpecificExceptionBase.java,36,2,1,2,43,1978,45,44,22,1,1,0,46,44,23,1265,674,632,182.5000,7.4889,3,No
AVRO,1.5.0,lang/java/avro/src/main/java/org/apache/avro/SchemaParseException.java,org/apache/avro/SchemaParseException.java,23,1,1,1,0,0,26,26,26,0,0,0,26,26,26,674,674,674,115.0000,8.4172,0,No
AVRO,1.5.0,lang/java/avro/src/main/java/org/apache/avro/util/ByteBufferOutputStream.java,org/apache/avro/util/ByteBufferOutputStream.java,93,1,1,1,0,0,107,107,107,0,0,0,107,107,107,1040,1040,1040,300.0000,8.4726,4,No
AVRO,1.5.0,lang/java/avro/src/main/java/org/apache/avro/util/WeakIdentityHashMap.java,org/apache/avro/util/WeakIdentityHashMap.java,152,1,1,1,0,0,169,169,169,0,0,0,169,169,169,674,674,674,115.0000,8.4172,21,No
AVRO,1.5.0,lang/java/avro/src/main/java/org/apache/avro/util/Utf8.java,org/apache/avro/util/Utf8.java,113,2,1,2,71,10508,140,132,70,8,8,4,148,132,74,1363,689,681,190.0000,7.6767,7,No
AVRO,1.5.0,lang/java/avro/src/main/java/org/apache/avro/util/ByteBufferInputStream.java,org/apache/avro/util/ByteBufferInputStream.java,80,1,1,1,0,0,89,89,89,0,0,0,89,89,89,1040,1040,1040,300.0000,8.4726,1,No
AVRO,1.5.0,lang/java/avro/src/main/java/org/apache/avro/file/DataFileReader.java,org/apache/avro/file/DataFileReader.java,216,4,2,4,82,21156,252,208,63,6,3,1,258,208,64,1461,674,365,106.0000,6.1913,11,No
AVRO,1.5.0,lang/java/avro/src/main/java/org/apache/avro/file/DataFileReader12.java,org/apache/avro/file/DataFileReader12.java,199,2,2,2,72,16488,228,221,114,1,1,0,229,221,114,1384,710,692,191.0000,7.7115,23,No
AVRO,1.5.0,lang/java/avro/src/main/java/org/apache/avro/file/DataFileWriter.java,org/apache/avro/file/DataFileWriter.java,332,3,2,3,71,28755,390,370,130,15,13,5,405,370,135,1403,674,467,136.6667,6.6790,13,No
AVRO,1.5.0,lang/java/avro/src/main/java/org/apache/avro/file/FileReader.java,org/apache/avro/file/FileReader.java,41,1,1,1,0,0,49,49,49,0,0,0,49,49,49,674,674,674,115.0000,8.4172,0,No
AVRO,1.5.0,lang/java/avro/src/main/java/org/apache/avro/file/DataFileConstants.java,org/apache/avro/file/DataFileConstants.java,35,2,2,2,22,924,41,38,20,1,1,0,42,38,21,713,674,356,66.5000,6.3709,2,No
AVRO,1.5.0,lang/java/avro/src/main/java/org/apache/avro/file/SeekableFileInput.java,org/apache/avro/file/SeekableFileInput.java,31,1,1,1,0,0,37,37,37,0,0,0,37,37,37,674,674,674,115.0000,8.4172,0,No
AVRO,1.5.0,lang/java/avro/src/main/java/org/apache/avro/file/DeflateCodec.java,org/apache/avro/file/DeflateCodec.java,128,1,1,1,0,0,145,145,145,0,0,0,145,145,145,674,674,674,115.0000,8.4172,5,No
AVRO,1.5.0,lang/java/avro/src/main/java/org/apache/avro/file/DataFileStream.java,org/apache/avro/file/DataFileStream.java,324,4,2,4,72,29232,385,341,96,21,19,5,406,341,101,1469,674,367,107.0000,5.9953,29,No
AVRO,1.5.0,lang/java/avro/src/main/java/org/apache/avro/file/NullCodec.java,org/apache/avro/file/NullCodec.java,54,1,1,1,0,0,64,64,64,0,0,0,64,64,64,674,674,674,115.0000,8.4172,2,No
AVRO,1.5.0,lang/java/avro/src/main/java/org/apache/avro/file/Codec.java,org/apache/avro/file/Codec.java,48,1,1,1,0,0,50,50,50,0,0,0,50,50,50,674,674,674,115.0000,8.4172,0,No
AVRO,1.5.0,lang/java/avro/src/main/java/org/apache/avro/file/LengthLimitedInputStream.java,org/apache/avro/file/LengthLimitedInputStream.java,75,1,1,1,0,0,85,85,85,0,0,0,85,85,85,674,674,674,115.0000,8.4172,1,No
AVRO,1.5.0,lang/java/avro/src/main/java/org/apache/avro/file/CodecFactory.java,org/apache/avro/file/CodecFactory.java,64,1,1,1,0,0,76,76,76,0,0,0,76,76,76,674,674,674,115.0000,8.4172,0,No
AVRO,1.5.0,lang/java/avro/src/main/java/org/apache/avro/file/SeekableInput.java,org/apache/avro/file/SeekableInput.java,31,2,2,2,82,3280,39,37,19,1,1,0,40,37,20,1388,714,694,191.0000,7.7166,0,No
AVRO,1.5.0,lang/java/avro/src/main/java/org/apache/avro/Schema.java,org/apache/avro/Schema.java,1235,4,2,4,71,96418,1355,1344,338,3,2,0,1358,1344,339,1410,674,352,105.0000,5.8400,202,No
AVRO,1.5.0,lang/java/avro/src/main/java/org/apache/avro/Protocol.java,org/apache/avro/Protocol.java,384,1,1,1,0,0,450,450,450,0,0,0,450,450,450,674,674,674,115.0000,8.4172,24,No
AVRO,1.5.0,lang/java/avro/src/main/java/org/apache/avro/reflect/ReflectDatumReader.java,org/apache/avro/reflect/ReflectDatumReader.java,124,1,1,1,0,0,140,140,140,0,0,0,140,140,140,674,674,674,115.0000,8.4172,1,No
AVRO,1.5.0,lang/java/avro/src/main/java/org/apache/avro/reflect/Union.java,org/apache/avro/reflect/Union.java,37,1,1,1,0,0,39,39,39,0,0,0,39,39,39,674,674,674,115.0000,8.4172,0,No
AVRO,1.5.0,lang/java/avro/src/main/java/org/apache/avro/reflect/ReflectDatumWriter.java,org/apache/avro/reflect/ReflectDatumWriter.java,97,3,2,3,70,8190,114,109,38,3,2,1,117,109,39,1345,674,448,128.6667,6.0186,10,No
AVRO,1.5.0,lang/java/avro/src/main/java/org/apache/avro/reflect/Stringable.java,org/apache/avro/reflect/Stringable.java,32,1,1,1,0,0,34,34,34,0,0,0,34,34,34,674,674,674,115.0000,8.4172,0,No
AVRO,1.5.0,lang/java/avro/src/main/java/org/apache/avro/reflect/ReflectData.java,org/apache/avro/reflect/ReflectData.java,435,3,2,3,43,20640,479,477,159,1,1,0,480,477,160,1270,674,423,123.6667,5.9327,27,No
AVRO,1.5.0,lang/java/avro/src/main/java/org/apache/avro/reflect/Nullable.java,org/apache/avro/reflect/Nullable.java,31,1,1,1,0,0,33,33,33,0,0,0,33,33,33,674,674,674,115.0000,8.4172,0,No
AVRO,1.5.0,lang/java/avro/src/main/java/org/apache/avro/io/ResolvingDecoder.java,org/apache/avro/io/ResolvingDecoder.java,250,2,2,2,72,20376,275,261,137,8,8,4,283,261,141,1384,710,692,191.0000,7.7115,6,No
AVRO,1.5.0,lang/java/avro/src/main/java/org/apache/avro/io/BinaryDecoder.java,org/apache/avro/io/BinaryDecoder.java,889,3,2,3,72,80352,1044,983,348,72,43,24,1116,983,372,1439,674,479,137.3333,6.8523,78,No
AVRO,1.5.0,lang/java/avro/src/main/java/org/apache/avro/io/BinaryData.java,org/apache/avro/io/BinaryData.java,406,4,2,4,72,31392,432,294,108,4,3,1,436,294,109,1466,674,366,106.5000,5.9800,105,No
AVRO,1.5.0,lang/java/avro/src/main/java/org/apache/avro/io/BufferedBinaryEncoder.java,org/apache/avro/io/BufferedBinaryEncoder.java,186,2,2,2,0,0,206,205,103,1,1,0,207,205,103,1119,1053,559,159.5000,6.2147,8,No
AVRO,1.5.0,lang/java/avro/src/main/java/org/apache/avro/io/Decoder.java,org/apache/avro/io/Decoder.java,249,4,2,4,75,23475,295,287,73,18,15,4,313,287,78,1448,689,362,102.0000,5.8041,1,No
AVRO,1.5.0,lang/java/avro/src/main/java/org/apache/avro/io/ValidatingEncoder.java,org/apache/avro/io/ValidatingEncoder.java,187,4,2,4,75,19650,240,215,60,22,20,5,262,215,65,1448,689,362,102.0000,5.8041,5,No
AVRO,1.5.0,lang/java/avro/src/main/java/org/apache/avro/io/DecoderFactory.java,org/apache/avro/io/DecoderFactory.java,294,4,2,4,75,38400,414,232,103,98,93,24,512,270,128,1448,689,362,102.0000,5.8041,4,No
AVRO,1.5.0,lang/java/avro/src/main/java/org/apache/avro/io/ParsingEncoder.java,org/apache/avro/io/ParsingEncoder.java,60,1,1,1,0,0,70,70,70,0,0,0,70,70,70,674,674,674,115.0000,8.4172,1,No
AVRO,1.5.0,lang/java/avro/src/main/java/org/apache/avro/io/EncoderFactory.java,org/apache/avro/io/EncoderFactory.java,318,3,2,3,4,1480,353,334,117,17,13,5,370,334,123,1138,1053,379,109.6667,5.4493,4,No
AVRO,1.5.0,lang/java/avro/src/main/java/org/apache/avro/io/JsonDecoder.java,org/apache/avro/io/JsonDecoder.java,422,3,2,3,75,38925,492,426,164,27,26,9,519,426,173,1403,710,467,130.6667,6.4472,14,No
AVRO,1.5.0,lang/java/avro/src/main/java/org/apache/avro/io/DirectBinaryEncoder.java,org/apache/avro/io/DirectBinaryEncoder.java,119,1,1,1,0,0,133,133,133,0,0,0,133,133,133,1053,1053,1053,301.0000,8.4852,2,No
AVRO,1.5.0,lang/java/avro/src/main/java/org/apache/avro/io/BinaryEncoder.java,org/apache/avro/io/BinaryEncoder.java,104,3,1,3,71,35784,314,263,104,190,189,63,504,263,168,1401,674,467,136.6667,6.7708,1,No
AVRO,1.5.0,lang/java/avro/src/main/java/org/apache/avro/io/BlockingBinaryEncoder.java,org/apache/avro/io/BlockingBinaryEncoder.java,491,3,2,3,72,61488,708,627,236,146,145,48,854,627,284,1429,689,476,132.6667,6.4326,55,No
AVRO,1.5.0,lang/java/avro/src/main/java/org/apache/avro/io/DatumReader.java,org/apache/avro/io/DatumReader.java,31,1,1,1,0,0,38,38,38,0,0,0,38,38,38,674,674,674,115.0000,8.4172,0,No
AVRO,1.5.0,lang/java/avro/src/main/java/org/apache/avro/io/ParsingDecoder.java,org/apache/avro/io/ParsingDecoder.java,68,2,2,2,72,5688,78,75,39,1,1,0,79,75,39,1384,710,692,191.0000,7.7115,1,No
AVRO,1.5.0,lang/java/avro/src/main/java/org/apache/avro/io/parsing/Parser.java,org/apache/avro/io/parsing/Parser.java,175,1,1,1,0,0,192,192,192,0,0,0,192,192,192,674,674,674,115.0000,8.4172,19,No
AVRO,1.5.0,lang/java/avro/src/main/java/org/apache/avro/io/parsing/SkipParser.java,org/apache/avro/io/parsing/SkipParser.java,87,1,1,1,0,0,96,96,96,0,0,0,96,96,96,674,674,674,115.0000,8.4172,6,No
AVRO,1.5.0,lang/java/avro/src/main/java/org/apache/avro/io/parsing/ValidatingGrammarGenerator.java,org/apache/avro/io/parsing/ValidatingGrammarGenerator.java,125,2,2,2,70,9730,138,137,69,1,1,0,139,137,69,1336,674,668,189.5000,7.6042,8,No
AVRO,1.5.0,lang/java/avro/src/main/java/org/apache/avro/io/parsing/Symbol.java,org/apache/avro/io/parsing/Symbol.java,481,1,1,1,0,0,550,550,550,0,0,0,550,550,550,674,674,674,115.0000,8.4172,37,No
AVRO,1.5.0,lang/java/avro/src/main/java/org/apache/avro/io/parsing/JsonGrammarGenerator.java,org/apache/avro/io/parsing/JsonGrammarGenerator.java,93,1,1,1,0,0,100,100,100,0,0,0,100,100,100,674,674,674,115.0000,8.4172,8,No
AVRO,1.5.0,lang/java/avro/src/main/java/org/apache/avro/io/parsing/ResolvingGrammarGenerator.java,org/apache/avro/io/parsing/ResolvingGrammarGenerator.java,446,3,2,3,71,35145,486,472,162,9,7,3,495,472,165,1386,674,462,132.6667,6.4646,39,No
AVRO,1.5.0,lang/java/avro/src/main/java/org/apache/avro/io/ValidatingDecoder.java,org/apache/avro/io/ValidatingDecoder.java,217,3,2,3,75,20400,260,238,86,12,12,4,272,238,90,1403,710,467,130.6667,6.4472,11,No
AVRO,1.5.0,lang/java/avro/src/main/java/org/apache/avro/io/Encoder.java,org/apache/avro/io/Encoder.java,260,3,2,3,75,22500,293,287,97,7,4,2,300,287,100,1441,689,480,135.3333,6.4611,1,No
AVRO,1.5.0,lang/java/avro/src/main/java/org/apache/avro/io/DirectBinaryDecoder.java,org/apache/avro/io/DirectBinaryDecoder.java,179,3,2,3,72,15264,208,203,69,4,3,1,212,203,70,1435,674,478,137.3333,6.9069,6,No
AVRO,1.5.0,lang/java/avro/src/main/java/org/apache/avro/io/JsonEncoder.java,org/apache/avro/io/JsonEncoder.java,263,3,2,3,72,23400,310,250,103,15,13,5,325,250,108,1429,689,476,132.6667,6.4326,8,No
AVRO,1.5.0,lang/java/avro/src/main/java/org/apache/avro/io/DatumWriter.java,org/apache/avro/io/DatumWriter.java,30,1,1,1,0,0,36,36,36,0,0,0,36,36,36,674,674,674,115.0000,8.4172,0,No
AVRO,1.5.0,lang/java/avro/src/main/java/org/apache/avro/AvroRemoteException.java,org/apache/avro/AvroRemoteException.java,33,1,1,1,0,0,41,41,41,0,0,0,41,41,41,1040,1040,1040,300.0000,8.4726,2,No
AVRO,1.5.0,lang/java/avro/src/main/java/org/apache/avro/generic/GenericContainer.java,org/apache/avro/generic/GenericContainer.java,24,1,1,1,0,0,27,27,27,0,0,0,27,27,27,674,674,674,115.0000,8.4172,1,No
AVRO,1.5.0,lang/java/avro/src/main/java/org/apache/avro/generic/GenericRecord.java,org/apache/avro/generic/GenericRecord.java,26,1,1,1,0,0,27,27,27,0,0,0,27,27,27,674,674,674,115.0000,8.4172,0,No
AVRO,1.5.0,lang/java/avro/src/main/java/org/apache/avro/generic/GenericArray.java,org/apache/avro/generic/GenericArray.java,28,1,1,1,0,0,33,33,33,0,0,0,33,33,33,674,674,674,115.0000,8.4172,0,No
AVRO,1.5.0,lang/java/avro/src/main/java/org/apache/avro/generic/GenericFixed.java,org/apache/avro/generic/GenericFixed.java,23,2,2,2,70,1820,25,24,12,1,1,0,26,24,13,1336,674,668,189.5000,7.6042,1,No
AVRO,1.5.0,lang/java/avro/src/main/java/org/apache/avro/generic/IndexedRecord.java,org/apache/avro/generic/IndexedRecord.java,29,1,1,1,0,0,30,30,30,0,0,0,30,30,30,674,674,674,115.0000,8.4172,0,No
AVRO,1.5.0,lang/java/avro/src/main/java/org/apache/avro/generic/GenericData.java,org/apache/avro/generic/GenericData.java,608,5,2,5,70,47600,670,559,134,10,7,2,680,559,136,1382,674,276,83.0000,4.9145,49,No
AVRO,1.5.0,lang/java/avro/src/main/java/org/apache/avro/generic/GenericDatumReader.java,org/apache/avro/generic/GenericDatumReader.java,358,5,2,4,81,34749,414,382,82,15,9,3,429,382,85,1477,674,295,88.0000,5.6538,16,No
AVRO,1.5.0,lang/java/avro/src/main/java/org/apache/avro/generic/GenericEnumSymbol.java,org/apache/avro/generic/GenericEnumSymbol.java,23,2,2,2,70,1820,25,24,12,1,1,0,26,24,13,1336,674,668,189.5000,7.6042,1,No
AVRO,1.5.0,lang/java/avro/src/main/java/org/apache/avro/generic/GenericDatumWriter.java,org/apache/avro/generic/GenericDatumWriter.java,181,3,2,2,81,17091,209,203,69,2,1,0,211,203,70,1438,674,479,136.6667,6.7150,13,No
AVRO,1.5.0,lang/java/avro/src/main/java/org/apache/avro/AvroRuntimeException.java,org/apache/avro/AvroRuntimeException.java,26,1,1,1,0,0,29,29,29,0,0,0,29,29,29,674,674,674,115.0000,8.4172,1,No
AVRO,1.5.0,lang/java/avro/src/main/java/org/apache/avro/AvroTypeException.java,org/apache/avro/AvroTypeException.java,25,1,1,1,0,0,29,29,29,0,0,0,29,29,29,674,674,674,115.0000,8.4172,0,No
AVRO,1.5.0,lang/java/ipc/src/main/java/org/apache/avro/ipc/specific/SpecificResponder.java,org/apache/avro/ipc/specific/SpecificResponder.java,86,2,2,2,24,3480,122,107,61,23,23,11,145,107,72,1119,1040,559,167.5000,6.5761,1,No
AVRO,1.5.0,lang/java/ipc/src/main/java/org/apache/avro/ipc/specific/SpecificRequestor.java,org/apache/avro/ipc/specific/SpecificRequestor.java,102,1,1,1,0,0,121,121,121,0,0,0,121,121,121,1040,1040,1040,300.0000,8.4726,3,No
AVRO,1.5.0,lang/java/ipc/src/main/java/org/apache/avro/ipc/RPCContext.java,org/apache/avro/ipc/RPCContext.java,186,2,2,2,82,19434,226,195,113,11,11,5,237,195,118,1389,715,694,191.0000,7.7200,12,No
AVRO,1.5.0,lang/java/ipc/src/main/java/org/apache/avro/ipc/trace/TracePlugin.java,org/apache/avro/ipc/trace/TracePlugin.java,333,2,1,2,43,16383,378,375,189,3,3,1,381,375,190,1265,674,632,182.5000,7.4889,41,No
AVRO,1.5.0,lang/java/ipc/src/main/java/org/apache/avro/ipc/trace/StaticServlet.java,org/apache/avro/ipc/trace/StaticServlet.java,44,1,1,1,0,0,50,50,50,0,0,0,50,50,50,674,674,674,115.0000,8.4172,1,No
AVRO,1.5.0,lang/java/ipc/src/main/java/org/apache/avro/ipc/trace/Util.java,org/apache/avro/ipc/trace/Util.java,200,1,1,1,0,0,222,222,222,0,0,0,222,222,222,674,674,674,115.0000,8.4172,45,No
AVRO,1.5.0,lang/java/ipc/src/main/java/org/apache/avro/ipc/trace/SpanStorage.java,org/apache/avro/ipc/trace/SpanStorage.java,50,1,1,1,0,0,57,57,57,0,0,0,57,57,57,674,674,674,115.0000,8.4172,0,No
AVRO,1.5.0,lang/java/ipc/src/main/java/org/apache/avro/ipc/trace/FileSpanStorage.java,org/apache/avro/ipc/trace/FileSpanStorage.java,316,1,1,1,0,0,359,359,359,0,0,0,359,359,359,674,674,674,115.0000,8.4172,33,No
AVRO,1.5.0,lang/java/ipc/src/main/java/org/apache/avro/ipc/trace/SpanAggregator.java,org/apache/avro/ipc/trace/SpanAggregator.java,162,1,1,1,0,0,180,180,180,0,0,0,180,180,180,674,674,674,115.0000,8.4172,24,No
AVRO,1.5.0,lang/java/ipc/src/main/java/org/apache/avro/ipc/trace/TraceNode.java,org/apache/avro/ipc/trace/TraceNode.java,123,1,1,1,0,0,139,139,139,0,0,0,139,139,139,674,674,674,115.0000,8.4172,4,No
AVRO,1.5.0,lang/java/ipc/src/main/java/org/apache/avro/ipc/trace/TracePluginConfiguration.java,org/apache/avro/ipc/trace/TracePluginConfiguration.java,70,1,1,1,0,0,75,75,75,0,0,0,75,75,75,674,674,674,115.0000,8.4172,2,No
AVRO,1.5.0,lang/java/ipc/src/main/java/org/apache/avro/ipc/trace/Trace.java,org/apache/avro/ipc/trace/Trace.java,222,1,1,1,0,0,243,243,243,0,0,0,243,243,243,674,674,674,115.0000,8.4172,17,No
AVRO,1.5.0,lang/java/ipc/src/main/java/org/apache/avro/ipc/trace/TraceClientServlet.java,org/apache/avro/ipc/trace/TraceClientServlet.java,232,2,1,2,43,11180,257,253,128,3,3,1,260,253,130,1265,674,632,182.5000,7.4889,16,No
AVRO,1.5.0,lang/java/ipc/src/main/java/org/apache/avro/ipc/trace/TraceCollection.java,org/apache/avro/ipc/trace/TraceCollection.java,271,1,1,1,0,0,306,306,306,0,0,0,306,306,306,674,674,674,115.0000,8.4172,28,No
AVRO,1.5.0,lang/java/ipc/src/main/java/org/apache/avro/ipc/trace/InMemorySpanStorage.java,org/apache/avro/ipc/trace/InMemorySpanStorage.java,69,1,1,1,0,0,78,78,78,0,0,0,78,78,78,674,674,674,115.0000,8.4172,1,No
AVRO,1.5.0,lang/java/ipc/src/main/java/org/apache/avro/ipc/reflect/ReflectResponder.java,org/apache/avro/ipc/reflect/ReflectResponder.java,52,2,2,2,24,1608,65,63,32,2,2,1,67,63,33,1119,1040,559,167.5000,6.5761,1,No
AVRO,1.5.0,lang/java/ipc/src/main/java/org/apache/avro/ipc/reflect/ReflectRequestor.java,org/apache/avro/ipc/reflect/ReflectRequestor.java,69,1,1,1,0,0,81,81,81,0,0,0,81,81,81,1040,1040,1040,300.0000,8.4726,2,No
AVRO,1.5.0,lang/java/ipc/src/main/java/org/apache/avro/ipc/HttpServer.java,org/apache/avro/ipc/HttpServer.java,94,2,2,2,70,7980,112,72,56,2,2,1,114,72,57,1327,674,663,189.0000,7.5952,4,No
AVRO,1.5.0,lang/java/ipc/src/main/java/org/apache/avro/ipc/DatagramServer.java,org/apache/avro/ipc/DatagramServer.java,64,1,1,1,0,0,80,80,80,0,0,0,80,80,80,674,674,674,115.0000,8.4172,4,No
AVRO,1.5.0,lang/java/ipc/src/main/java/org/apache/avro/ipc/HttpTransceiver.java,org/apache/avro/ipc/HttpTransceiver.java,98,1,1,1,0,0,112,112,112,0,0,0,112,112,112,674,674,674,115.0000,8.4172,1,No
AVRO,1.5.0,lang/java/ipc/src/main/java/org/apache/avro/ipc/SaslSocketServer.java,org/apache/avro/ipc/SaslSocketServer.java,90,1,1,1,0,0,102,102,102,0,0,0,102,102,102,674,674,674,115.0000,8.4172,14,No
AVRO,1.5.0,lang/java/ipc/src/main/java/org/apache/avro/ipc/DatagramTransceiver.java,org/apache/avro/ipc/DatagramTransceiver.java,73,1,1,1,0,0,85,85,85,0,0,0,85,85,85,674,674,674,115.0000,8.4172,3,No
AVRO,1.5.0,lang/java/ipc/src/main/java/org/apache/avro/ipc/NettyTransportCodec.java,org/apache/avro/ipc/NettyTransportCodec.java,153,1,1,1,0,0,183,183,183,0,0,0,183,183,183,674,674,674,115.0000,8.4172,9,No
AVRO,1.5.0,lang/java/ipc/src/main/java/org/apache/avro/ipc/LocalTransceiver.java,org/apache/avro/ipc/LocalTransceiver.java,45,1,1,1,0,0,52,52,52,0,0,0,52,52,52,674,674,674,115.0000,8.4172,1,No
AVRO,1.5.0,lang/java/ipc/src/main/java/org/apache/avro/ipc/SaslSocketTransceiver.java,org/apache/avro/ipc/SaslSocketTransceiver.java,342,2,1,2,43,16770,390,389,195,0,0,0,390,389,195,1265,674,632,182.5000,7.4889,45,No
AVRO,1.5.0,lang/java/ipc/src/main/java/org/apache/avro/ipc/Transceiver.java,org/apache/avro/ipc/Transceiver.java,59,1,1,1,0,0,72,72,72,0,0,0,72,72,72,674,674,674,115.0000,8.4172,1,No
AVRO,1.5.0,lang/java/ipc/src/main/java/org/apache/avro/ipc/NettyTransceiver.java,org/apache/avro/ipc/NettyTransceiver.java,231,3,2,3,70,19180,272,264,90,2,2,0,274,264,91,1359,674,453,130.6667,6.3928,15,No
AVRO,1.5.0,lang/java/ipc/src/main/java/org/apache/avro/ipc/RPCPlugin.java,org/apache/avro/ipc/RPCPlugin.java,65,1,1,1,0,0,76,76,76,0,0,0,76,76,76,674,674,674,115.0000,8.4172,0,No
AVRO,1.5.0,lang/java/ipc/src/main/java/org/apache/avro/ipc/SocketTransceiver.java,org/apache/avro/ipc/SocketTransceiver.java,101,1,1,1,0,0,120,120,120,0,0,0,120,120,120,674,674,674,115.0000,8.4172,5,No
AVRO,1.5.0,lang/java/ipc/src/main/java/org/apache/avro/ipc/generic/GenericResponder.java,org/apache/avro/ipc/generic/GenericResponder.java,58,2,2,2,24,1872,74,59,37,4,4,2,78,59,39,1119,1040,559,167.5000,6.5761,1,No
AVRO,1.5.0,lang/java/ipc/src/main/java/org/apache/avro/ipc/generic/GenericRequestor.java,org/apache/avro/ipc/generic/GenericRequestor.java,66,1,1,1,0,0,76,76,76,0,0,0,76,76,76,1040,1040,1040,300.0000,8.4726,4,No
AVRO,1.5.0,lang/java/ipc/src/main/java/org/apache/avro/ipc/ResponderServlet.java,org/apache/avro/ipc/ResponderServlet.java,48,1,1,1,0,0,56,56,56,0,0,0,56,56,56,674,674,674,115.0000,8.4172,1,No
AVRO,1.5.0,lang/java/ipc/src/main/java/org/apache/avro/ipc/Server.java,org/apache/avro/ipc/Server.java,29,1,1,1,0,0,35,35,35,0,0,0,35,35,35,674,674,674,115.0000,8.4172,0,No
AVRO,1.5.0,lang/java/ipc/src/main/java/org/apache/avro/ipc/Requestor.java,org/apache/avro/ipc/Requestor.java,242,7,2,7,82,25748,300,272,42,14,4,2,314,272,44,1499,674,214,65.4286,5.3244,15,No
AVRO,1.5.0,lang/java/ipc/src/main/java/org/apache/avro/ipc/NettyServer.java,org/apache/avro/ipc/NettyServer.java,136,2,2,2,22,3498,157,151,78,2,2,1,159,151,79,706,674,353,65.0000,6.2319,9,No
AVRO,1.5.0,lang/java/ipc/src/main/java/org/apache/avro/ipc/SocketServer.java,org/apache/avro/ipc/SocketServer.java,123,2,1,2,43,6278,145,144,72,1,1,0,146,144,73,1265,674,632,182.5000,7.4889,19,No
AVRO,1.5.0,lang/java/ipc/src/main/java/org/apache/avro/ipc/stats/StatsServer.java,org/apache/avro/ipc/stats/StatsServer.java,48,1,1,1,0,0,54,54,54,0,0,0,54,54,54,674,674,674,115.0000,8.4172,2,No
AVRO,1.5.0,lang/java/ipc/src/main/java/org/apache/avro/ipc/stats/StaticServlet.java,org/apache/avro/ipc/stats/StaticServlet.java,41,1,1,1,0,0,46,46,46,0,0,0,46,46,46,674,674,674,115.0000,8.4172,1,No
AVRO,1.5.0,lang/java/ipc/src/main/java/org/apache/avro/ipc/stats/FloatHistogram.java,org/apache/avro/ipc/stats/FloatHistogram.java,49,1,1,1,0,0,54,54,54,0,0,0,54,54,54,674,674,674,115.0000,8.4172,4,No
AVRO,1.5.0,lang/java/ipc/src/main/java/org/apache/avro/ipc/stats/Stopwatch.java,org/apache/avro/ipc/stats/Stopwatch.java,66,1,1,1,0,0,74,74,74,0,0,0,74,74,74,674,674,674,115.0000,8.4172,9,No
AVRO,1.5.0,lang/java/ipc/src/main/java/org/apache/avro/ipc/stats/StatsPlugin.java,org/apache/avro/ipc/stats/StatsPlugin.java,199,1,1,1,0,0,226,226,226,0,0,0,226,226,226,674,674,674,115.0000,8.4172,2,No
AVRO,1.5.0,lang/java/ipc/src/main/java/org/apache/avro/ipc/stats/StatsServlet.java,org/apache/avro/ipc/stats/StatsServlet.java,234,1,1,1,0,0,270,270,270,0,0,0,270,270,270,674,674,674,115.0000,8.4172,45,No
AVRO,1.5.0,lang/java/ipc/src/main/java/org/apache/avro/ipc/stats/IntegerHistogram.java,org/apache/avro/ipc/stats/IntegerHistogram.java,50,1,1,1,0,0,55,55,55,0,0,0,55,55,55,674,674,674,115.0000,8.4172,4,No
AVRO,1.5.0,lang/java/ipc/src/main/java/org/apache/avro/ipc/stats/Histogram.java,org/apache/avro/ipc/stats/Histogram.java,234,1,1,1,0,0,267,267,267,0,0,0,267,267,267,674,674,674,115.0000,8.4172,31,No
AVRO,1.5.0,lang/java/ipc/src/main/java/org/apache/avro/ipc/Responder.java,org/apache/avro/ipc/Responder.java,222,8,2,8,82,24354,278,249,34,19,7,2,297,249,37,1515,674,189,59.2500,5.2288,36,No
AVRO,1.5.0,lang/java/ipc/src/main/java/org/apache/avro/ipc/Ipc.java,org/apache/avro/ipc/Ipc.java,47,1,1,1,0,0,53,53,53,0,0,0,53,53,53,674,674,674,115.0000,8.4172,5,No
AVRO,1.5.0,lang/java/compiler/src/main/java/org/apache/avro/compiler/specific/SchemaTask.java,org/apache/avro/compiler/specific/SchemaTask.java,27,1,1,1,0,0,30,30,30,0,0,0,30,30,30,1040,1040,1040,300.0000,8.4726,0,No
AVRO,1.5.0,lang/java/compiler/src/main/java/org/apache/avro/compiler/specific/ProtocolTask.java,org/apache/avro/compiler/specific/ProtocolTask.java,69,1,1,1,0,0,81,81,81,0,0,0,81,81,81,1040,1040,1040,300.0000,8.4726,4,No
AVRO,1.5.0,lang/java/compiler/src/main/java/org/apache/avro/compiler/specific/SpecificCompiler.java,org/apache/avro/compiler/specific/SpecificCompiler.java,392,1,1,1,0,0,431,431,431,0,0,0,431,431,431,1040,1040,1040,300.0000,8.4726,23,No
AVRO,1.5.1,lang/java/tools/src/main/java/org/apache/avro/tool/JsonToBinaryFragmentTool.java,org/apache/avro/tool/JsonToBinaryFragmentTool.java,74,3,2,3,72,6552,86,78,28,5,3,1,91,78,30,1429,689,476,132.6667,6.4326,4,No
AVRO,1.5.1,lang/java/tools/src/main/java/org/apache/avro/tool/Util.java,org/apache/avro/tool/Util.java,113,2,2,2,72,9360,125,119,62,5,5,2,130,119,65,1384,710,692,191.0000,7.7115,7,No
AVRO,1.5.1,lang/java/tools/src/main/java/org/apache/avro/tool/IdlTool.java,org/apache/avro/tool/IdlTool.java,68,2,1,2,43,3483,80,79,40,1,1,0,81,79,40,1265,674,632,182.5000,7.4889,5,No
AVRO,1.5.1,lang/java/tools/src/main/java/org/apache/avro/tool/FromTextTool.java,org/apache/avro/tool/FromTextTool.java,83,3,2,2,141,30597,158,99,52,59,45,19,217,99,72,1609,810,536,153.6667,7.3235,5,No
AVRO,1.5.1,lang/java/tools/src/main/java/org/apache/avro/tool/RpcSendTool.java,org/apache/avro/tool/RpcSendTool.java,105,3,1,3,71,8804,121,118,40,3,2,1,124,118,41,1401,674,467,136.6667,6.7708,2,No
AVRO,1.5.1,lang/java/tools/src/main/java/org/apache/avro/tool/ToTextTool.java,org/apache/avro/tool/ToTextTool.java,74,3,2,2,141,14100,94,88,31,6,3,2,100,88,33,1609,810,536,153.6667,7.3235,2,No
AVRO,1.5.1,lang/java/tools/src/main/java/org/apache/avro/tool/TetherTool.java,org/apache/avro/tool/TetherTool.java,83,2,1,2,17,1615,95,78,47,0,0,0,95,78,47,1164,1045,582,172.0000,6.4598,2,No
AVRO,1.5.1,lang/java/tools/src/main/java/org/apache/avro/tool/DataFileGetSchemaTool.java,org/apache/avro/tool/DataFileGetSchemaTool.java,48,1,1,1,0,0,54,54,54,0,0,0,54,54,54,674,674,674,115.0000,8.4172,1,No
AVRO,1.5.1,lang/java/tools/src/main/java/org/apache/avro/tool/Tool.java,org/apache/avro/tool/Tool.java,47,1,1,1,0,0,51,51,51,0,0,0,51,51,51,1040,1040,1040,300.0000,8.4726,1,No
AVRO,1.5.1,lang/java/tools/src/main/java/org/apache/avro/tool/DataFileReadTool.java,org/apache/avro/tool/DataFileReadTool.java,69,2,1,2,71,6177,82,79,41,5,5,2,87,79,43,1363,689,681,190.0000,7.6767,1,No
AVRO,1.5.1,lang/java/tools/src/main/java/org/apache/avro/tool/Main.java,org/apache/avro/tool/Main.java,87,3,1,3,43,4644,103,102,34,5,3,1,108,102,36,1264,674,421,124.6667,6.7898,11,No
AVRO,1.5.1,lang/java/tools/src/main/java/org/apache/avro/tool/BinaryFragmentToJsonTool.java,org/apache/avro/tool/BinaryFragmentToJsonTool.java,80,3,2,3,72,6552,88,85,29,3,2,1,91,85,30,1429,689,476,132.6667,6.4326,4,No
AVRO,1.5.1,lang/java/tools/src/main/java/org/apache/avro/tool/DataFileWriteTool.java,org/apache/avro/tool/DataFileWriteTool.java,125,2,2,2,72,10152,139,137,69,2,2,1,141,137,70,1384,710,692,191.0000,7.7115,6,No
AVRO,1.5.1,lang/java/tools/src/main/java/org/apache/avro/tool/SpecificCompilerTool.java,org/apache/avro/tool/SpecificCompilerTool.java,58,2,1,2,4,256,64,47,32,0,0,0,64,47,32,1074,1040,537,158.0000,5.9845,5,No
AVRO,1.5.1,lang/java/tools/src/main/java/org/apache/avro/tool/RecodecTool.java,org/apache/avro/tool/RecodecTool.java,104,1,1,1,0,0,115,115,115,0,0,0,115,115,115,674,674,674,115.0000,8.4172,9,No
AVRO,1.5.1,lang/java/tools/src/main/java/org/apache/avro/tool/InduceSchemaTool.java,org/apache/avro/tool/InduceSchemaTool.java,69,1,1,1,0,0,76,76,76,0,0,0,76,76,76,1040,1040,1040,300.0000,8.4726,6,No
AVRO,1.5.1,lang/java/tools/src/main/java/org/apache/avro/tool/RpcReceiveTool.java,org/apache/avro/tool/RpcReceiveTool.java,162,3,1,3,71,13206,183,178,61,3,2,1,186,178,62,1401,674,467,136.6667,6.7708,6,No
AVRO,1.5.1,lang/java/maven-plugin/src/main/java/org/apache/avro/mojo/ProtocolMojo.java,org/apache/avro/mojo/ProtocolMojo.java,58,4,2,3,141,10152,69,66,17,3,1,0,72,66,18,1697,674,424,127.2500,6.9816,4,No
AVRO,1.5.1,lang/java/maven-plugin/src/main/java/org/apache/avro/mojo/SchemaMojo.java,org/apache/avro/mojo/SchemaMojo.java,58,4,2,3,141,10152,69,66,17,3,1,0,72,66,18,1697,674,424,127.2500,6.9816,4,No
AVRO,1.5.1,lang/java/maven-plugin/src/main/java/org/apache/avro/mojo/AbstractAvroMojo.java,org/apache/avro/mojo/AbstractAvroMojo.java,126,1,1,1,0,0,143,143,143,0,0,0,143,143,143,674,674,674,115.0000,8.4172,1,No
AVRO,1.5.1,lang/java/maven-plugin/src/main/java/org/apache/avro/mojo/IDLProtocolMojo.java,org/apache/avro/mojo/IDLProtocolMojo.java,69,4,2,3,141,12408,83,78,20,5,3,1,88,78,22,1697,674,424,127.2500,6.9816,4,No
AVRO,1.5.1,lang/java/mapred/src/main/java/org/apache/avro/mapred/AvroKeyComparator.java,org/apache/avro/mapred/AvroKeyComparator.java,41,3,2,3,62,3472,53,50,17,3,2,1,56,50,18,1309,674,436,126.6667,5.9905,0,No
AVRO,1.5.1,lang/java/mapred/src/main/java/org/apache/avro/mapred/SequenceFileRecordReader.java,org/apache/avro/mapred/SequenceFileRecordReader.java,29,1,1,1,0,0,36,36,36,0,0,0,36,36,36,674,674,674,115.0000,8.4172,0,No
AVRO,1.5.1,lang/java/mapred/src/main/java/org/apache/avro/mapred/Pair.java,org/apache/avro/mapred/Pair.java,494,2,2,2,13,6786,522,452,261,0,0,0,522,452,261,691,674,345,61.5000,5.6518,11,No
AVRO,1.5.1,lang/java/mapred/src/main/java/org/apache/avro/mapred/FsInput.java,org/apache/avro/mapred/FsInput.java,49,1,1,1,0,0,60,60,60,0,0,0,60,60,60,674,674,674,115.0000,8.4172,1,No
AVRO,1.5.1,lang/java/mapred/src/main/java/org/apache/avro/mapred/HadoopCombiner.java,org/apache/avro/mapred/HadoopCombiner.java,52,1,1,1,0,0,62,62,62,0,0,0,62,62,62,674,674,674,115.0000,8.4172,3,No
AVRO,1.5.1,lang/java/mapred/src/main/java/org/apache/avro/mapred/AvroUtf8InputFormat.java,org/apache/avro/mapred/AvroUtf8InputFormat.java,96,1,1,1,0,0,117,117,117,0,0,0,117,117,117,674,674,674,115.0000,8.4172,8,No
AVRO,1.5.1,lang/java/mapred/src/main/java/org/apache/avro/mapred/HadoopMapper.java,org/apache/avro/mapred/HadoopMapper.java,72,3,2,2,141,14523,93,83,31,10,8,3,103,83,34,1609,810,536,153.6667,7.3235,3,No
AVRO,1.5.1,lang/java/mapred/src/main/java/org/apache/avro/mapred/AvroSerialization.java,org/apache/avro/mapred/AvroSerialization.java,120,4,2,4,72,11520,152,135,38,8,4,2,160,135,40,1440,683,360,101.2500,5.5375,12,No
AVRO,1.5.1,lang/java/mapred/src/main/java/org/apache/avro/mapred/SequenceFileReader.java,org/apache/avro/mapred/SequenceFileReader.java,213,1,1,1,0,0,247,247,247,0,0,0,247,247,247,674,674,674,115.0000,8.4172,13,No
AVRO,1.5.1,lang/java/mapred/src/main/java/org/apache/avro/mapred/AvroKey.java,org/apache/avro/mapred/AvroKey.java,25,2,2,2,70,1960,28,25,14,0,0,0,28,25,14,1339,674,669,189.5000,7.6055,0,No
AVRO,1.5.1,lang/java/mapred/src/main/java/org/apache/avro/mapred/tether/TetherInputFormat.java,org/apache/avro/mapred/tether/TetherInputFormat.java,49,1,1,1,0,0,58,58,58,0,0,0,58,58,58,674,674,674,115.0000,8.4172,0,No
AVRO,1.5.1,lang/java/mapred/src/main/java/org/apache/avro/mapred/tether/TetherKeySerialization.java,org/apache/avro/mapred/tether/TetherKeySerialization.java,72,3,2,3,72,7200,96,91,32,4,3,1,100,91,33,1429,689,476,132.6667,6.4326,12,No
AVRO,1.5.1,lang/java/mapred/src/main/java/org/apache/avro/mapred/tether/TetheredProcess.java,org/apache/avro/mapred/tether/TetheredProcess.java,113,2,1,2,43,5848,134,132,67,2,2,1,136,132,68,1265,674,632,182.5000,7.4889,8,No
AVRO,1.5.1,lang/java/mapred/src/main/java/org/apache/avro/mapred/tether/TetherPartitioner.java,org/apache/avro/mapred/tether/TetherPartitioner.java,47,1,1,1,0,0,59,59,59,0,0,0,59,59,59,674,674,674,115.0000,8.4172,2,No
AVRO,1.5.1,lang/java/mapred/src/main/java/org/apache/avro/mapred/tether/TetherData.java,org/apache/avro/mapred/tether/TetherData.java,34,1,1,1,0,0,42,42,42,0,0,0,42,42,42,674,674,674,115.0000,8.4172,9,No
AVRO,1.5.1,lang/java/mapred/src/main/java/org/apache/avro/mapred/tether/TetherOutputFormat.java,org/apache/avro/mapred/tether/TetherOutputFormat.java,67,1,1,1,0,0,80,80,80,0,0,0,80,80,80,674,674,674,115.0000,8.4172,4,No
AVRO,1.5.1,lang/java/mapred/src/main/java/org/apache/avro/mapred/tether/TetherRecordReader.java,org/apache/avro/mapred/tether/TetherRecordReader.java,67,1,1,1,0,0,84,84,84,0,0,0,84,84,84,674,674,674,115.0000,8.4172,12,No
AVRO,1.5.1,lang/java/mapred/src/main/java/org/apache/avro/mapred/tether/TetherKeyComparator.java,org/apache/avro/mapred/tether/TetherKeyComparator.java,51,2,1,2,62,4030,63,61,31,2,2,1,65,61,32,1301,674,650,186.5000,7.5683,1,No
AVRO,1.5.1,lang/java/mapred/src/main/java/org/apache/avro/mapred/tether/TetherReducer.java,org/apache/avro/mapred/tether/TetherReducer.java,73,1,1,1,0,0,82,82,82,0,0,0,82,82,82,674,674,674,115.0000,8.4172,10,No
AVRO,1.5.1,lang/java/mapred/src/main/java/org/apache/avro/mapred/tether/TetherMapRunner.java,org/apache/avro/mapred/tether/TetherMapRunner.java,76,1,1,1,0,0,93,93,93,0,0,0,93,93,93,674,674,674,115.0000,8.4172,14,No
AVRO,1.5.1,lang/java/mapred/src/main/java/org/apache/avro/mapred/tether/TetherOutputService.java,org/apache/avro/mapred/tether/TetherOutputService.java,83,1,1,1,0,0,101,101,101,0,0,0,101,101,101,674,674,674,115.0000,8.4172,22,No
AVRO,1.5.1,lang/java/mapred/src/main/java/org/apache/avro/mapred/tether/TetherJob.java,org/apache/avro/mapred/tether/TetherJob.java,77,2,1,2,29,6641,160,156,80,69,69,34,229,156,114,1174,674,587,169.0000,7.4392,1,No
AVRO,1.5.1,lang/java/mapred/src/main/java/org/apache/avro/mapred/AvroValue.java,org/apache/avro/mapred/AvroValue.java,25,2,2,2,70,1960,28,25,14,0,0,0,28,25,14,1339,674,669,189.5000,7.6055,0,No
AVRO,1.5.1,lang/java/mapred/src/main/java/org/apache/avro/mapred/SequenceFileInputFormat.java,org/apache/avro/mapred/SequenceFileInputFormat.java,37,1,1,1,0,0,43,43,43,0,0,0,43,43,43,674,674,674,115.0000,8.4172,0,No
AVRO,1.5.1,lang/java/mapred/src/main/java/org/apache/avro/mapred/AvroOutputFormat.java,org/apache/avro/mapred/AvroOutputFormat.java,93,5,2,4,141,18471,122,101,24,9,6,1,131,101,26,1622,790,324,96.0000,5.7081,2,No
AVRO,1.5.1,lang/java/mapred/src/main/java/org/apache/avro/mapred/AvroRecordReader.java,org/apache/avro/mapred/AvroRecordReader.java,72,2,2,2,13,1170,89,85,44,1,1,0,90,85,45,691,674,345,61.5000,5.6518,0,No
AVRO,1.5.1,lang/java/mapred/src/main/java/org/apache/avro/mapred/AvroCollector.java,org/apache/avro/mapred/AvroCollector.java,24,1,1,1,0,0,28,28,28,0,0,0,28,28,28,674,674,674,115.0000,8.4172,0,No
AVRO,1.5.1,lang/java/mapred/src/main/java/org/apache/avro/mapred/HadoopReducer.java,org/apache/avro/mapred/HadoopReducer.java,50,1,1,1,0,0,60,60,60,0,0,0,60,60,60,674,674,674,115.0000,8.4172,3,No
AVRO,1.5.1,lang/java/mapred/src/main/java/org/apache/avro/mapred/AvroInputFormat.java,org/apache/avro/mapred/AvroInputFormat.java,48,1,1,1,0,0,56,56,56,0,0,0,56,56,56,674,674,674,115.0000,8.4172,0,No
AVRO,1.5.1,lang/java/mapred/src/main/java/org/apache/avro/mapred/AvroReducer.java,org/apache/avro/mapred/AvroReducer.java,43,3,2,2,141,13395,73,51,24,22,18,7,95,51,31,1609,810,536,153.6667,7.3235,0,No
AVRO,1.5.1,lang/java/mapred/src/main/java/org/apache/avro/mapred/AvroJob.java,org/apache/avro/mapred/AvroJob.java,156,4,2,3,141,28341,194,167,48,7,7,1,201,167,50,1602,796,400,116.5000,6.1772,2,No
AVRO,1.5.1,lang/java/mapred/src/main/java/org/apache/avro/mapred/HadoopReducerBase.java,org/apache/avro/mapred/HadoopReducerBase.java,53,3,2,2,141,10293,68,63,22,5,5,1,73,63,24,1609,810,536,153.6667,7.3235,6,No
AVRO,1.5.1,lang/java/mapred/src/main/java/org/apache/avro/mapred/AvroWrapper.java,org/apache/avro/mapred/AvroWrapper.java,48,2,2,2,70,3990,57,54,28,0,0,0,57,54,28,1339,674,669,189.5000,7.6055,3,No
AVRO,1.5.1,lang/java/mapred/src/main/java/org/apache/avro/mapred/AvroMapper.java,org/apache/avro/mapred/AvroMapper.java,34,3,2,2,141,11421,61,41,20,20,17,6,81,41,27,1609,810,536,153.6667,7.3235,0,No
AVRO,1.5.1,lang/java/avro/src/main/java/org/apache/avro/UnresolvedUnionException.java,org/apache/avro/UnresolvedUnionException.java,34,1,1,1,0,0,39,39,39,0,0,0,39,39,39,679,679,679,115.0000,8.4266,2,No
AVRO,1.5.1,lang/java/avro/src/main/java/org/apache/avro/specific/SpecificData.java,org/apache/avro/specific/SpecificData.java,184,5,2,4,141,29610,206,194,41,4,2,0,210,194,42,1467,674,293,86.0000,5.0220,12,No
AVRO,1.5.1,lang/java/avro/src/main/java/org/apache/avro/specific/FixedSize.java,org/apache/avro/specific/FixedSize.java,34,1,1,1,0,0,37,37,37,0,0,0,37,37,37,674,674,674,115.0000,8.4172,0,No
AVRO,1.5.1,lang/java/avro/src/main/java/org/apache/avro/specific/SpecificFixed.java,org/apache/avro/specific/SpecificFixed.java,25,2,2,2,70,2100,29,28,14,1,1,0,30,28,15,1336,674,668,189.5000,7.6042,0,No
AVRO,1.5.1,lang/java/avro/src/main/java/org/apache/avro/specific/SpecificRecord.java,org/apache/avro/specific/SpecificRecord.java,23,1,1,1,0,0,26,26,26,0,0,0,26,26,26,674,674,674,115.0000,8.4172,0,No
AVRO,1.5.1,lang/java/avro/src/main/java/org/apache/avro/specific/SpecificRecordBase.java,org/apache/avro/specific/SpecificRecordBase.java,45,1,1,1,0,0,54,54,54,0,0,0,54,54,54,674,674,674,115.0000,8.4172,1,No
AVRO,1.5.1,lang/java/avro/src/main/java/org/apache/avro/specific/SpecificDatumReader.java,org/apache/avro/specific/SpecificDatumReader.java,92,1,1,1,0,0,107,107,107,0,0,0,107,107,107,674,674,674,115.0000,8.4172,3,No
AVRO,1.5.1,lang/java/avro/src/main/java/org/apache/avro/specific/SpecificDatumWriter.java,org/apache/avro/specific/SpecificDatumWriter.java,48,2,2,2,19,1140,59,56,29,1,1,0,60,56,30,695,674,347,63.0000,5.8117,0,No
AVRO,1.5.1,lang/java/avro/src/main/java/org/apache/avro/specific/SpecificExceptionBase.java,org/apache/avro/specific/SpecificExceptionBase.java,36,2,1,2,43,1978,45,44,22,1,1,0,46,44,23,1265,674,632,182.5000,7.4889,3,No
AVRO,1.5.1,lang/java/avro/src/main/java/org/apache/avro/SchemaParseException.java,org/apache/avro/SchemaParseException.java,23,1,1,1,0,0,26,26,26,0,0,0,26,26,26,674,674,674,115.0000,8.4172,0,No
AVRO,1.5.1,lang/java/avro/src/main/java/org/apache/avro/util/ByteBufferOutputStream.java,org/apache/avro/util/ByteBufferOutputStream.java,93,1,1,1,0,0,107,107,107,0,0,0,107,107,107,1040,1040,1040,300.0000,8.4726,4,No
AVRO,1.5.1,lang/java/avro/src/main/java/org/apache/avro/util/WeakIdentityHashMap.java,org/apache/avro/util/WeakIdentityHashMap.java,152,1,1,1,0,0,169,169,169,0,0,0,169,169,169,674,674,674,115.0000,8.4172,21,No
AVRO,1.5.1,lang/java/avro/src/main/java/org/apache/avro/util/Utf8.java,org/apache/avro/util/Utf8.java,113,2,1,2,71,10508,140,132,70,8,8,4,148,132,74,1363,689,681,190.0000,7.6767,7,No
AVRO,1.5.1,lang/java/avro/src/main/java/org/apache/avro/util/ByteBufferInputStream.java,org/apache/avro/util/ByteBufferInputStream.java,80,1,1,1,0,0,89,89,89,0,0,0,89,89,89,1040,1040,1040,300.0000,8.4726,1,No
AVRO,1.5.1,lang/java/avro/src/main/java/org/apache/avro/file/DataFileReader.java,org/apache/avro/file/DataFileReader.java,216,4,2,4,82,21156,252,208,63,6,3,1,258,208,64,1461,674,365,106.0000,6.1913,11,No
AVRO,1.5.1,lang/java/avro/src/main/java/org/apache/avro/file/DataFileReader12.java,org/apache/avro/file/DataFileReader12.java,199,2,2,2,72,16488,228,221,114,1,1,0,229,221,114,1384,710,692,191.0000,7.7115,23,No
AVRO,1.5.1,lang/java/avro/src/main/java/org/apache/avro/file/DataFileWriter.java,org/apache/avro/file/DataFileWriter.java,332,3,2,3,71,28755,390,370,130,15,13,5,405,370,135,1403,674,467,136.6667,6.6790,13,No
AVRO,1.5.1,lang/java/avro/src/main/java/org/apache/avro/file/FileReader.java,org/apache/avro/file/FileReader.java,41,1,1,1,0,0,49,49,49,0,0,0,49,49,49,674,674,674,115.0000,8.4172,0,No
AVRO,1.5.1,lang/java/avro/src/main/java/org/apache/avro/file/DataFileConstants.java,org/apache/avro/file/DataFileConstants.java,35,4,2,3,141,6204,42,38,10,2,1,0,44,38,11,1618,790,404,118.7500,6.5285,2,No
AVRO,1.5.1,lang/java/avro/src/main/java/org/apache/avro/file/SeekableFileInput.java,org/apache/avro/file/SeekableFileInput.java,31,1,1,1,0,0,37,37,37,0,0,0,37,37,37,674,674,674,115.0000,8.4172,0,No
AVRO,1.5.1,lang/java/avro/src/main/java/org/apache/avro/file/DeflateCodec.java,org/apache/avro/file/DeflateCodec.java,128,1,1,1,0,0,145,145,145,0,0,0,145,145,145,674,674,674,115.0000,8.4172,5,No
AVRO,1.5.1,lang/java/avro/src/main/java/org/apache/avro/file/DataFileStream.java,org/apache/avro/file/DataFileStream.java,324,4,2,4,72,29232,385,341,96,21,19,5,406,341,101,1469,674,367,107.0000,5.9953,29,No
AVRO,1.5.1,lang/java/avro/src/main/java/org/apache/avro/file/NullCodec.java,org/apache/avro/file/NullCodec.java,54,1,1,1,0,0,64,64,64,0,0,0,64,64,64,674,674,674,115.0000,8.4172,2,No
AVRO,1.5.1,lang/java/avro/src/main/java/org/apache/avro/file/Codec.java,org/apache/avro/file/Codec.java,48,1,1,1,0,0,50,50,50,0,0,0,50,50,50,674,674,674,115.0000,8.4172,0,No
AVRO,1.5.1,lang/java/avro/src/main/java/org/apache/avro/file/LengthLimitedInputStream.java,org/apache/avro/file/LengthLimitedInputStream.java,75,1,1,1,0,0,85,85,85,0,0,0,85,85,85,674,674,674,115.0000,8.4172,1,No
AVRO,1.5.1,lang/java/avro/src/main/java/org/apache/avro/file/CodecFactory.java,org/apache/avro/file/CodecFactory.java,64,3,2,2,141,12408,82,76,27,6,6,2,88,76,29,1590,801,530,153.0000,7.2810,0,No
AVRO,1.5.1,lang/java/avro/src/main/java/org/apache/avro/file/SeekableInput.java,org/apache/avro/file/SeekableInput.java,31,2,2,2,82,3280,39,37,19,1,1,0,40,37,20,1388,714,694,191.0000,7.7166,0,No
AVRO,1.5.1,lang/java/avro/src/main/java/org/apache/avro/Schema.java,org/apache/avro/Schema.java,1235,6,2,5,141,193170,1361,1344,226,9,6,1,1370,1344,228,1694,674,282,87.8333,5.9037,202,No
AVRO,1.5.1,lang/java/avro/src/main/java/org/apache/avro/Protocol.java,org/apache/avro/Protocol.java,384,1,1,1,0,0,450,450,450,0,0,0,450,450,450,674,674,674,115.0000,8.4172,24,No
AVRO,1.5.1,lang/java/avro/src/main/java/org/apache/avro/reflect/ReflectDatumReader.java,org/apache/avro/reflect/ReflectDatumReader.java,124,1,1,1,0,0,140,140,140,0,0,0,140,140,140,674,674,674,115.0000,8.4172,1,No
AVRO,1.5.1,lang/java/avro/src/main/java/org/apache/avro/reflect/Union.java,org/apache/avro/reflect/Union.java,37,1,1,1,0,0,39,39,39,0,0,0,39,39,39,674,674,674,115.0000,8.4172,0,No
AVRO,1.5.1,lang/java/avro/src/main/java/org/apache/avro/reflect/ReflectDatumWriter.java,org/apache/avro/reflect/ReflectDatumWriter.java,97,5,2,4,141,17061,116,109,23,5,2,1,121,109,24,1513,674,302,89.2000,5.4236,10,No
AVRO,1.5.1,lang/java/avro/src/main/java/org/apache/avro/reflect/Stringable.java,org/apache/avro/reflect/Stringable.java,32,1,1,1,0,0,34,34,34,0,0,0,34,34,34,674,674,674,115.0000,8.4172,0,No
AVRO,1.5.1,lang/java/avro/src/main/java/org/apache/avro/reflect/ReflectData.java,org/apache/avro/reflect/ReflectData.java,435,6,2,5,141,69654,486,477,81,8,4,1,494,477,82,1514,674,252,75.6667,5.1185,27,No
AVRO,1.5.1,lang/java/avro/src/main/java/org/apache/avro/reflect/Nullable.java,org/apache/avro/reflect/Nullable.java,31,1,1,1,0,0,33,33,33,0,0,0,33,33,33,674,674,674,115.0000,8.4172,0,No
AVRO,1.5.1,lang/java/avro/src/main/java/org/apache/avro/io/ResolvingDecoder.java,org/apache/avro/io/ResolvingDecoder.java,250,2,2,2,72,20376,275,261,137,8,8,4,283,261,141,1384,710,692,191.0000,7.7115,6,No
AVRO,1.5.1,lang/java/avro/src/main/java/org/apache/avro/io/BinaryDecoder.java,org/apache/avro/io/BinaryDecoder.java,889,3,2,3,72,80352,1044,983,348,72,43,24,1116,983,372,1439,674,479,137.3333,6.8523,78,No
AVRO,1.5.1,lang/java/avro/src/main/java/org/apache/avro/io/BinaryData.java,org/apache/avro/io/BinaryData.java,406,4,2,4,72,31392,432,294,108,4,3,1,436,294,109,1466,674,366,106.5000,5.9800,105,No
AVRO,1.5.1,lang/java/avro/src/main/java/org/apache/avro/io/BufferedBinaryEncoder.java,org/apache/avro/io/BufferedBinaryEncoder.java,186,2,2,2,0,0,206,205,103,1,1,0,207,205,103,1119,1053,559,159.5000,6.2147,8,No
AVRO,1.5.1,lang/java/avro/src/main/java/org/apache/avro/io/Decoder.java,org/apache/avro/io/Decoder.java,249,4,2,4,75,23475,295,287,73,18,15,4,313,287,78,1448,689,362,102.0000,5.8041,1,No
AVRO,1.5.1,lang/java/avro/src/main/java/org/apache/avro/io/ValidatingEncoder.java,org/apache/avro/io/ValidatingEncoder.java,187,4,2,4,75,19650,240,215,60,22,20,5,262,215,65,1448,689,362,102.0000,5.8041,5,No
AVRO,1.5.1,lang/java/avro/src/main/java/org/apache/avro/io/DecoderFactory.java,org/apache/avro/io/DecoderFactory.java,294,4,2,4,75,38400,414,232,103,98,93,24,512,270,128,1448,689,362,102.0000,5.8041,4,No
AVRO,1.5.1,lang/java/avro/src/main/java/org/apache/avro/io/ParsingEncoder.java,org/apache/avro/io/ParsingEncoder.java,60,1,1,1,0,0,70,70,70,0,0,0,70,70,70,674,674,674,115.0000,8.4172,1,No
AVRO,1.5.1,lang/java/avro/src/main/java/org/apache/avro/io/EncoderFactory.java,org/apache/avro/io/EncoderFactory.java,318,3,2,3,4,1480,353,334,117,17,13,5,370,334,123,1138,1053,379,109.6667,5.4493,4,No
AVRO,1.5.1,lang/java/avro/src/main/java/org/apache/avro/io/JsonDecoder.java,org/apache/avro/io/JsonDecoder.java,422,3,2,3,75,38925,492,426,164,27,26,9,519,426,173,1403,710,467,130.6667,6.4472,14,No
AVRO,1.5.1,lang/java/avro/src/main/java/org/apache/avro/io/DirectBinaryEncoder.java,org/apache/avro/io/DirectBinaryEncoder.java,119,1,1,1,0,0,133,133,133,0,0,0,133,133,133,1053,1053,1053,301.0000,8.4852,2,No
AVRO,1.5.1,lang/java/avro/src/main/java/org/apache/avro/io/BinaryEncoder.java,org/apache/avro/io/BinaryEncoder.java,104,3,1,3,71,35784,314,263,104,190,189,63,504,263,168,1401,674,467,136.6667,6.7708,1,No
AVRO,1.5.1,lang/java/avro/src/main/java/org/apache/avro/io/BlockingBinaryEncoder.java,org/apache/avro/io/BlockingBinaryEncoder.java,491,3,2,3,72,61488,708,627,236,146,145,48,854,627,284,1429,689,476,132.6667,6.4326,55,No
AVRO,1.5.1,lang/java/avro/src/main/java/org/apache/avro/io/DatumReader.java,org/apache/avro/io/DatumReader.java,31,1,1,1,0,0,38,38,38,0,0,0,38,38,38,674,674,674,115.0000,8.4172,0,No
AVRO,1.5.1,lang/java/avro/src/main/java/org/apache/avro/io/ParsingDecoder.java,org/apache/avro/io/ParsingDecoder.java,68,2,2,2,72,5688,78,75,39,1,1,0,79,75,39,1384,710,692,191.0000,7.7115,1,No
AVRO,1.5.1,lang/java/avro/src/main/java/org/apache/avro/io/parsing/Parser.java,org/apache/avro/io/parsing/Parser.java,175,1,1,1,0,0,192,192,192,0,0,0,192,192,192,674,674,674,115.0000,8.4172,19,No
AVRO,1.5.1,lang/java/avro/src/main/java/org/apache/avro/io/parsing/SkipParser.java,org/apache/avro/io/parsing/SkipParser.java,87,1,1,1,0,0,96,96,96,0,0,0,96,96,96,674,674,674,115.0000,8.4172,6,No
AVRO,1.5.1,lang/java/avro/src/main/java/org/apache/avro/io/parsing/ValidatingGrammarGenerator.java,org/apache/avro/io/parsing/ValidatingGrammarGenerator.java,125,2,2,2,70,9730,138,137,69,1,1,0,139,137,69,1336,674,668,189.5000,7.6042,8,No
AVRO,1.5.1,lang/java/avro/src/main/java/org/apache/avro/io/parsing/Symbol.java,org/apache/avro/io/parsing/Symbol.java,481,3,2,2,141,77832,551,550,183,1,1,0,552,550,184,1622,815,540,155.0000,7.3550,37,No
AVRO,1.5.1,lang/java/avro/src/main/java/org/apache/avro/io/parsing/JsonGrammarGenerator.java,org/apache/avro/io/parsing/JsonGrammarGenerator.java,93,1,1,1,0,0,100,100,100,0,0,0,100,100,100,674,674,674,115.0000,8.4172,8,No
AVRO,1.5.1,lang/java/avro/src/main/java/org/apache/avro/io/parsing/ResolvingGrammarGenerator.java,org/apache/avro/io/parsing/ResolvingGrammarGenerator.java,446,3,2,3,71,35145,486,472,162,9,7,3,495,472,165,1386,674,462,132.6667,6.4646,39,No
AVRO,1.5.1,lang/java/avro/src/main/java/org/apache/avro/io/ValidatingDecoder.java,org/apache/avro/io/ValidatingDecoder.java,217,3,2,3,75,20400,260,238,86,12,12,4,272,238,90,1403,710,467,130.6667,6.4472,11,No
AVRO,1.5.1,lang/java/avro/src/main/java/org/apache/avro/io/Encoder.java,org/apache/avro/io/Encoder.java,260,3,2,3,75,22500,293,287,97,7,4,2,300,287,100,1441,689,480,135.3333,6.4611,1,No
AVRO,1.5.1,lang/java/avro/src/main/java/org/apache/avro/io/DirectBinaryDecoder.java,org/apache/avro/io/DirectBinaryDecoder.java,179,3,2,3,72,15264,208,203,69,4,3,1,212,203,70,1435,674,478,137.3333,6.9069,6,No
AVRO,1.5.1,lang/java/avro/src/main/java/org/apache/avro/io/JsonEncoder.java,org/apache/avro/io/JsonEncoder.java,263,3,2,3,72,23400,310,250,103,15,13,5,325,250,108,1429,689,476,132.6667,6.4326,8,No
AVRO,1.5.1,lang/java/avro/src/main/java/org/apache/avro/io/DatumWriter.java,org/apache/avro/io/DatumWriter.java,30,1,1,1,0,0,36,36,36,0,0,0,36,36,36,674,674,674,115.0000,8.4172,0,No
AVRO,1.5.1,lang/java/avro/src/main/java/org/apache/avro/AvroRemoteException.java,org/apache/avro/AvroRemoteException.java,33,1,1,1,0,0,41,41,41,0,0,0,41,41,41,1040,1040,1040,300.0000,8.4726,2,No
AVRO,1.5.1,lang/java/avro/src/main/java/org/apache/avro/generic/GenericContainer.java,org/apache/avro/generic/GenericContainer.java,24,1,1,1,0,0,27,27,27,0,0,0,27,27,27,674,674,674,115.0000,8.4172,1,No
AVRO,1.5.1,lang/java/avro/src/main/java/org/apache/avro/generic/GenericRecord.java,org/apache/avro/generic/GenericRecord.java,26,1,1,1,0,0,27,27,27,0,0,0,27,27,27,674,674,674,115.0000,8.4172,0,No
AVRO,1.5.1,lang/java/avro/src/main/java/org/apache/avro/generic/GenericArray.java,org/apache/avro/generic/GenericArray.java,28,1,1,1,0,0,33,33,33,0,0,0,33,33,33,674,674,674,115.0000,8.4172,0,No
AVRO,1.5.1,lang/java/avro/src/main/java/org/apache/avro/generic/GenericFixed.java,org/apache/avro/generic/GenericFixed.java,23,2,2,2,70,1820,25,24,12,1,1,0,26,24,13,1336,674,668,189.5000,7.6042,1,No
AVRO,1.5.1,lang/java/avro/src/main/java/org/apache/avro/generic/IndexedRecord.java,org/apache/avro/generic/IndexedRecord.java,29,1,1,1,0,0,30,30,30,0,0,0,30,30,30,674,674,674,115.0000,8.4172,0,No
AVRO,1.5.1,lang/java/avro/src/main/java/org/apache/avro/generic/GenericData.java,org/apache/avro/generic/GenericData.java,608,7,2,6,141,101238,689,559,98,29,14,4,718,559,102,1498,674,214,64.7143,4.4922,49,No
AVRO,1.5.1,lang/java/avro/src/main/java/org/apache/avro/generic/GenericDatumReader.java,org/apache/avro/generic/GenericDatumReader.java,358,7,2,5,141,61053,416,382,59,17,9,2,433,382,61,1734,674,247,77.8571,5.7581,16,No
AVRO,1.5.1,lang/java/avro/src/main/java/org/apache/avro/generic/GenericEnumSymbol.java,org/apache/avro/generic/GenericEnumSymbol.java,23,2,2,2,70,1820,25,24,12,1,1,0,26,24,13,1336,674,668,189.5000,7.6042,1,No
AVRO,1.5.1,lang/java/avro/src/main/java/org/apache/avro/generic/GenericDatumWriter.java,org/apache/avro/generic/GenericDatumWriter.java,181,3,2,2,81,17091,209,203,69,2,1,0,211,203,70,1438,674,479,136.6667,6.7150,13,No
AVRO,1.5.1,lang/java/avro/src/main/java/org/apache/avro/AvroRuntimeException.java,org/apache/avro/AvroRuntimeException.java,26,1,1,1,0,0,29,29,29,0,0,0,29,29,29,674,674,674,115.0000,8.4172,1,No
AVRO,1.5.1,lang/java/avro/src/main/java/org/apache/avro/AvroTypeException.java,org/apache/avro/AvroTypeException.java,25,1,1,1,0,0,29,29,29,0,0,0,29,29,29,674,674,674,115.0000,8.4172,0,No
AVRO,1.5.1,lang/java/ipc/src/main/java/org/apache/avro/ipc/specific/SpecificResponder.java,org/apache/avro/ipc/specific/SpecificResponder.java,86,2,2,2,24,3480,122,107,61,23,23,11,145,107,72,1119,1040,559,167.5000,6.5761,1,No
AVRO,1.5.1,lang/java/ipc/src/main/java/org/apache/avro/ipc/specific/SpecificRequestor.java,org/apache/avro/ipc/specific/SpecificRequestor.java,102,1,1,1,0,0,121,121,121,0,0,0,121,121,121,1040,1040,1040,300.0000,8.4726,3,No
AVRO,1.5.1,lang/java/ipc/src/main/java/org/apache/avro/ipc/RPCContext.java,org/apache/avro/ipc/RPCContext.java,186,2,2,2,82,19434,226,195,113,11,11,5,237,195,118,1389,715,694,191.0000,7.7200,12,No
AVRO,1.5.1,lang/java/ipc/src/main/java/org/apache/avro/ipc/trace/TracePlugin.java,org/apache/avro/ipc/trace/TracePlugin.java,333,2,1,2,43,16383,378,375,189,3,3,1,381,375,190,1265,674,632,182.5000,7.4889,41,No
AVRO,1.5.1,lang/java/ipc/src/main/java/org/apache/avro/ipc/trace/StaticServlet.java,org/apache/avro/ipc/trace/StaticServlet.java,44,1,1,1,0,0,50,50,50,0,0,0,50,50,50,674,674,674,115.0000,8.4172,1,No
AVRO,1.5.1,lang/java/ipc/src/main/java/org/apache/avro/ipc/trace/Util.java,org/apache/avro/ipc/trace/Util.java,200,1,1,1,0,0,222,222,222,0,0,0,222,222,222,674,674,674,115.0000,8.4172,45,No
AVRO,1.5.1,lang/java/ipc/src/main/java/org/apache/avro/ipc/trace/SpanStorage.java,org/apache/avro/ipc/trace/SpanStorage.java,50,1,1,1,0,0,57,57,57,0,0,0,57,57,57,674,674,674,115.0000,8.4172,0,No
AVRO,1.5.1,lang/java/ipc/src/main/java/org/apache/avro/ipc/trace/FileSpanStorage.java,org/apache/avro/ipc/trace/FileSpanStorage.java,316,1,1,1,0,0,359,359,359,0,0,0,359,359,359,674,674,674,115.0000,8.4172,33,No
AVRO,1.5.1,lang/java/ipc/src/main/java/org/apache/avro/ipc/trace/SpanAggregator.java,org/apache/avro/ipc/trace/SpanAggregator.java,162,1,1,1,0,0,180,180,180,0,0,0,180,180,180,674,674,674,115.0000,8.4172,24,No
AVRO,1.5.1,lang/java/ipc/src/main/java/org/apache/avro/ipc/trace/TraceNode.java,org/apache/avro/ipc/trace/TraceNode.java,123,1,1,1,0,0,139,139,139,0,0,0,139,139,139,674,674,674,115.0000,8.4172,4,No
AVRO,1.5.1,lang/java/ipc/src/main/java/org/apache/avro/ipc/trace/TracePluginConfiguration.java,org/apache/avro/ipc/trace/TracePluginConfiguration.java,70,1,1,1,0,0,75,75,75,0,0,0,75,75,75,674,674,674,115.0000,8.4172,2,No
AVRO,1.5.1,lang/java/ipc/src/main/java/org/apache/avro/ipc/trace/Trace.java,org/apache/avro/ipc/trace/Trace.java,222,1,1,1,0,0,243,243,243,0,0,0,243,243,243,674,674,674,115.0000,8.4172,17,No
AVRO,1.5.1,lang/java/ipc/src/main/java/org/apache/avro/ipc/trace/TraceClientServlet.java,org/apache/avro/ipc/trace/TraceClientServlet.java,232,2,1,2,43,11180,257,253,128,3,3,1,260,253,130,1265,674,632,182.5000,7.4889,16,No
AVRO,1.5.1,lang/java/ipc/src/main/java/org/apache/avro/ipc/trace/TraceCollection.java,org/apache/avro/ipc/trace/TraceCollection.java,271,1,1,1,0,0,306,306,306,0,0,0,306,306,306,674,674,674,115.0000,8.4172,28,No
AVRO,1.5.1,lang/java/ipc/src/main/java/org/apache/avro/ipc/trace/InMemorySpanStorage.java,org/apache/avro/ipc/trace/InMemorySpanStorage.java,69,1,1,1,0,0,78,78,78,0,0,0,78,78,78,674,674,674,115.0000,8.4172,1,No
AVRO,1.5.1,lang/java/ipc/src/main/java/org/apache/avro/ipc/reflect/ReflectResponder.java,org/apache/avro/ipc/reflect/ReflectResponder.java,52,2,2,2,24,1608,65,63,32,2,2,1,67,63,33,1119,1040,559,167.5000,6.5761,1,No
AVRO,1.5.1,lang/java/ipc/src/main/java/org/apache/avro/ipc/reflect/ReflectRequestor.java,org/apache/avro/ipc/reflect/ReflectRequestor.java,69,1,1,1,0,0,81,81,81,0,0,0,81,81,81,1040,1040,1040,300.0000,8.4726,2,No
AVRO,1.5.1,lang/java/ipc/src/main/java/org/apache/avro/ipc/HttpServer.java,org/apache/avro/ipc/HttpServer.java,94,2,2,2,70,7980,112,72,56,2,2,1,114,72,57,1327,674,663,189.0000,7.5952,4,No
AVRO,1.5.1,lang/java/ipc/src/main/java/org/apache/avro/ipc/DatagramServer.java,org/apache/avro/ipc/DatagramServer.java,64,1,1,1,0,0,80,80,80,0,0,0,80,80,80,674,674,674,115.0000,8.4172,4,No
AVRO,1.5.1,lang/java/ipc/src/main/java/org/apache/avro/ipc/HttpTransceiver.java,org/apache/avro/ipc/HttpTransceiver.java,98,1,1,1,0,0,112,112,112,0,0,0,112,112,112,674,674,674,115.0000,8.4172,1,No
AVRO,1.5.1,lang/java/ipc/src/main/java/org/apache/avro/ipc/SaslSocketServer.java,org/apache/avro/ipc/SaslSocketServer.java,90,1,1,1,0,0,102,102,102,0,0,0,102,102,102,674,674,674,115.0000,8.4172,14,No
AVRO,1.5.1,lang/java/ipc/src/main/java/org/apache/avro/ipc/DatagramTransceiver.java,org/apache/avro/ipc/DatagramTransceiver.java,73,1,1,1,0,0,85,85,85,0,0,0,85,85,85,674,674,674,115.0000,8.4172,3,No
AVRO,1.5.1,lang/java/ipc/src/main/java/org/apache/avro/ipc/NettyTransportCodec.java,org/apache/avro/ipc/NettyTransportCodec.java,153,1,1,1,0,0,183,183,183,0,0,0,183,183,183,674,674,674,115.0000,8.4172,9,No
AVRO,1.5.1,lang/java/ipc/src/main/java/org/apache/avro/ipc/LocalTransceiver.java,org/apache/avro/ipc/LocalTransceiver.java,45,1,1,1,0,0,52,52,52,0,0,0,52,52,52,674,674,674,115.0000,8.4172,1,No
AVRO,1.5.1,lang/java/ipc/src/main/java/org/apache/avro/ipc/SaslSocketTransceiver.java,org/apache/avro/ipc/SaslSocketTransceiver.java,342,4,2,3,141,60348,409,389,102,19,16,4,428,389,107,1677,674,419,125.7500,6.9524,45,No
AVRO,1.5.1,lang/java/ipc/src/main/java/org/apache/avro/ipc/Transceiver.java,org/apache/avro/ipc/Transceiver.java,59,1,1,1,0,0,72,72,72,0,0,0,72,72,72,674,674,674,115.0000,8.4172,1,No
AVRO,1.5.1,lang/java/ipc/src/main/java/org/apache/avro/ipc/NettyTransceiver.java,org/apache/avro/ipc/NettyTransceiver.java,231,3,2,3,70,19180,272,264,90,2,2,0,274,264,91,1359,674,453,130.6667,6.3928,15,No
AVRO,1.5.1,lang/java/ipc/src/main/java/org/apache/avro/ipc/RPCPlugin.java,org/apache/avro/ipc/RPCPlugin.java,65,1,1,1,0,0,76,76,76,0,0,0,76,76,76,674,674,674,115.0000,8.4172,0,No
AVRO,1.5.1,lang/java/ipc/src/main/java/org/apache/avro/ipc/SocketTransceiver.java,org/apache/avro/ipc/SocketTransceiver.java,101,1,1,1,0,0,120,120,120,0,0,0,120,120,120,674,674,674,115.0000,8.4172,5,No
AVRO,1.5.1,lang/java/ipc/src/main/java/org/apache/avro/ipc/generic/GenericResponder.java,org/apache/avro/ipc/generic/GenericResponder.java,58,2,2,2,24,1872,74,59,37,4,4,2,78,59,39,1119,1040,559,167.5000,6.5761,1,No
AVRO,1.5.1,lang/java/ipc/src/main/java/org/apache/avro/ipc/generic/GenericRequestor.java,org/apache/avro/ipc/generic/GenericRequestor.java,66,1,1,1,0,0,76,76,76,0,0,0,76,76,76,1040,1040,1040,300.0000,8.4726,4,No
AVRO,1.5.1,lang/java/ipc/src/main/java/org/apache/avro/ipc/ResponderServlet.java,org/apache/avro/ipc/ResponderServlet.java,48,1,1,1,0,0,56,56,56,0,0,0,56,56,56,674,674,674,115.0000,8.4172,1,No
AVRO,1.5.1,lang/java/ipc/src/main/java/org/apache/avro/ipc/Server.java,org/apache/avro/ipc/Server.java,29,1,1,1,0,0,35,35,35,0,0,0,35,35,35,674,674,674,115.0000,8.4172,0,No
AVRO,1.5.1,lang/java/ipc/src/main/java/org/apache/avro/ipc/Requestor.java,org/apache/avro/ipc/Requestor.java,242,7,2,7,82,25748,300,272,42,14,4,2,314,272,44,1499,674,214,65.4286,5.3244,15,No
AVRO,1.5.1,lang/java/ipc/src/main/java/org/apache/avro/ipc/NettyServer.java,org/apache/avro/ipc/NettyServer.java,136,2,2,2,22,3498,157,151,78,2,2,1,159,151,79,706,674,353,65.0000,6.2319,9,No
AVRO,1.5.1,lang/java/ipc/src/main/java/org/apache/avro/ipc/SocketServer.java,org/apache/avro/ipc/SocketServer.java,123,2,1,2,43,6278,145,144,72,1,1,0,146,144,73,1265,674,632,182.5000,7.4889,19,No
AVRO,1.5.1,lang/java/ipc/src/main/java/org/apache/avro/ipc/stats/StatsServer.java,org/apache/avro/ipc/stats/StatsServer.java,48,1,1,1,0,0,54,54,54,0,0,0,54,54,54,674,674,674,115.0000,8.4172,2,No
AVRO,1.5.1,lang/java/ipc/src/main/java/org/apache/avro/ipc/stats/StaticServlet.java,org/apache/avro/ipc/stats/StaticServlet.java,41,1,1,1,0,0,46,46,46,0,0,0,46,46,46,674,674,674,115.0000,8.4172,1,No
AVRO,1.5.1,lang/java/ipc/src/main/java/org/apache/avro/ipc/stats/FloatHistogram.java,org/apache/avro/ipc/stats/FloatHistogram.java,49,1,1,1,0,0,54,54,54,0,0,0,54,54,54,674,674,674,115.0000,8.4172,4,No
AVRO,1.5.1,lang/java/ipc/src/main/java/org/apache/avro/ipc/stats/Stopwatch.java,org/apache/avro/ipc/stats/Stopwatch.java,66,1,1,1,0,0,74,74,74,0,0,0,74,74,74,674,674,674,115.0000,8.4172,9,No
AVRO,1.5.1,lang/java/ipc/src/main/java/org/apache/avro/ipc/stats/StatsPlugin.java,org/apache/avro/ipc/stats/StatsPlugin.java,199,1,1,1,0,0,226,226,226,0,0,0,226,226,226,674,674,674,115.0000,8.4172,2,No
AVRO,1.5.1,lang/java/ipc/src/main/java/org/apache/avro/ipc/stats/StatsServlet.java,org/apache/avro/ipc/stats/StatsServlet.java,234,1,1,1,0,0,270,270,270,0,0,0,270,270,270,674,674,674,115.0000,8.4172,45,No
AVRO,1.5.1,lang/java/ipc/src/main/java/org/apache/avro/ipc/stats/IntegerHistogram.java,org/apache/avro/ipc/stats/IntegerHistogram.java,50,1,1,1,0,0,55,55,55,0,0,0,55,55,55,674,674,674,115.0000,8.4172,4,No
AVRO,1.5.1,lang/java/ipc/src/main/java/org/apache/avro/ipc/stats/Histogram.java,org/apache/avro/ipc/stats/Histogram.java,234,1,1,1,0,0,267,267,267,0,0,0,267,267,267,674,674,674,115.0000,8.4172,31,No
AVRO,1.5.1,lang/java/ipc/src/main/java/org/apache/avro/ipc/Responder.java,org/apache/avro/ipc/Responder.java,222,8,2,8,82,24354,278,249,34,19,7,2,297,249,37,1515,674,189,59.2500,5.2288,36,No
AVRO,1.5.1,lang/java/ipc/src/main/java/org/apache/avro/ipc/Ipc.java,org/apache/avro/ipc/Ipc.java,47,1,1,1,0,0,53,53,53,0,0,0,53,53,53,674,674,674,115.0000,8.4172,5,No
AVRO,1.5.1,lang/java/compiler/src/main/java/org/apache/avro/compiler/specific/SchemaTask.java,org/apache/avro/compiler/specific/SchemaTask.java,27,1,1,1,0,0,30,30,30,0,0,0,30,30,30,1040,1040,1040,300.0000,8.4726,0,No
AVRO,1.5.1,lang/java/compiler/src/main/java/org/apache/avro/compiler/specific/ProtocolTask.java,org/apache/avro/compiler/specific/ProtocolTask.java,69,1,1,1,0,0,81,81,81,0,0,0,81,81,81,1040,1040,1040,300.0000,8.4726,4,No
AVRO,1.5.1,lang/java/compiler/src/main/java/org/apache/avro/compiler/specific/SpecificCompiler.java,org/apache/avro/compiler/specific/SpecificCompiler.java,392,1,1,1,0,0,431,431,431,0,0,0,431,431,431,1040,1040,1040,300.0000,8.4726,23,No
AVRO,1.5.2,lang/java/tools/src/main/java/org/apache/avro/tool/JsonToBinaryFragmentTool.java,org/apache/avro/tool/JsonToBinaryFragmentTool.java,74,3,2,3,72,6552,86,78,28,5,3,1,91,78,30,1429,689,476,132.6667,6.4326,4,No
AVRO,1.5.2,lang/java/tools/src/main/java/org/apache/avro/tool/Util.java,org/apache/avro/tool/Util.java,113,2,2,2,72,9360,125,119,62,5,5,2,130,119,65,1384,710,692,191.0000,7.7115,7,No
AVRO,1.5.2,lang/java/tools/src/main/java/org/apache/avro/tool/IdlTool.java,org/apache/avro/tool/IdlTool.java,68,2,1,2,43,3483,80,79,40,1,1,0,81,79,40,1265,674,632,182.5000,7.4889,5,No
AVRO,1.5.2,lang/java/tools/src/main/java/org/apache/avro/tool/FromTextTool.java,org/apache/avro/tool/FromTextTool.java,113,2,2,2,125,19750,144,99,72,14,14,7,158,99,79,1484,810,742,204.5000,7.9855,11,No
AVRO,1.5.2,lang/java/tools/src/main/java/org/apache/avro/tool/RpcSendTool.java,org/apache/avro/tool/RpcSendTool.java,105,3,1,3,71,8804,121,118,40,3,2,1,124,118,41,1401,674,467,136.6667,6.7708,2,No
AVRO,1.5.2,lang/java/tools/src/main/java/org/apache/avro/tool/ToTextTool.java,org/apache/avro/tool/ToTextTool.java,74,2,2,2,125,11750,91,88,45,3,3,1,94,88,47,1484,810,742,204.5000,7.9855,2,No
AVRO,1.5.2,lang/java/tools/src/main/java/org/apache/avro/tool/TetherTool.java,org/apache/avro/tool/TetherTool.java,83,2,1,2,17,1615,95,78,47,0,0,0,95,78,47,1164,1045,582,172.0000,6.4598,2,No
AVRO,1.5.2,lang/java/tools/src/main/java/org/apache/avro/tool/DataFileGetSchemaTool.java,org/apache/avro/tool/DataFileGetSchemaTool.java,48,1,1,1,0,0,54,54,54,0,0,0,54,54,54,674,674,674,115.0000,8.4172,1,No
AVRO,1.5.2,lang/java/tools/src/main/java/org/apache/avro/tool/Tool.java,org/apache/avro/tool/Tool.java,47,1,1,1,0,0,51,51,51,0,0,0,51,51,51,1040,1040,1040,300.0000,8.4726,1,No
AVRO,1.5.2,lang/java/tools/src/main/java/org/apache/avro/tool/DataFileReadTool.java,org/apache/avro/tool/DataFileReadTool.java,69,2,1,2,71,6177,82,79,41,5,5,2,87,79,43,1363,689,681,190.0000,7.6767,1,No
AVRO,1.5.2,lang/java/tools/src/main/java/org/apache/avro/tool/Main.java,org/apache/avro/tool/Main.java,87,3,1,3,43,4644,103,102,34,5,3,1,108,102,36,1264,674,421,124.6667,6.7898,11,No
AVRO,1.5.2,lang/java/tools/src/main/java/org/apache/avro/tool/BinaryFragmentToJsonTool.java,org/apache/avro/tool/BinaryFragmentToJsonTool.java,80,3,2,3,72,6552,88,85,29,3,2,1,91,85,30,1429,689,476,132.6667,6.4326,4,No
AVRO,1.5.2,lang/java/tools/src/main/java/org/apache/avro/tool/DataFileWriteTool.java,org/apache/avro/tool/DataFileWriteTool.java,125,2,2,2,72,10152,139,137,69,2,2,1,141,137,70,1384,710,692,191.0000,7.7115,6,No
AVRO,1.5.2,lang/java/tools/src/main/java/org/apache/avro/tool/SpecificCompilerTool.java,org/apache/avro/tool/SpecificCompilerTool.java,58,2,1,2,4,256,64,47,32,0,0,0,64,47,32,1074,1040,537,158.0000,5.9845,5,No
AVRO,1.5.2,lang/java/tools/src/main/java/org/apache/avro/tool/RecodecTool.java,org/apache/avro/tool/RecodecTool.java,104,1,1,1,0,0,115,115,115,0,0,0,115,115,115,674,674,674,115.0000,8.4172,9,No
AVRO,1.5.2,lang/java/tools/src/main/java/org/apache/avro/tool/InduceSchemaTool.java,org/apache/avro/tool/InduceSchemaTool.java,69,1,1,1,0,0,76,76,76,0,0,0,76,76,76,1040,1040,1040,300.0000,8.4726,6,No
AVRO,1.5.2,lang/java/tools/src/main/java/org/apache/avro/tool/RpcReceiveTool.java,org/apache/avro/tool/RpcReceiveTool.java,162,3,1,3,71,13206,183,178,61,3,2,1,186,178,62,1401,674,467,136.6667,6.7708,6,No
AVRO,1.5.2,lang/java/maven-plugin/src/main/java/org/apache/avro/mojo/ProtocolMojo.java,org/apache/avro/mojo/ProtocolMojo.java,58,3,2,3,134,9380,68,66,22,2,1,0,70,66,23,1559,674,519,150.0000,7.2781,4,No
AVRO,1.5.2,lang/java/maven-plugin/src/main/java/org/apache/avro/mojo/SchemaMojo.java,org/apache/avro/mojo/SchemaMojo.java,58,3,2,3,134,9380,68,66,22,2,1,0,70,66,23,1559,674,519,150.0000,7.2781,4,No
AVRO,1.5.2,lang/java/maven-plugin/src/main/java/org/apache/avro/mojo/AbstractAvroMojo.java,org/apache/avro/mojo/AbstractAvroMojo.java,126,1,1,1,0,0,143,143,143,0,0,0,143,143,143,674,674,674,115.0000,8.4172,1,No
AVRO,1.5.2,lang/java/maven-plugin/src/main/java/org/apache/avro/mojo/IDLProtocolMojo.java,org/apache/avro/mojo/IDLProtocolMojo.java,69,3,2,3,134,11524,82,78,27,4,3,1,86,78,28,1559,674,519,150.0000,7.2781,4,No
AVRO,1.5.2,lang/java/mapred/src/main/java/org/apache/avro/mapred/AvroKeyComparator.java,org/apache/avro/mapred/AvroKeyComparator.java,41,3,2,3,62,3472,53,50,17,3,2,1,56,50,18,1309,674,436,126.6667,5.9905,0,No
AVRO,1.5.2,lang/java/mapred/src/main/java/org/apache/avro/mapred/SequenceFileRecordReader.java,org/apache/avro/mapred/SequenceFileRecordReader.java,29,1,1,1,0,0,36,36,36,0,0,0,36,36,36,674,674,674,115.0000,8.4172,0,No
AVRO,1.5.2,lang/java/mapred/src/main/java/org/apache/avro/mapred/Pair.java,org/apache/avro/mapred/Pair.java,494,2,2,2,13,6786,522,452,261,0,0,0,522,452,261,691,674,345,61.5000,5.6518,11,No
AVRO,1.5.2,lang/java/mapred/src/main/java/org/apache/avro/mapred/AvroTextOutputFormat.java,org/apache/avro/mapred/AvroTextOutputFormat.java,113,1,1,1,0,0,134,134,134,0,0,0,134,134,134,1140,1140,1140,323.0000,8.6911,6,No
AVRO,1.5.2,lang/java/mapred/src/main/java/org/apache/avro/mapred/FsInput.java,org/apache/avro/mapred/FsInput.java,49,1,1,1,0,0,60,60,60,0,0,0,60,60,60,674,674,674,115.0000,8.4172,1,No
AVRO,1.5.2,lang/java/mapred/src/main/java/org/apache/avro/mapred/HadoopCombiner.java,org/apache/avro/mapred/HadoopCombiner.java,52,1,1,1,0,0,62,62,62,0,0,0,62,62,62,674,674,674,115.0000,8.4172,3,No
AVRO,1.5.2,lang/java/mapred/src/main/java/org/apache/avro/mapred/AvroUtf8InputFormat.java,org/apache/avro/mapred/AvroUtf8InputFormat.java,96,1,1,1,0,0,117,117,117,0,0,0,117,117,117,674,674,674,115.0000,8.4172,8,No
AVRO,1.5.2,lang/java/mapred/src/main/java/org/apache/avro/mapred/HadoopMapper.java,org/apache/avro/mapred/HadoopMapper.java,77,2,2,2,125,11625,91,83,45,2,2,1,93,83,46,1484,810,742,204.5000,7.9855,3,No
AVRO,1.5.2,lang/java/mapred/src/main/java/org/apache/avro/mapred/AvroSerialization.java,org/apache/avro/mapred/AvroSerialization.java,120,4,2,4,72,11520,152,135,38,8,4,2,160,135,40,1440,683,360,101.2500,5.5375,12,No
AVRO,1.5.2,lang/java/mapred/src/main/java/org/apache/avro/mapred/SequenceFileReader.java,org/apache/avro/mapred/SequenceFileReader.java,213,1,1,1,0,0,247,247,247,0,0,0,247,247,247,674,674,674,115.0000,8.4172,13,No
AVRO,1.5.2,lang/java/mapred/src/main/java/org/apache/avro/mapred/AvroKey.java,org/apache/avro/mapred/AvroKey.java,25,2,2,2,70,1960,28,25,14,0,0,0,28,25,14,1339,674,669,189.5000,7.6055,0,No
AVRO,1.5.2,lang/java/mapred/src/main/java/org/apache/avro/mapred/tether/TetherInputFormat.java,org/apache/avro/mapred/tether/TetherInputFormat.java,49,1,1,1,0,0,58,58,58,0,0,0,58,58,58,674,674,674,115.0000,8.4172,0,No
AVRO,1.5.2,lang/java/mapred/src/main/java/org/apache/avro/mapred/tether/TetherKeySerialization.java,org/apache/avro/mapred/tether/TetherKeySerialization.java,72,3,2,3,72,7200,96,91,32,4,3,1,100,91,33,1429,689,476,132.6667,6.4326,12,No
AVRO,1.5.2,lang/java/mapred/src/main/java/org/apache/avro/mapred/tether/TetheredProcess.java,org/apache/avro/mapred/tether/TetheredProcess.java,113,2,1,2,43,5848,134,132,67,2,2,1,136,132,68,1265,674,632,182.5000,7.4889,8,No
AVRO,1.5.2,lang/java/mapred/src/main/java/org/apache/avro/mapred/tether/TetherPartitioner.java,org/apache/avro/mapred/tether/TetherPartitioner.java,47,1,1,1,0,0,59,59,59,0,0,0,59,59,59,674,674,674,115.0000,8.4172,2,No
AVRO,1.5.2,lang/java/mapred/src/main/java/org/apache/avro/mapred/tether/TetherData.java,org/apache/avro/mapred/tether/TetherData.java,34,1,1,1,0,0,42,42,42,0,0,0,42,42,42,674,674,674,115.0000,8.4172,9,No
AVRO,1.5.2,lang/java/mapred/src/main/java/org/apache/avro/mapred/tether/TetherOutputFormat.java,org/apache/avro/mapred/tether/TetherOutputFormat.java,67,1,1,1,0,0,80,80,80,0,0,0,80,80,80,674,674,674,115.0000,8.4172,4,No
AVRO,1.5.2,lang/java/mapred/src/main/java/org/apache/avro/mapred/tether/TetherRecordReader.java,org/apache/avro/mapred/tether/TetherRecordReader.java,67,1,1,1,0,0,84,84,84,0,0,0,84,84,84,674,674,674,115.0000,8.4172,12,No
AVRO,1.5.2,lang/java/mapred/src/main/java/org/apache/avro/mapred/tether/TetherKeyComparator.java,org/apache/avro/mapred/tether/TetherKeyComparator.java,51,2,1,2,62,4030,63,61,31,2,2,1,65,61,32,1301,674,650,186.5000,7.5683,1,No
AVRO,1.5.2,lang/java/mapred/src/main/java/org/apache/avro/mapred/tether/TetherReducer.java,org/apache/avro/mapred/tether/TetherReducer.java,73,1,1,1,0,0,82,82,82,0,0,0,82,82,82,674,674,674,115.0000,8.4172,10,No
AVRO,1.5.2,lang/java/mapred/src/main/java/org/apache/avro/mapred/tether/TetherMapRunner.java,org/apache/avro/mapred/tether/TetherMapRunner.java,76,1,1,1,0,0,93,93,93,0,0,0,93,93,93,674,674,674,115.0000,8.4172,14,No
AVRO,1.5.2,lang/java/mapred/src/main/java/org/apache/avro/mapred/tether/TetherOutputService.java,org/apache/avro/mapred/tether/TetherOutputService.java,83,1,1,1,0,0,101,101,101,0,0,0,101,101,101,674,674,674,115.0000,8.4172,22,No
AVRO,1.5.2,lang/java/mapred/src/main/java/org/apache/avro/mapred/tether/TetherJob.java,org/apache/avro/mapred/tether/TetherJob.java,77,2,1,2,29,6641,160,156,80,69,69,34,229,156,114,1174,674,587,169.0000,7.4392,1,No
AVRO,1.5.2,lang/java/mapred/src/main/java/org/apache/avro/mapred/AvroValue.java,org/apache/avro/mapred/AvroValue.java,25,2,2,2,70,1960,28,25,14,0,0,0,28,25,14,1339,674,669,189.5000,7.6055,0,No
AVRO,1.5.2,lang/java/mapred/src/main/java/org/apache/avro/mapred/SequenceFileInputFormat.java,org/apache/avro/mapred/SequenceFileInputFormat.java,37,1,1,1,0,0,43,43,43,0,0,0,43,43,43,674,674,674,115.0000,8.4172,0,No
AVRO,1.5.2,lang/java/mapred/src/main/java/org/apache/avro/mapred/AvroOutputFormat.java,org/apache/avro/mapred/AvroOutputFormat.java,103,5,2,5,165,28710,149,101,29,25,22,5,174,101,34,1566,790,313,92.8000,5.5226,2,No
AVRO,1.5.2,lang/java/mapred/src/main/java/org/apache/avro/mapred/AvroRecordReader.java,org/apache/avro/mapred/AvroRecordReader.java,72,2,2,2,13,1170,89,85,44,1,1,0,90,85,45,691,674,345,61.5000,5.6518,0,No
AVRO,1.5.2,lang/java/mapred/src/main/java/org/apache/avro/mapred/AvroAsTextInputFormat.java,org/apache/avro/mapred/AvroAsTextInputFormat.java,55,1,1,1,0,0,61,61,61,0,0,0,61,61,61,1138,1138,1138,323.0000,8.6857,0,No
AVRO,1.5.2,lang/java/mapred/src/main/java/org/apache/avro/mapred/AvroCollector.java,org/apache/avro/mapred/AvroCollector.java,24,1,1,1,0,0,28,28,28,0,0,0,28,28,28,674,674,674,115.0000,8.4172,0,No
AVRO,1.5.2,lang/java/mapred/src/main/java/org/apache/avro/mapred/HadoopReducer.java,org/apache/avro/mapred/HadoopReducer.java,50,1,1,1,0,0,60,60,60,0,0,0,60,60,60,674,674,674,115.0000,8.4172,3,No
AVRO,1.5.2,lang/java/mapred/src/main/java/org/apache/avro/mapred/AvroInputFormat.java,org/apache/avro/mapred/AvroInputFormat.java,48,1,1,1,0,0,56,56,56,0,0,0,56,56,56,674,674,674,115.0000,8.4172,0,No
AVRO,1.5.2,lang/java/mapred/src/main/java/org/apache/avro/mapred/AvroReducer.java,org/apache/avro/mapred/AvroReducer.java,56,2,2,2,125,9125,69,51,34,4,4,2,73,51,36,1484,810,742,204.5000,7.9855,0,No
AVRO,1.5.2,lang/java/mapred/src/main/java/org/apache/avro/mapred/AvroJob.java,org/apache/avro/mapred/AvroJob.java,162,3,2,3,111,21534,194,167,64,0,0,0,194,167,64,1487,796,495,138.6667,6.2692,2,No
AVRO,1.5.2,lang/java/mapred/src/main/java/org/apache/avro/mapred/HadoopReducerBase.java,org/apache/avro/mapred/HadoopReducerBase.java,58,2,2,2,125,8500,68,63,34,0,0,0,68,63,34,1484,810,742,204.5000,7.9855,6,No
AVRO,1.5.2,lang/java/mapred/src/main/java/org/apache/avro/mapred/AvroAsTextRecordReader.java,org/apache/avro/mapred/AvroAsTextRecordReader.java,83,1,1,1,0,0,98,98,98,0,0,0,98,98,98,1138,1138,1138,323.0000,8.6857,7,No
AVRO,1.5.2,lang/java/mapred/src/main/java/org/apache/avro/mapred/AvroWrapper.java,org/apache/avro/mapred/AvroWrapper.java,48,2,2,2,70,3990,57,54,28,0,0,0,57,54,28,1339,674,669,189.5000,7.6055,3,No
AVRO,1.5.2,lang/java/mapred/src/main/java/org/apache/avro/mapred/AvroMapper.java,org/apache/avro/mapred/AvroMapper.java,47,2,2,2,125,7625,58,41,29,3,3,1,61,41,30,1484,810,742,204.5000,7.9855,0,No
AVRO,1.5.2,lang/java/avro/src/main/java/org/apache/avro/UnresolvedUnionException.java,org/apache/avro/UnresolvedUnionException.java,34,1,1,1,0,0,39,39,39,0,0,0,39,39,39,679,679,679,115.0000,8.4266,2,No
AVRO,1.5.2,lang/java/avro/src/main/java/org/apache/avro/specific/SpecificData.java,org/apache/avro/specific/SpecificData.java,184,5,2,5,153,31824,205,194,41,3,2,0,208,194,41,1606,674,321,97.8000,5.8754,12,No
AVRO,1.5.2,lang/java/avro/src/main/java/org/apache/avro/specific/FixedSize.java,org/apache/avro/specific/FixedSize.java,34,1,1,1,0,0,37,37,37,0,0,0,37,37,37,674,674,674,115.0000,8.4172,0,No
AVRO,1.5.2,lang/java/avro/src/main/java/org/apache/avro/specific/SpecificFixed.java,org/apache/avro/specific/SpecificFixed.java,25,2,2,2,70,2100,29,28,14,1,1,0,30,28,15,1336,674,668,189.5000,7.6042,0,No
AVRO,1.5.2,lang/java/avro/src/main/java/org/apache/avro/specific/SpecificRecord.java,org/apache/avro/specific/SpecificRecord.java,23,1,1,1,0,0,26,26,26,0,0,0,26,26,26,674,674,674,115.0000,8.4172,0,No
AVRO,1.5.2,lang/java/avro/src/main/java/org/apache/avro/specific/SpecificRecordBase.java,org/apache/avro/specific/SpecificRecordBase.java,45,1,1,1,0,0,54,54,54,0,0,0,54,54,54,674,674,674,115.0000,8.4172,1,No
AVRO,1.5.2,lang/java/avro/src/main/java/org/apache/avro/specific/SpecificDatumReader.java,org/apache/avro/specific/SpecificDatumReader.java,92,1,1,1,0,0,107,107,107,0,0,0,107,107,107,674,674,674,115.0000,8.4172,3,No
AVRO,1.5.2,lang/java/avro/src/main/java/org/apache/avro/specific/SpecificDatumWriter.java,org/apache/avro/specific/SpecificDatumWriter.java,48,2,2,2,19,1140,59,56,29,1,1,0,60,56,30,695,674,347,63.0000,5.8117,0,No
AVRO,1.5.2,lang/java/avro/src/main/java/org/apache/avro/specific/SpecificExceptionBase.java,org/apache/avro/specific/SpecificExceptionBase.java,36,2,1,2,43,1978,45,44,22,1,1,0,46,44,23,1265,674,632,182.5000,7.4889,3,No
AVRO,1.5.2,lang/java/avro/src/main/java/org/apache/avro/SchemaParseException.java,org/apache/avro/SchemaParseException.java,23,1,1,1,0,0,26,26,26,0,0,0,26,26,26,674,674,674,115.0000,8.4172,0,No
AVRO,1.5.2,lang/java/avro/src/main/java/org/apache/avro/util/ByteBufferOutputStream.java,org/apache/avro/util/ByteBufferOutputStream.java,93,1,1,1,0,0,107,107,107,0,0,0,107,107,107,1040,1040,1040,300.0000,8.4726,4,No
AVRO,1.5.2,lang/java/avro/src/main/java/org/apache/avro/util/WeakIdentityHashMap.java,org/apache/avro/util/WeakIdentityHashMap.java,152,1,1,1,0,0,169,169,169,0,0,0,169,169,169,674,674,674,115.0000,8.4172,21,No
AVRO,1.5.2,lang/java/avro/src/main/java/org/apache/avro/util/Utf8.java,org/apache/avro/util/Utf8.java,113,2,1,2,71,10508,140,132,70,8,8,4,148,132,74,1363,689,681,190.0000,7.6767,7,No
AVRO,1.5.2,lang/java/avro/src/main/java/org/apache/avro/util/ByteBufferInputStream.java,org/apache/avro/util/ByteBufferInputStream.java,80,1,1,1,0,0,89,89,89,0,0,0,89,89,89,1040,1040,1040,300.0000,8.4726,1,No
AVRO,1.5.2,lang/java/avro/src/main/java/org/apache/avro/file/SnappyCodec.java,org/apache/avro/file/SnappyCodec.java,68,3,1,3,113,17741,120,81,40,37,30,12,157,81,52,1237,1134,412,126.0000,5.6426,3,No
AVRO,1.5.2,lang/java/avro/src/main/java/org/apache/avro/file/DataFileReader.java,org/apache/avro/file/DataFileReader.java,216,4,2,4,82,21156,252,208,63,6,3,1,258,208,64,1461,674,365,106.0000,6.1913,11,No
AVRO,1.5.2,lang/java/avro/src/main/java/org/apache/avro/file/DataFileReader12.java,org/apache/avro/file/DataFileReader12.java,199,2,2,2,72,16488,228,221,114,1,1,0,229,221,114,1384,710,692,191.0000,7.7115,23,No
AVRO,1.5.2,lang/java/avro/src/main/java/org/apache/avro/file/DataFileWriter.java,org/apache/avro/file/DataFileWriter.java,361,4,2,4,154,68222,425,370,106,18,13,4,443,370,110,1617,674,404,120.0000,6.6184,16,No
AVRO,1.5.2,lang/java/avro/src/main/java/org/apache/avro/file/FileReader.java,org/apache/avro/file/FileReader.java,41,1,1,1,0,0,49,49,49,0,0,0,49,49,49,674,674,674,115.0000,8.4172,0,No
AVRO,1.5.2,lang/java/avro/src/main/java/org/apache/avro/file/DataFileConstants.java,org/apache/avro/file/DataFileConstants.java,36,3,2,3,111,4773,42,38,14,1,1,0,43,38,14,1503,790,501,141.6667,6.7376,2,No
AVRO,1.5.2,lang/java/avro/src/main/java/org/apache/avro/file/SeekableFileInput.java,org/apache/avro/file/SeekableFileInput.java,31,1,1,1,0,0,37,37,37,0,0,0,37,37,37,674,674,674,115.0000,8.4172,0,No
AVRO,1.5.2,lang/java/avro/src/main/java/org/apache/avro/file/DeflateCodec.java,org/apache/avro/file/DeflateCodec.java,128,1,1,1,0,0,145,145,145,0,0,0,145,145,145,674,674,674,115.0000,8.4172,5,No
AVRO,1.5.2,lang/java/avro/src/main/java/org/apache/avro/file/DataFileStream.java,org/apache/avro/file/DataFileStream.java,324,5,2,5,196,79968,386,341,77,22,19,4,408,341,81,1656,674,331,100.0000,6.0791,29,No
AVRO,1.5.2,lang/java/avro/src/main/java/org/apache/avro/file/NullCodec.java,org/apache/avro/file/NullCodec.java,54,1,1,1,0,0,64,64,64,0,0,0,64,64,64,674,674,674,115.0000,8.4172,2,No
AVRO,1.5.2,lang/java/avro/src/main/java/org/apache/avro/file/Codec.java,org/apache/avro/file/Codec.java,48,1,1,1,0,0,50,50,50,0,0,0,50,50,50,674,674,674,115.0000,8.4172,0,No
AVRO,1.5.2,lang/java/avro/src/main/java/org/apache/avro/file/LengthLimitedInputStream.java,org/apache/avro/file/LengthLimitedInputStream.java,75,1,1,1,0,0,85,85,85,0,0,0,85,85,85,674,674,674,115.0000,8.4172,1,No
AVRO,1.5.2,lang/java/avro/src/main/java/org/apache/avro/file/CodecFactory.java,org/apache/avro/file/CodecFactory.java,69,2,2,2,111,9102,82,76,41,0,0,0,82,76,41,1475,801,737,204.5000,7.9711,0,No
AVRO,1.5.2,lang/java/avro/src/main/java/org/apache/avro/file/SeekableInput.java,org/apache/avro/file/SeekableInput.java,31,2,2,2,82,3280,39,37,19,1,1,0,40,37,20,1388,714,694,191.0000,7.7166,0,No
AVRO,1.5.2,lang/java/avro/src/main/java/org/apache/avro/Schema.java,org/apache/avro/Schema.java,1260,6,2,6,196,271460,1382,1344,230,3,2,0,1385,1344,230,1688,674,281,88.8333,5.8269,202,No
AVRO,1.5.2,lang/java/avro/src/main/java/org/apache/avro/Protocol.java,org/apache/avro/Protocol.java,384,1,1,1,0,0,450,450,450,0,0,0,450,450,450,674,674,674,115.0000,8.4172,24,No
AVRO,1.5.2,lang/java/avro/src/main/java/org/apache/avro/reflect/ReflectDatumReader.java,org/apache/avro/reflect/ReflectDatumReader.java,124,1,1,1,0,0,140,140,140,0,0,0,140,140,140,674,674,674,115.0000,8.4172,1,No
AVRO,1.5.2,lang/java/avro/src/main/java/org/apache/avro/reflect/Union.java,org/apache/avro/reflect/Union.java,37,1,1,1,0,0,39,39,39,0,0,0,39,39,39,674,674,674,115.0000,8.4172,0,No
AVRO,1.5.2,lang/java/avro/src/main/java/org/apache/avro/reflect/ReflectDatumWriter.java,org/apache/avro/reflect/ReflectDatumWriter.java,97,4,2,4,105,12495,115,109,28,4,2,1,119,109,29,1479,674,369,107.2500,5.8727,11,No
AVRO,1.5.2,lang/java/avro/src/main/java/org/apache/avro/reflect/Stringable.java,org/apache/avro/reflect/Stringable.java,32,1,1,1,0,0,34,34,34,0,0,0,34,34,34,674,674,674,115.0000,8.4172,0,No
AVRO,1.5.2,lang/java/avro/src/main/java/org/apache/avro/reflect/ReflectData.java,org/apache/avro/reflect/ReflectData.java,440,6,2,6,224,109984,487,477,81,4,3,0,491,477,81,1642,674,273,84.0000,5.5593,27,No
AVRO,1.5.2,lang/java/avro/src/main/java/org/apache/avro/reflect/Nullable.java,org/apache/avro/reflect/Nullable.java,31,1,1,1,0,0,33,33,33,0,0,0,33,33,33,674,674,674,115.0000,8.4172,0,No
AVRO,1.5.2,lang/java/avro/src/main/java/org/apache/avro/io/ResolvingDecoder.java,org/apache/avro/io/ResolvingDecoder.java,250,2,2,2,72,20376,275,261,137,8,8,4,283,261,141,1384,710,692,191.0000,7.7115,6,No
AVRO,1.5.2,lang/java/avro/src/main/java/org/apache/avro/io/BinaryDecoder.java,org/apache/avro/io/BinaryDecoder.java,889,3,2,3,72,80352,1044,983,348,72,43,24,1116,983,372,1439,674,479,137.3333,6.8523,78,No
AVRO,1.5.2,lang/java/avro/src/main/java/org/apache/avro/io/BinaryData.java,org/apache/avro/io/BinaryData.java,406,4,2,4,72,31392,432,294,108,4,3,1,436,294,109,1466,674,366,106.5000,5.9800,105,No
AVRO,1.5.2,lang/java/avro/src/main/java/org/apache/avro/io/BufferedBinaryEncoder.java,org/apache/avro/io/BufferedBinaryEncoder.java,186,2,2,2,0,0,206,205,103,1,1,0,207,205,103,1119,1053,559,159.5000,6.2147,8,No
AVRO,1.5.2,lang/java/avro/src/main/java/org/apache/avro/io/Decoder.java,org/apache/avro/io/Decoder.java,249,4,2,4,75,23475,295,287,73,18,15,4,313,287,78,1448,689,362,102.0000,5.8041,1,No
AVRO,1.5.2,lang/java/avro/src/main/java/org/apache/avro/io/ValidatingEncoder.java,org/apache/avro/io/ValidatingEncoder.java,187,4,2,4,75,19650,240,215,60,22,20,5,262,215,65,1448,689,362,102.0000,5.8041,5,No
AVRO,1.5.2,lang/java/avro/src/main/java/org/apache/avro/io/DecoderFactory.java,org/apache/avro/io/DecoderFactory.java,294,4,2,4,75,38400,414,232,103,98,93,24,512,270,128,1448,689,362,102.0000,5.8041,4,No
AVRO,1.5.2,lang/java/avro/src/main/java/org/apache/avro/io/ParsingEncoder.java,org/apache/avro/io/ParsingEncoder.java,60,1,1,1,0,0,70,70,70,0,0,0,70,70,70,674,674,674,115.0000,8.4172,1,No
AVRO,1.5.2,lang/java/avro/src/main/java/org/apache/avro/io/EncoderFactory.java,org/apache/avro/io/EncoderFactory.java,318,3,2,3,4,1480,353,334,117,17,13,5,370,334,123,1138,1053,379,109.6667,5.4493,4,No
AVRO,1.5.2,lang/java/avro/src/main/java/org/apache/avro/io/JsonDecoder.java,org/apache/avro/io/JsonDecoder.java,422,3,2,3,75,38925,492,426,164,27,26,9,519,426,173,1403,710,467,130.6667,6.4472,14,No
AVRO,1.5.2,lang/java/avro/src/main/java/org/apache/avro/io/DirectBinaryEncoder.java,org/apache/avro/io/DirectBinaryEncoder.java,119,1,1,1,0,0,133,133,133,0,0,0,133,133,133,1053,1053,1053,301.0000,8.4852,2,No
AVRO,1.5.2,lang/java/avro/src/main/java/org/apache/avro/io/BinaryEncoder.java,org/apache/avro/io/BinaryEncoder.java,104,3,1,3,71,35784,314,263,104,190,189,63,504,263,168,1401,674,467,136.6667,6.7708,1,No
AVRO,1.5.2,lang/java/avro/src/main/java/org/apache/avro/io/BlockingBinaryEncoder.java,org/apache/avro/io/BlockingBinaryEncoder.java,491,3,2,3,72,61488,708,627,236,146,145,48,854,627,284,1429,689,476,132.6667,6.4326,55,No
AVRO,1.5.2,lang/java/avro/src/main/java/org/apache/avro/io/DatumReader.java,org/apache/avro/io/DatumReader.java,31,1,1,1,0,0,38,38,38,0,0,0,38,38,38,674,674,674,115.0000,8.4172,0,No
AVRO,1.5.2,lang/java/avro/src/main/java/org/apache/avro/io/ParsingDecoder.java,org/apache/avro/io/ParsingDecoder.java,68,2,2,2,72,5688,78,75,39,1,1,0,79,75,39,1384,710,692,191.0000,7.7115,1,No
AVRO,1.5.2,lang/java/avro/src/main/java/org/apache/avro/io/parsing/Parser.java,org/apache/avro/io/parsing/Parser.java,175,1,1,1,0,0,192,192,192,0,0,0,192,192,192,674,674,674,115.0000,8.4172,19,No
AVRO,1.5.2,lang/java/avro/src/main/java/org/apache/avro/io/parsing/SkipParser.java,org/apache/avro/io/parsing/SkipParser.java,87,1,1,1,0,0,96,96,96,0,0,0,96,96,96,674,674,674,115.0000,8.4172,6,No
AVRO,1.5.2,lang/java/avro/src/main/java/org/apache/avro/io/parsing/ValidatingGrammarGenerator.java,org/apache/avro/io/parsing/ValidatingGrammarGenerator.java,125,2,2,2,70,9730,138,137,69,1,1,0,139,137,69,1336,674,668,189.5000,7.6042,8,No
AVRO,1.5.2,lang/java/avro/src/main/java/org/apache/avro/io/parsing/Symbol.java,org/apache/avro/io/parsing/Symbol.java,482,2,2,2,134,73834,551,550,275,0,0,0,551,550,275,1489,815,744,204.5000,7.9968,37,No
AVRO,1.5.2,lang/java/avro/src/main/java/org/apache/avro/io/parsing/JsonGrammarGenerator.java,org/apache/avro/io/parsing/JsonGrammarGenerator.java,93,1,1,1,0,0,100,100,100,0,0,0,100,100,100,674,674,674,115.0000,8.4172,8,No
AVRO,1.5.2,lang/java/avro/src/main/java/org/apache/avro/io/parsing/ResolvingGrammarGenerator.java,org/apache/avro/io/parsing/ResolvingGrammarGenerator.java,446,3,2,3,71,35145,486,472,162,9,7,3,495,472,165,1386,674,462,132.6667,6.4646,39,No
AVRO,1.5.2,lang/java/avro/src/main/java/org/apache/avro/io/ValidatingDecoder.java,org/apache/avro/io/ValidatingDecoder.java,217,3,2,3,75,20400,260,238,86,12,12,4,272,238,90,1403,710,467,130.6667,6.4472,11,No
AVRO,1.5.2,lang/java/avro/src/main/java/org/apache/avro/io/Encoder.java,org/apache/avro/io/Encoder.java,260,3,2,3,75,22500,293,287,97,7,4,2,300,287,100,1441,689,480,135.3333,6.4611,1,No
AVRO,1.5.2,lang/java/avro/src/main/java/org/apache/avro/io/DirectBinaryDecoder.java,org/apache/avro/io/DirectBinaryDecoder.java,179,3,2,3,72,15264,208,203,69,4,3,1,212,203,70,1435,674,478,137.3333,6.9069,6,No
AVRO,1.5.2,lang/java/avro/src/main/java/org/apache/avro/io/JsonEncoder.java,org/apache/avro/io/JsonEncoder.java,263,3,2,3,72,23400,310,250,103,15,13,5,325,250,108,1429,689,476,132.6667,6.4326,8,No
AVRO,1.5.2,lang/java/avro/src/main/java/org/apache/avro/io/DatumWriter.java,org/apache/avro/io/DatumWriter.java,30,1,1,1,0,0,36,36,36,0,0,0,36,36,36,674,674,674,115.0000,8.4172,0,No
AVRO,1.5.2,lang/java/avro/src/main/java/org/apache/avro/AvroRemoteException.java,org/apache/avro/AvroRemoteException.java,33,1,1,1,0,0,41,41,41,0,0,0,41,41,41,1040,1040,1040,300.0000,8.4726,2,No
AVRO,1.5.2,lang/java/avro/src/main/java/org/apache/avro/generic/GenericContainer.java,org/apache/avro/generic/GenericContainer.java,24,1,1,1,0,0,27,27,27,0,0,0,27,27,27,674,674,674,115.0000,8.4172,1,No
AVRO,1.5.2,lang/java/avro/src/main/java/org/apache/avro/generic/GenericRecord.java,org/apache/avro/generic/GenericRecord.java,26,1,1,1,0,0,27,27,27,0,0,0,27,27,27,674,674,674,115.0000,8.4172,0,No
AVRO,1.5.2,lang/java/avro/src/main/java/org/apache/avro/generic/GenericArray.java,org/apache/avro/generic/GenericArray.java,28,1,1,1,0,0,33,33,33,0,0,0,33,33,33,674,674,674,115.0000,8.4172,0,No
AVRO,1.5.2,lang/java/avro/src/main/java/org/apache/avro/generic/GenericFixed.java,org/apache/avro/generic/GenericFixed.java,23,2,2,2,70,1820,25,24,12,1,1,0,26,24,13,1336,674,668,189.5000,7.6042,1,No
AVRO,1.5.2,lang/java/avro/src/main/java/org/apache/avro/generic/IndexedRecord.java,org/apache/avro/generic/IndexedRecord.java,29,1,1,1,0,0,30,30,30,0,0,0,30,30,30,674,674,674,115.0000,8.4172,0,No
AVRO,1.5.2,lang/java/avro/src/main/java/org/apache/avro/generic/GenericData.java,org/apache/avro/generic/GenericData.java,616,6,2,6,103,71997,684,559,114,15,7,2,699,559,116,1491,674,248,74.6667,4.9318,50,No
AVRO,1.5.2,lang/java/avro/src/main/java/org/apache/avro/generic/GenericDatumReader.java,org/apache/avro/generic/GenericDatumReader.java,358,6,2,5,125,53875,415,382,69,16,9,2,431,382,71,1609,674,268,82.1667,5.7178,16,No
AVRO,1.5.2,lang/java/avro/src/main/java/org/apache/avro/generic/GenericEnumSymbol.java,org/apache/avro/generic/GenericEnumSymbol.java,23,2,2,2,70,1820,25,24,12,1,1,0,26,24,13,1336,674,668,189.5000,7.6042,1,No
AVRO,1.5.2,lang/java/avro/src/main/java/org/apache/avro/generic/GenericDatumWriter.java,org/apache/avro/generic/GenericDatumWriter.java,181,3,2,2,81,17091,209,203,69,2,1,0,211,203,70,1438,674,479,136.6667,6.7150,13,No
AVRO,1.5.2,lang/java/avro/src/main/java/org/apache/avro/AvroRuntimeException.java,org/apache/avro/AvroRuntimeException.java,26,1,1,1,0,0,29,29,29,0,0,0,29,29,29,674,674,674,115.0000,8.4172,1,No
AVRO,1.5.2,lang/java/avro/src/main/java/org/apache/avro/AvroTypeException.java,org/apache/avro/AvroTypeException.java,25,1,1,1,0,0,29,29,29,0,0,0,29,29,29,674,674,674,115.0000,8.4172,0,No
AVRO,1.5.2,lang/java/ipc/src/main/java/org/apache/avro/ipc/specific/SpecificResponder.java,org/apache/avro/ipc/specific/SpecificResponder.java,86,2,2,2,24,3480,122,107,61,23,23,11,145,107,72,1119,1040,559,167.5000,6.5761,1,No
AVRO,1.5.2,lang/java/ipc/src/main/java/org/apache/avro/ipc/specific/SpecificRequestor.java,org/apache/avro/ipc/specific/SpecificRequestor.java,139,4,2,4,154,30646,180,121,45,19,13,4,199,121,49,1371,1040,342,100.2500,5.0802,7,No
AVRO,1.5.2,lang/java/ipc/src/main/java/org/apache/avro/ipc/RPCContext.java,org/apache/avro/ipc/RPCContext.java,186,2,2,2,82,19434,226,195,113,11,11,5,237,195,118,1389,715,694,191.0000,7.7200,12,No
AVRO,1.5.2,lang/java/ipc/src/main/java/org/apache/avro/ipc/trace/TracePlugin.java,org/apache/avro/ipc/trace/TracePlugin.java,333,2,1,2,43,16383,378,375,189,3,3,1,381,375,190,1265,674,632,182.5000,7.4889,41,No
AVRO,1.5.2,lang/java/ipc/src/main/java/org/apache/avro/ipc/trace/StaticServlet.java,org/apache/avro/ipc/trace/StaticServlet.java,44,1,1,1,0,0,50,50,50,0,0,0,50,50,50,674,674,674,115.0000,8.4172,1,No
AVRO,1.5.2,lang/java/ipc/src/main/java/org/apache/avro/ipc/trace/Util.java,org/apache/avro/ipc/trace/Util.java,200,1,1,1,0,0,222,222,222,0,0,0,222,222,222,674,674,674,115.0000,8.4172,45,No
AVRO,1.5.2,lang/java/ipc/src/main/java/org/apache/avro/ipc/trace/SpanStorage.java,org/apache/avro/ipc/trace/SpanStorage.java,50,1,1,1,0,0,57,57,57,0,0,0,57,57,57,674,674,674,115.0000,8.4172,0,No
AVRO,1.5.2,lang/java/ipc/src/main/java/org/apache/avro/ipc/trace/FileSpanStorage.java,org/apache/avro/ipc/trace/FileSpanStorage.java,316,1,1,1,0,0,359,359,359,0,0,0,359,359,359,674,674,674,115.0000,8.4172,33,No
AVRO,1.5.2,lang/java/ipc/src/main/java/org/apache/avro/ipc/trace/SpanAggregator.java,org/apache/avro/ipc/trace/SpanAggregator.java,162,1,1,1,0,0,180,180,180,0,0,0,180,180,180,674,674,674,115.0000,8.4172,24,No
AVRO,1.5.2,lang/java/ipc/src/main/java/org/apache/avro/ipc/trace/TraceNode.java,org/apache/avro/ipc/trace/TraceNode.java,123,1,1,1,0,0,139,139,139,0,0,0,139,139,139,674,674,674,115.0000,8.4172,4,No
AVRO,1.5.2,lang/java/ipc/src/main/java/org/apache/avro/ipc/trace/TracePluginConfiguration.java,org/apache/avro/ipc/trace/TracePluginConfiguration.java,70,1,1,1,0,0,75,75,75,0,0,0,75,75,75,674,674,674,115.0000,8.4172,2,No
AVRO,1.5.2,lang/java/ipc/src/main/java/org/apache/avro/ipc/trace/Trace.java,org/apache/avro/ipc/trace/Trace.java,222,1,1,1,0,0,243,243,243,0,0,0,243,243,243,674,674,674,115.0000,8.4172,17,No
AVRO,1.5.2,lang/java/ipc/src/main/java/org/apache/avro/ipc/trace/TraceClientServlet.java,org/apache/avro/ipc/trace/TraceClientServlet.java,232,2,1,2,43,11180,257,253,128,3,3,1,260,253,130,1265,674,632,182.5000,7.4889,16,No
AVRO,1.5.2,lang/java/ipc/src/main/java/org/apache/avro/ipc/trace/TraceCollection.java,org/apache/avro/ipc/trace/TraceCollection.java,271,1,1,1,0,0,306,306,306,0,0,0,306,306,306,674,674,674,115.0000,8.4172,28,No
AVRO,1.5.2,lang/java/ipc/src/main/java/org/apache/avro/ipc/trace/InMemorySpanStorage.java,org/apache/avro/ipc/trace/InMemorySpanStorage.java,69,1,1,1,0,0,78,78,78,0,0,0,78,78,78,674,674,674,115.0000,8.4172,1,No
AVRO,1.5.2,lang/java/ipc/src/main/java/org/apache/avro/ipc/reflect/ReflectResponder.java,org/apache/avro/ipc/reflect/ReflectResponder.java,52,2,2,2,24,1608,65,63,32,2,2,1,67,63,33,1119,1040,559,167.5000,6.5761,1,No
AVRO,1.5.2,lang/java/ipc/src/main/java/org/apache/avro/ipc/reflect/ReflectRequestor.java,org/apache/avro/ipc/reflect/ReflectRequestor.java,69,2,2,2,125,10625,83,81,41,2,2,1,85,81,42,1344,1040,672,193.0000,7.6935,2,No
AVRO,1.5.2,lang/java/ipc/src/main/java/org/apache/avro/ipc/HttpServer.java,org/apache/avro/ipc/HttpServer.java,94,2,2,2,70,7980,112,72,56,2,2,1,114,72,57,1327,674,663,189.0000,7.5952,4,No
AVRO,1.5.2,lang/java/ipc/src/main/java/org/apache/avro/ipc/DatagramServer.java,org/apache/avro/ipc/DatagramServer.java,64,1,1,1,0,0,80,80,80,0,0,0,80,80,80,674,674,674,115.0000,8.4172,4,No
AVRO,1.5.2,lang/java/ipc/src/main/java/org/apache/avro/ipc/HttpTransceiver.java,org/apache/avro/ipc/HttpTransceiver.java,98,1,1,1,0,0,112,112,112,0,0,0,112,112,112,674,674,674,115.0000,8.4172,1,No
AVRO,1.5.2,lang/java/ipc/src/main/java/org/apache/avro/ipc/SaslSocketServer.java,org/apache/avro/ipc/SaslSocketServer.java,90,1,1,1,0,0,102,102,102,0,0,0,102,102,102,674,674,674,115.0000,8.4172,14,No
AVRO,1.5.2,lang/java/ipc/src/main/java/org/apache/avro/ipc/DatagramTransceiver.java,org/apache/avro/ipc/DatagramTransceiver.java,73,1,1,1,0,0,85,85,85,0,0,0,85,85,85,674,674,674,115.0000,8.4172,3,No
AVRO,1.5.2,lang/java/ipc/src/main/java/org/apache/avro/ipc/NettyTransportCodec.java,org/apache/avro/ipc/NettyTransportCodec.java,153,1,1,1,0,0,183,183,183,0,0,0,183,183,183,674,674,674,115.0000,8.4172,9,No
AVRO,1.5.2,lang/java/ipc/src/main/java/org/apache/avro/ipc/Callback.java,org/apache/avro/ipc/Callback.java,36,1,1,1,0,0,39,39,39,0,0,0,39,39,39,1145,1145,1145,323.0000,8.7044,0,No
AVRO,1.5.2,lang/java/ipc/src/main/java/org/apache/avro/ipc/LocalTransceiver.java,org/apache/avro/ipc/LocalTransceiver.java,45,1,1,1,0,0,52,52,52,0,0,0,52,52,52,674,674,674,115.0000,8.4172,1,No
AVRO,1.5.2,lang/java/ipc/src/main/java/org/apache/avro/ipc/SaslSocketTransceiver.java,org/apache/avro/ipc/SaslSocketTransceiver.java,354,3,2,3,126,51534,406,389,135,3,3,1,409,389,136,1550,674,516,149.6667,7.2658,46,No
AVRO,1.5.2,lang/java/ipc/src/main/java/org/apache/avro/ipc/Transceiver.java,org/apache/avro/ipc/Transceiver.java,93,3,2,3,197,23049,113,72,37,4,3,1,117,72,39,1512,827,504,139.0000,6.0283,1,No
AVRO,1.5.2,lang/java/ipc/src/main/java/org/apache/avro/ipc/NettyTransceiver.java,org/apache/avro/ipc/NettyTransceiver.java,362,5,2,5,197,143613,566,264,113,163,99,32,729,308,145,1622,674,324,95.8000,5.5969,16,No
AVRO,1.5.2,lang/java/ipc/src/main/java/org/apache/avro/ipc/RPCPlugin.java,org/apache/avro/ipc/RPCPlugin.java,65,1,1,1,0,0,76,76,76,0,0,0,76,76,76,674,674,674,115.0000,8.4172,0,No
AVRO,1.5.2,lang/java/ipc/src/main/java/org/apache/avro/ipc/SocketTransceiver.java,org/apache/avro/ipc/SocketTransceiver.java,101,1,1,1,0,0,120,120,120,0,0,0,120,120,120,674,674,674,115.0000,8.4172,5,No
AVRO,1.5.2,lang/java/ipc/src/main/java/org/apache/avro/ipc/generic/GenericResponder.java,org/apache/avro/ipc/generic/GenericResponder.java,58,2,2,2,24,1872,74,59,37,4,4,2,78,59,39,1119,1040,559,167.5000,6.5761,1,No
AVRO,1.5.2,lang/java/ipc/src/main/java/org/apache/avro/ipc/generic/GenericRequestor.java,org/apache/avro/ipc/generic/GenericRequestor.java,81,3,2,3,140,14000,96,76,32,4,4,1,100,76,33,1360,1040,453,131.3333,6.1008,8,No
AVRO,1.5.2,lang/java/ipc/src/main/java/org/apache/avro/ipc/ResponderServlet.java,org/apache/avro/ipc/ResponderServlet.java,48,1,1,1,0,0,56,56,56,0,0,0,56,56,56,674,674,674,115.0000,8.4172,1,No
AVRO,1.5.2,lang/java/ipc/src/main/java/org/apache/avro/ipc/Server.java,org/apache/avro/ipc/Server.java,29,1,1,1,0,0,35,35,35,0,0,0,35,35,35,674,674,674,115.0000,8.4172,0,No
AVRO,1.5.2,lang/java/ipc/src/main/java/org/apache/avro/ipc/Requestor.java,org/apache/avro/ipc/Requestor.java,490,10,2,10,197,158782,680,363,68,126,106,12,806,469,80,1686,674,168,54.2000,4.8441,46,No
AVRO,1.5.2,lang/java/ipc/src/main/java/org/apache/avro/ipc/NettyServer.java,org/apache/avro/ipc/NettyServer.java,135,3,2,3,183,32940,167,151,55,13,11,4,180,151,60,1526,820,508,141.3333,6.6918,4,No
AVRO,1.5.2,lang/java/ipc/src/main/java/org/apache/avro/ipc/SocketServer.java,org/apache/avro/ipc/SocketServer.java,124,3,2,3,196,28812,146,144,48,1,1,0,147,144,49,1579,674,526,150.6667,7.3227,19,No
AVRO,1.5.2,lang/java/ipc/src/main/java/org/apache/avro/ipc/CallFuture.java,org/apache/avro/ipc/CallFuture.java,146,1,1,1,0,0,162,162,162,0,0,0,162,162,162,1145,1145,1145,323.0000,8.7044,0,No
AVRO,1.5.2,lang/java/ipc/src/main/java/org/apache/avro/ipc/stats/StatsServer.java,org/apache/avro/ipc/stats/StatsServer.java,48,1,1,1,0,0,54,54,54,0,0,0,54,54,54,674,674,674,115.0000,8.4172,2,No
AVRO,1.5.2,lang/java/ipc/src/main/java/org/apache/avro/ipc/stats/StaticServlet.java,org/apache/avro/ipc/stats/StaticServlet.java,41,1,1,1,0,0,46,46,46,0,0,0,46,46,46,674,674,674,115.0000,8.4172,1,No
AVRO,1.5.2,lang/java/ipc/src/main/java/org/apache/avro/ipc/stats/FloatHistogram.java,org/apache/avro/ipc/stats/FloatHistogram.java,49,1,1,1,0,0,54,54,54,0,0,0,54,54,54,674,674,674,115.0000,8.4172,4,No
AVRO,1.5.2,lang/java/ipc/src/main/java/org/apache/avro/ipc/stats/Stopwatch.java,org/apache/avro/ipc/stats/Stopwatch.java,66,1,1,1,0,0,74,74,74,0,0,0,74,74,74,674,674,674,115.0000,8.4172,9,No
AVRO,1.5.2,lang/java/ipc/src/main/java/org/apache/avro/ipc/stats/StatsPlugin.java,org/apache/avro/ipc/stats/StatsPlugin.java,199,1,1,1,0,0,226,226,226,0,0,0,226,226,226,674,674,674,115.0000,8.4172,2,No
AVRO,1.5.2,lang/java/ipc/src/main/java/org/apache/avro/ipc/stats/StatsServlet.java,org/apache/avro/ipc/stats/StatsServlet.java,234,1,1,1,0,0,270,270,270,0,0,0,270,270,270,674,674,674,115.0000,8.4172,45,No
AVRO,1.5.2,lang/java/ipc/src/main/java/org/apache/avro/ipc/stats/IntegerHistogram.java,org/apache/avro/ipc/stats/IntegerHistogram.java,50,1,1,1,0,0,55,55,55,0,0,0,55,55,55,674,674,674,115.0000,8.4172,4,No
AVRO,1.5.2,lang/java/ipc/src/main/java/org/apache/avro/ipc/stats/Histogram.java,org/apache/avro/ipc/stats/Histogram.java,234,1,1,1,0,0,267,267,267,0,0,0,267,267,267,674,674,674,115.0000,8.4172,31,No
AVRO,1.5.2,lang/java/ipc/src/main/java/org/apache/avro/ipc/Responder.java,org/apache/avro/ipc/Responder.java,221,9,2,9,183,57462,286,249,31,28,9,3,314,249,34,1687,674,187,60.5556,5.3547,33,No
AVRO,1.5.2,lang/java/ipc/src/main/java/org/apache/avro/ipc/Ipc.java,org/apache/avro/ipc/Ipc.java,47,1,1,1,0,0,53,53,53,0,0,0,53,53,53,674,674,674,115.0000,8.4172,5,No
AVRO,1.5.2,lang/java/compiler/src/main/java/org/apache/avro/compiler/specific/SchemaTask.java,org/apache/avro/compiler/specific/SchemaTask.java,27,1,1,1,0,0,30,30,30,0,0,0,30,30,30,1040,1040,1040,300.0000,8.4726,0,No
AVRO,1.5.2,lang/java/compiler/src/main/java/org/apache/avro/compiler/specific/ProtocolTask.java,org/apache/avro/compiler/specific/ProtocolTask.java,69,1,1,1,0,0,81,81,81,0,0,0,81,81,81,1040,1040,1040,300.0000,8.4726,4,No
AVRO,1.5.2,lang/java/compiler/src/main/java/org/apache/avro/compiler/specific/SpecificCompiler.java,org/apache/avro/compiler/specific/SpecificCompiler.java,392,1,1,1,0,0,431,431,431,0,0,0,431,431,431,1040,1040,1040,300.0000,8.4726,23,No
AVRO,1.5.3,lang/java/tools/src/main/java/org/apache/avro/tool/JsonToBinaryFragmentTool.java,org/apache/avro/tool/JsonToBinaryFragmentTool.java,74,3,2,3,72,6552,86,78,28,5,3,1,91,78,30,1429,689,476,132.6667,6.4326,4,No
AVRO,1.5.3,lang/java/tools/src/main/java/org/apache/avro/tool/Util.java,org/apache/avro/tool/Util.java,113,2,2,2,72,9360,125,119,62,5,5,2,130,119,65,1384,710,692,191.0000,7.7115,7,No
AVRO,1.5.3,lang/java/tools/src/main/java/org/apache/avro/tool/IdlTool.java,org/apache/avro/tool/IdlTool.java,68,2,1,2,43,3483,80,79,40,1,1,0,81,79,40,1265,674,632,182.5000,7.4889,5,No
AVRO,1.5.3,lang/java/tools/src/main/java/org/apache/avro/tool/FromTextTool.java,org/apache/avro/tool/FromTextTool.java,113,2,2,2,125,19750,144,99,72,14,14,7,158,99,79,1484,810,742,204.5000,7.9855,11,No
AVRO,1.5.3,lang/java/tools/src/main/java/org/apache/avro/tool/RpcSendTool.java,org/apache/avro/tool/RpcSendTool.java,105,3,1,3,71,8804,121,118,40,3,2,1,124,118,41,1401,674,467,136.6667,6.7708,2,No
AVRO,1.5.3,lang/java/tools/src/main/java/org/apache/avro/tool/ToTextTool.java,org/apache/avro/tool/ToTextTool.java,74,2,2,2,125,11750,91,88,45,3,3,1,94,88,47,1484,810,742,204.5000,7.9855,2,No
AVRO,1.5.3,lang/java/tools/src/main/java/org/apache/avro/tool/TetherTool.java,org/apache/avro/tool/TetherTool.java,83,2,1,2,17,1615,95,78,47,0,0,0,95,78,47,1164,1045,582,172.0000,6.4598,2,No
AVRO,1.5.3,lang/java/tools/src/main/java/org/apache/avro/tool/DataFileGetSchemaTool.java,org/apache/avro/tool/DataFileGetSchemaTool.java,48,1,1,1,0,0,54,54,54,0,0,0,54,54,54,674,674,674,115.0000,8.4172,1,No
AVRO,1.5.3,lang/java/tools/src/main/java/org/apache/avro/tool/Tool.java,org/apache/avro/tool/Tool.java,47,1,1,1,0,0,51,51,51,0,0,0,51,51,51,1040,1040,1040,300.0000,8.4726,1,No
AVRO,1.5.3,lang/java/tools/src/main/java/org/apache/avro/tool/DataFileReadTool.java,org/apache/avro/tool/DataFileReadTool.java,69,2,1,2,71,6177,82,79,41,5,5,2,87,79,43,1363,689,681,190.0000,7.6767,1,No
AVRO,1.5.3,lang/java/tools/src/main/java/org/apache/avro/tool/Main.java,org/apache/avro/tool/Main.java,87,3,1,3,43,4644,103,102,34,5,3,1,108,102,36,1264,674,421,124.6667,6.7898,11,No
AVRO,1.5.3,lang/java/tools/src/main/java/org/apache/avro/tool/BinaryFragmentToJsonTool.java,org/apache/avro/tool/BinaryFragmentToJsonTool.java,80,3,2,3,72,6552,88,85,29,3,2,1,91,85,30,1429,689,476,132.6667,6.4326,4,No
AVRO,1.5.3,lang/java/tools/src/main/java/org/apache/avro/tool/DataFileWriteTool.java,org/apache/avro/tool/DataFileWriteTool.java,125,2,2,2,72,10152,139,137,69,2,2,1,141,137,70,1384,710,692,191.0000,7.7115,6,No
AVRO,1.5.3,lang/java/tools/src/main/java/org/apache/avro/tool/SpecificCompilerTool.java,org/apache/avro/tool/SpecificCompilerTool.java,116,3,2,3,209,30096,138,74,46,6,6,2,144,80,48,1386,1040,462,134.3333,6.3135,13,No
AVRO,1.5.3,lang/java/tools/src/main/java/org/apache/avro/tool/RecodecTool.java,org/apache/avro/tool/RecodecTool.java,104,1,1,1,0,0,115,115,115,0,0,0,115,115,115,674,674,674,115.0000,8.4172,9,No
AVRO,1.5.3,lang/java/tools/src/main/java/org/apache/avro/tool/InduceSchemaTool.java,org/apache/avro/tool/InduceSchemaTool.java,69,1,1,1,0,0,76,76,76,0,0,0,76,76,76,1040,1040,1040,300.0000,8.4726,6,No
AVRO,1.5.3,lang/java/tools/src/main/java/org/apache/avro/tool/RpcReceiveTool.java,org/apache/avro/tool/RpcReceiveTool.java,162,3,1,3,71,13206,183,178,61,3,2,1,186,178,62,1401,674,467,136.6667,6.7708,6,No
AVRO,1.5.3,lang/java/maven-plugin/src/main/java/org/apache/avro/mojo/ProtocolMojo.java,org/apache/avro/mojo/ProtocolMojo.java,58,3,2,3,134,9380,68,66,22,2,1,0,70,66,23,1559,674,519,150.0000,7.2781,4,No
AVRO,1.5.3,lang/java/maven-plugin/src/main/java/org/apache/avro/mojo/SchemaMojo.java,org/apache/avro/mojo/SchemaMojo.java,58,3,2,3,134,9380,68,66,22,2,1,0,70,66,23,1559,674,519,150.0000,7.2781,4,No
AVRO,1.5.3,lang/java/maven-plugin/src/main/java/org/apache/avro/mojo/AbstractAvroMojo.java,org/apache/avro/mojo/AbstractAvroMojo.java,126,1,1,1,0,0,143,143,143,0,0,0,143,143,143,674,674,674,115.0000,8.4172,1,No
AVRO,1.5.3,lang/java/maven-plugin/src/main/java/org/apache/avro/mojo/IDLProtocolMojo.java,org/apache/avro/mojo/IDLProtocolMojo.java,69,3,2,3,134,11524,82,78,27,4,3,1,86,78,28,1559,674,519,150.0000,7.2781,4,No
AVRO,1.5.3,lang/java/mapred/src/main/java/org/apache/avro/mapred/AvroKeyComparator.java,org/apache/avro/mapred/AvroKeyComparator.java,41,3,2,3,62,3472,53,50,17,3,2,1,56,50,18,1309,674,436,126.6667,5.9905,0,No
AVRO,1.5.3,lang/java/mapred/src/main/java/org/apache/avro/mapred/SequenceFileRecordReader.java,org/apache/avro/mapred/SequenceFileRecordReader.java,29,1,1,1,0,0,36,36,36,0,0,0,36,36,36,674,674,674,115.0000,8.4172,0,No
AVRO,1.5.3,lang/java/mapred/src/main/java/org/apache/avro/mapred/Pair.java,org/apache/avro/mapred/Pair.java,494,2,2,2,13,6786,522,452,261,0,0,0,522,452,261,691,674,345,61.5000,5.6518,11,No
AVRO,1.5.3,lang/java/mapred/src/main/java/org/apache/avro/mapred/AvroTextOutputFormat.java,org/apache/avro/mapred/AvroTextOutputFormat.java,113,1,1,1,0,0,134,134,134,0,0,0,134,134,134,1140,1140,1140,323.0000,8.6911,6,No
AVRO,1.5.3,lang/java/mapred/src/main/java/org/apache/avro/mapred/FsInput.java,org/apache/avro/mapred/FsInput.java,49,1,1,1,0,0,60,60,60,0,0,0,60,60,60,674,674,674,115.0000,8.4172,1,No
AVRO,1.5.3,lang/java/mapred/src/main/java/org/apache/avro/mapred/HadoopCombiner.java,org/apache/avro/mapred/HadoopCombiner.java,52,1,1,1,0,0,62,62,62,0,0,0,62,62,62,674,674,674,115.0000,8.4172,3,No
AVRO,1.5.3,lang/java/mapred/src/main/java/org/apache/avro/mapred/AvroUtf8InputFormat.java,org/apache/avro/mapred/AvroUtf8InputFormat.java,96,1,1,1,0,0,117,117,117,0,0,0,117,117,117,674,674,674,115.0000,8.4172,8,No
AVRO,1.5.3,lang/java/mapred/src/main/java/org/apache/avro/mapred/HadoopMapper.java,org/apache/avro/mapred/HadoopMapper.java,77,2,2,2,125,11625,91,83,45,2,2,1,93,83,46,1484,810,742,204.5000,7.9855,3,No
AVRO,1.5.3,lang/java/mapred/src/main/java/org/apache/avro/mapred/AvroSerialization.java,org/apache/avro/mapred/AvroSerialization.java,120,4,2,4,72,11520,152,135,38,8,4,2,160,135,40,1440,683,360,101.2500,5.5375,12,No
AVRO,1.5.3,lang/java/mapred/src/main/java/org/apache/avro/mapred/SequenceFileReader.java,org/apache/avro/mapred/SequenceFileReader.java,213,1,1,1,0,0,247,247,247,0,0,0,247,247,247,674,674,674,115.0000,8.4172,13,No
AVRO,1.5.3,lang/java/mapred/src/main/java/org/apache/avro/mapred/AvroKey.java,org/apache/avro/mapred/AvroKey.java,25,2,2,2,70,1960,28,25,14,0,0,0,28,25,14,1339,674,669,189.5000,7.6055,0,No
AVRO,1.5.3,lang/java/mapred/src/main/java/org/apache/avro/mapred/tether/TetherInputFormat.java,org/apache/avro/mapred/tether/TetherInputFormat.java,49,1,1,1,0,0,58,58,58,0,0,0,58,58,58,674,674,674,115.0000,8.4172,0,No
AVRO,1.5.3,lang/java/mapred/src/main/java/org/apache/avro/mapred/tether/TetherKeySerialization.java,org/apache/avro/mapred/tether/TetherKeySerialization.java,72,3,2,3,72,7200,96,91,32,4,3,1,100,91,33,1429,689,476,132.6667,6.4326,12,No
AVRO,1.5.3,lang/java/mapred/src/main/java/org/apache/avro/mapred/tether/TetheredProcess.java,org/apache/avro/mapred/tether/TetheredProcess.java,113,2,1,2,43,5848,134,132,67,2,2,1,136,132,68,1265,674,632,182.5000,7.4889,8,No
AVRO,1.5.3,lang/java/mapred/src/main/java/org/apache/avro/mapred/tether/TetherPartitioner.java,org/apache/avro/mapred/tether/TetherPartitioner.java,47,1,1,1,0,0,59,59,59,0,0,0,59,59,59,674,674,674,115.0000,8.4172,2,No
AVRO,1.5.3,lang/java/mapred/src/main/java/org/apache/avro/mapred/tether/TetherData.java,org/apache/avro/mapred/tether/TetherData.java,34,1,1,1,0,0,42,42,42,0,0,0,42,42,42,674,674,674,115.0000,8.4172,9,No
AVRO,1.5.3,lang/java/mapred/src/main/java/org/apache/avro/mapred/tether/TetherOutputFormat.java,org/apache/avro/mapred/tether/TetherOutputFormat.java,67,1,1,1,0,0,80,80,80,0,0,0,80,80,80,674,674,674,115.0000,8.4172,4,No
AVRO,1.5.3,lang/java/mapred/src/main/java/org/apache/avro/mapred/tether/TetherRecordReader.java,org/apache/avro/mapred/tether/TetherRecordReader.java,67,1,1,1,0,0,84,84,84,0,0,0,84,84,84,674,674,674,115.0000,8.4172,12,No
AVRO,1.5.3,lang/java/mapred/src/main/java/org/apache/avro/mapred/tether/TetherKeyComparator.java,org/apache/avro/mapred/tether/TetherKeyComparator.java,51,2,1,2,62,4030,63,61,31,2,2,1,65,61,32,1301,674,650,186.5000,7.5683,1,No
AVRO,1.5.3,lang/java/mapred/src/main/java/org/apache/avro/mapred/tether/TetherReducer.java,org/apache/avro/mapred/tether/TetherReducer.java,73,1,1,1,0,0,82,82,82,0,0,0,82,82,82,674,674,674,115.0000,8.4172,10,No
AVRO,1.5.3,lang/java/mapred/src/main/java/org/apache/avro/mapred/tether/TetherMapRunner.java,org/apache/avro/mapred/tether/TetherMapRunner.java,76,1,1,1,0,0,93,93,93,0,0,0,93,93,93,674,674,674,115.0000,8.4172,14,No
AVRO,1.5.3,lang/java/mapred/src/main/java/org/apache/avro/mapred/tether/TetherOutputService.java,org/apache/avro/mapred/tether/TetherOutputService.java,83,1,1,1,0,0,101,101,101,0,0,0,101,101,101,674,674,674,115.0000,8.4172,22,No
AVRO,1.5.3,lang/java/mapred/src/main/java/org/apache/avro/mapred/tether/TetherJob.java,org/apache/avro/mapred/tether/TetherJob.java,77,2,1,2,29,6641,160,156,80,69,69,34,229,156,114,1174,674,587,169.0000,7.4392,1,No
AVRO,1.5.3,lang/java/mapred/src/main/java/org/apache/avro/mapred/AvroValue.java,org/apache/avro/mapred/AvroValue.java,25,2,2,2,70,1960,28,25,14,0,0,0,28,25,14,1339,674,669,189.5000,7.6055,0,No
AVRO,1.5.3,lang/java/mapred/src/main/java/org/apache/avro/mapred/SequenceFileInputFormat.java,org/apache/avro/mapred/SequenceFileInputFormat.java,37,1,1,1,0,0,43,43,43,0,0,0,43,43,43,674,674,674,115.0000,8.4172,0,No
AVRO,1.5.3,lang/java/mapred/src/main/java/org/apache/avro/mapred/AvroOutputFormat.java,org/apache/avro/mapred/AvroOutputFormat.java,103,5,2,5,165,28710,149,101,29,25,22,5,174,101,34,1566,790,313,92.8000,5.5226,2,No
AVRO,1.5.3,lang/java/mapred/src/main/java/org/apache/avro/mapred/AvroRecordReader.java,org/apache/avro/mapred/AvroRecordReader.java,72,2,2,2,13,1170,89,85,44,1,1,0,90,85,45,691,674,345,61.5000,5.6518,0,No
AVRO,1.5.3,lang/java/mapred/src/main/java/org/apache/avro/mapred/AvroAsTextInputFormat.java,org/apache/avro/mapred/AvroAsTextInputFormat.java,55,1,1,1,0,0,61,61,61,0,0,0,61,61,61,1138,1138,1138,323.0000,8.6857,0,No
AVRO,1.5.3,lang/java/mapred/src/main/java/org/apache/avro/mapred/AvroCollector.java,org/apache/avro/mapred/AvroCollector.java,24,1,1,1,0,0,28,28,28,0,0,0,28,28,28,674,674,674,115.0000,8.4172,0,No
AVRO,1.5.3,lang/java/mapred/src/main/java/org/apache/avro/mapred/HadoopReducer.java,org/apache/avro/mapred/HadoopReducer.java,50,1,1,1,0,0,60,60,60,0,0,0,60,60,60,674,674,674,115.0000,8.4172,3,No
AVRO,1.5.3,lang/java/mapred/src/main/java/org/apache/avro/mapred/AvroInputFormat.java,org/apache/avro/mapred/AvroInputFormat.java,48,1,1,1,0,0,56,56,56,0,0,0,56,56,56,674,674,674,115.0000,8.4172,0,No
AVRO,1.5.3,lang/java/mapred/src/main/java/org/apache/avro/mapred/AvroReducer.java,org/apache/avro/mapred/AvroReducer.java,56,2,2,2,125,9125,69,51,34,4,4,2,73,51,36,1484,810,742,204.5000,7.9855,0,No
AVRO,1.5.3,lang/java/mapred/src/main/java/org/apache/avro/mapred/AvroJob.java,org/apache/avro/mapred/AvroJob.java,162,3,2,3,111,21534,194,167,64,0,0,0,194,167,64,1487,796,495,138.6667,6.2692,2,No
AVRO,1.5.3,lang/java/mapred/src/main/java/org/apache/avro/mapred/HadoopReducerBase.java,org/apache/avro/mapred/HadoopReducerBase.java,58,2,2,2,125,8500,68,63,34,0,0,0,68,63,34,1484,810,742,204.5000,7.9855,6,No
AVRO,1.5.3,lang/java/mapred/src/main/java/org/apache/avro/mapred/AvroAsTextRecordReader.java,org/apache/avro/mapred/AvroAsTextRecordReader.java,83,1,1,1,0,0,98,98,98,0,0,0,98,98,98,1138,1138,1138,323.0000,8.6857,7,No
AVRO,1.5.3,lang/java/mapred/src/main/java/org/apache/avro/mapred/AvroWrapper.java,org/apache/avro/mapred/AvroWrapper.java,48,2,2,2,70,3990,57,54,28,0,0,0,57,54,28,1339,674,669,189.5000,7.6055,3,No
AVRO,1.5.3,lang/java/mapred/src/main/java/org/apache/avro/mapred/AvroMapper.java,org/apache/avro/mapred/AvroMapper.java,47,2,2,2,125,7625,58,41,29,3,3,1,61,41,30,1484,810,742,204.5000,7.9855,0,No
AVRO,1.5.3,lang/java/avro/src/main/java/org/apache/avro/UnresolvedUnionException.java,org/apache/avro/UnresolvedUnionException.java,34,1,1,1,0,0,39,39,39,0,0,0,39,39,39,679,679,679,115.0000,8.4266,2,No
AVRO,1.5.3,lang/java/avro/src/main/java/org/apache/avro/specific/SpecificData.java,org/apache/avro/specific/SpecificData.java,184,5,2,5,153,31824,205,194,41,3,2,0,208,194,41,1606,674,321,97.8000,5.8754,12,No
AVRO,1.5.3,lang/java/avro/src/main/java/org/apache/avro/specific/FixedSize.java,org/apache/avro/specific/FixedSize.java,34,1,1,1,0,0,37,37,37,0,0,0,37,37,37,674,674,674,115.0000,8.4172,0,No
AVRO,1.5.3,lang/java/avro/src/main/java/org/apache/avro/specific/SpecificFixed.java,org/apache/avro/specific/SpecificFixed.java,25,2,2,2,70,2100,29,28,14,1,1,0,30,28,15,1336,674,668,189.5000,7.6042,0,No
AVRO,1.5.3,lang/java/avro/src/main/java/org/apache/avro/specific/SpecificRecord.java,org/apache/avro/specific/SpecificRecord.java,23,1,1,1,0,0,26,26,26,0,0,0,26,26,26,674,674,674,115.0000,8.4172,0,No
AVRO,1.5.3,lang/java/avro/src/main/java/org/apache/avro/specific/SpecificRecordBase.java,org/apache/avro/specific/SpecificRecordBase.java,45,1,1,1,0,0,54,54,54,0,0,0,54,54,54,674,674,674,115.0000,8.4172,1,No
AVRO,1.5.3,lang/java/avro/src/main/java/org/apache/avro/specific/SpecificDatumReader.java,org/apache/avro/specific/SpecificDatumReader.java,92,1,1,1,0,0,107,107,107,0,0,0,107,107,107,674,674,674,115.0000,8.4172,3,No
AVRO,1.5.3,lang/java/avro/src/main/java/org/apache/avro/specific/SpecificDatumWriter.java,org/apache/avro/specific/SpecificDatumWriter.java,48,2,2,2,19,1140,59,56,29,1,1,0,60,56,30,695,674,347,63.0000,5.8117,0,No
AVRO,1.5.3,lang/java/avro/src/main/java/org/apache/avro/specific/SpecificExceptionBase.java,org/apache/avro/specific/SpecificExceptionBase.java,36,2,1,2,43,1978,45,44,22,1,1,0,46,44,23,1265,674,632,182.5000,7.4889,3,No
AVRO,1.5.3,lang/java/avro/src/main/java/org/apache/avro/SchemaParseException.java,org/apache/avro/SchemaParseException.java,23,1,1,1,0,0,26,26,26,0,0,0,26,26,26,674,674,674,115.0000,8.4172,0,No
AVRO,1.5.3,lang/java/avro/src/main/java/org/apache/avro/util/ByteBufferOutputStream.java,org/apache/avro/util/ByteBufferOutputStream.java,93,1,1,1,0,0,107,107,107,0,0,0,107,107,107,1040,1040,1040,300.0000,8.4726,4,No
AVRO,1.5.3,lang/java/avro/src/main/java/org/apache/avro/util/WeakIdentityHashMap.java,org/apache/avro/util/WeakIdentityHashMap.java,152,1,1,1,0,0,169,169,169,0,0,0,169,169,169,674,674,674,115.0000,8.4172,21,No
AVRO,1.5.3,lang/java/avro/src/main/java/org/apache/avro/util/Utf8.java,org/apache/avro/util/Utf8.java,113,2,1,2,71,10508,140,132,70,8,8,4,148,132,74,1363,689,681,190.0000,7.6767,7,No
AVRO,1.5.3,lang/java/avro/src/main/java/org/apache/avro/util/ByteBufferInputStream.java,org/apache/avro/util/ByteBufferInputStream.java,80,1,1,1,0,0,89,89,89,0,0,0,89,89,89,1040,1040,1040,300.0000,8.4726,1,No
AVRO,1.5.3,lang/java/avro/src/main/java/org/apache/avro/file/SnappyCodec.java,org/apache/avro/file/SnappyCodec.java,68,3,1,3,113,17741,120,81,40,37,30,12,157,81,52,1237,1134,412,126.0000,5.6426,3,No
AVRO,1.5.3,lang/java/avro/src/main/java/org/apache/avro/file/DataFileReader.java,org/apache/avro/file/DataFileReader.java,216,4,2,4,82,21156,252,208,63,6,3,1,258,208,64,1461,674,365,106.0000,6.1913,11,No
AVRO,1.5.3,lang/java/avro/src/main/java/org/apache/avro/file/DataFileReader12.java,org/apache/avro/file/DataFileReader12.java,199,2,2,2,72,16488,228,221,114,1,1,0,229,221,114,1384,710,692,191.0000,7.7115,23,No
AVRO,1.5.3,lang/java/avro/src/main/java/org/apache/avro/file/DataFileWriter.java,org/apache/avro/file/DataFileWriter.java,361,4,2,4,154,68222,425,370,106,18,13,4,443,370,110,1617,674,404,120.0000,6.6184,16,No
AVRO,1.5.3,lang/java/avro/src/main/java/org/apache/avro/file/FileReader.java,org/apache/avro/file/FileReader.java,41,1,1,1,0,0,49,49,49,0,0,0,49,49,49,674,674,674,115.0000,8.4172,0,No
AVRO,1.5.3,lang/java/avro/src/main/java/org/apache/avro/file/DataFileConstants.java,org/apache/avro/file/DataFileConstants.java,36,3,2,3,111,4773,42,38,14,1,1,0,43,38,14,1503,790,501,141.6667,6.7376,2,No
AVRO,1.5.3,lang/java/avro/src/main/java/org/apache/avro/file/SeekableFileInput.java,org/apache/avro/file/SeekableFileInput.java,31,1,1,1,0,0,37,37,37,0,0,0,37,37,37,674,674,674,115.0000,8.4172,0,No
AVRO,1.5.3,lang/java/avro/src/main/java/org/apache/avro/file/DeflateCodec.java,org/apache/avro/file/DeflateCodec.java,128,1,1,1,0,0,145,145,145,0,0,0,145,145,145,674,674,674,115.0000,8.4172,5,No
AVRO,1.5.3,lang/java/avro/src/main/java/org/apache/avro/file/DataFileStream.java,org/apache/avro/file/DataFileStream.java,324,5,2,5,196,79968,386,341,77,22,19,4,408,341,81,1656,674,331,100.0000,6.0791,29,No
AVRO,1.5.3,lang/java/avro/src/main/java/org/apache/avro/file/NullCodec.java,org/apache/avro/file/NullCodec.java,54,1,1,1,0,0,64,64,64,0,0,0,64,64,64,674,674,674,115.0000,8.4172,2,No
AVRO,1.5.3,lang/java/avro/src/main/java/org/apache/avro/file/Codec.java,org/apache/avro/file/Codec.java,48,1,1,1,0,0,50,50,50,0,0,0,50,50,50,674,674,674,115.0000,8.4172,0,No
AVRO,1.5.3,lang/java/avro/src/main/java/org/apache/avro/file/LengthLimitedInputStream.java,org/apache/avro/file/LengthLimitedInputStream.java,75,1,1,1,0,0,85,85,85,0,0,0,85,85,85,674,674,674,115.0000,8.4172,1,No
AVRO,1.5.3,lang/java/avro/src/main/java/org/apache/avro/file/CodecFactory.java,org/apache/avro/file/CodecFactory.java,69,2,2,2,111,9102,82,76,41,0,0,0,82,76,41,1475,801,737,204.5000,7.9711,0,No
AVRO,1.5.3,lang/java/avro/src/main/java/org/apache/avro/file/SeekableInput.java,org/apache/avro/file/SeekableInput.java,31,2,2,2,82,3280,39,37,19,1,1,0,40,37,20,1388,714,694,191.0000,7.7166,0,No
AVRO,1.5.3,lang/java/avro/src/main/java/org/apache/avro/Schema.java,org/apache/avro/Schema.java,1307,7,2,7,252,373716,1459,1344,208,24,21,3,1483,1344,211,1725,674,246,80.1429,5.5245,204,No
AVRO,1.5.3,lang/java/avro/src/main/java/org/apache/avro/Protocol.java,org/apache/avro/Protocol.java,384,1,1,1,0,0,450,450,450,0,0,0,450,450,450,674,674,674,115.0000,8.4172,24,No
AVRO,1.5.3,lang/java/avro/src/main/java/org/apache/avro/reflect/ReflectDatumReader.java,org/apache/avro/reflect/ReflectDatumReader.java,124,1,1,1,0,0,140,140,140,0,0,0,140,140,140,674,674,674,115.0000,8.4172,1,No
AVRO,1.5.3,lang/java/avro/src/main/java/org/apache/avro/reflect/Union.java,org/apache/avro/reflect/Union.java,37,1,1,1,0,0,39,39,39,0,0,0,39,39,39,674,674,674,115.0000,8.4172,0,No
AVRO,1.5.3,lang/java/avro/src/main/java/org/apache/avro/reflect/ReflectDatumWriter.java,org/apache/avro/reflect/ReflectDatumWriter.java,97,4,2,4,105,12495,115,109,28,4,2,1,119,109,29,1479,674,369,107.2500,5.8727,11,No
AVRO,1.5.3,lang/java/avro/src/main/java/org/apache/avro/reflect/Stringable.java,org/apache/avro/reflect/Stringable.java,32,1,1,1,0,0,34,34,34,0,0,0,34,34,34,674,674,674,115.0000,8.4172,0,No
AVRO,1.5.3,lang/java/avro/src/main/java/org/apache/avro/reflect/ReflectData.java,org/apache/avro/reflect/ReflectData.java,440,6,2,6,224,109984,487,477,81,4,3,0,491,477,81,1642,674,273,84.0000,5.5593,27,No
AVRO,1.5.3,lang/java/avro/src/main/java/org/apache/avro/reflect/Nullable.java,org/apache/avro/reflect/Nullable.java,31,1,1,1,0,0,33,33,33,0,0,0,33,33,33,674,674,674,115.0000,8.4172,0,No
AVRO,1.5.3,lang/java/avro/src/main/java/org/apache/avro/io/ResolvingDecoder.java,org/apache/avro/io/ResolvingDecoder.java,250,2,2,2,72,20376,275,261,137,8,8,4,283,261,141,1384,710,692,191.0000,7.7115,6,No
AVRO,1.5.3,lang/java/avro/src/main/java/org/apache/avro/io/BinaryDecoder.java,org/apache/avro/io/BinaryDecoder.java,889,3,2,3,72,80352,1044,983,348,72,43,24,1116,983,372,1439,674,479,137.3333,6.8523,78,No
AVRO,1.5.3,lang/java/avro/src/main/java/org/apache/avro/io/BinaryData.java,org/apache/avro/io/BinaryData.java,406,4,2,4,72,31392,432,294,108,4,3,1,436,294,109,1466,674,366,106.5000,5.9800,105,No
AVRO,1.5.3,lang/java/avro/src/main/java/org/apache/avro/io/BufferedBinaryEncoder.java,org/apache/avro/io/BufferedBinaryEncoder.java,186,2,2,2,0,0,206,205,103,1,1,0,207,205,103,1119,1053,559,159.5000,6.2147,8,No
AVRO,1.5.3,lang/java/avro/src/main/java/org/apache/avro/io/Decoder.java,org/apache/avro/io/Decoder.java,249,4,2,4,75,23475,295,287,73,18,15,4,313,287,78,1448,689,362,102.0000,5.8041,1,No
AVRO,1.5.3,lang/java/avro/src/main/java/org/apache/avro/io/ValidatingEncoder.java,org/apache/avro/io/ValidatingEncoder.java,187,4,2,4,75,19650,240,215,60,22,20,5,262,215,65,1448,689,362,102.0000,5.8041,5,No
AVRO,1.5.3,lang/java/avro/src/main/java/org/apache/avro/io/DecoderFactory.java,org/apache/avro/io/DecoderFactory.java,294,4,2,4,75,38400,414,232,103,98,93,24,512,270,128,1448,689,362,102.0000,5.8041,4,No
AVRO,1.5.3,lang/java/avro/src/main/java/org/apache/avro/io/ParsingEncoder.java,org/apache/avro/io/ParsingEncoder.java,60,1,1,1,0,0,70,70,70,0,0,0,70,70,70,674,674,674,115.0000,8.4172,1,No
AVRO,1.5.3,lang/java/avro/src/main/java/org/apache/avro/io/EncoderFactory.java,org/apache/avro/io/EncoderFactory.java,318,3,2,3,4,1480,353,334,117,17,13,5,370,334,123,1138,1053,379,109.6667,5.4493,4,No
AVRO,1.5.3,lang/java/avro/src/main/java/org/apache/avro/io/JsonDecoder.java,org/apache/avro/io/JsonDecoder.java,422,3,2,3,75,38925,492,426,164,27,26,9,519,426,173,1403,710,467,130.6667,6.4472,14,No
AVRO,1.5.3,lang/java/avro/src/main/java/org/apache/avro/io/DirectBinaryEncoder.java,org/apache/avro/io/DirectBinaryEncoder.java,119,1,1,1,0,0,133,133,133,0,0,0,133,133,133,1053,1053,1053,301.0000,8.4852,2,No
AVRO,1.5.3,lang/java/avro/src/main/java/org/apache/avro/io/BinaryEncoder.java,org/apache/avro/io/BinaryEncoder.java,104,3,1,3,71,35784,314,263,104,190,189,63,504,263,168,1401,674,467,136.6667,6.7708,1,No
AVRO,1.5.3,lang/java/avro/src/main/java/org/apache/avro/io/BlockingBinaryEncoder.java,org/apache/avro/io/BlockingBinaryEncoder.java,491,3,2,3,72,61488,708,627,236,146,145,48,854,627,284,1429,689,476,132.6667,6.4326,55,No
AVRO,1.5.3,lang/java/avro/src/main/java/org/apache/avro/io/DatumReader.java,org/apache/avro/io/DatumReader.java,31,1,1,1,0,0,38,38,38,0,0,0,38,38,38,674,674,674,115.0000,8.4172,0,No
AVRO,1.5.3,lang/java/avro/src/main/java/org/apache/avro/io/ParsingDecoder.java,org/apache/avro/io/ParsingDecoder.java,68,2,2,2,72,5688,78,75,39,1,1,0,79,75,39,1384,710,692,191.0000,7.7115,1,No
AVRO,1.5.3,lang/java/avro/src/main/java/org/apache/avro/io/parsing/Parser.java,org/apache/avro/io/parsing/Parser.java,175,1,1,1,0,0,192,192,192,0,0,0,192,192,192,674,674,674,115.0000,8.4172,19,No
AVRO,1.5.3,lang/java/avro/src/main/java/org/apache/avro/io/parsing/SkipParser.java,org/apache/avro/io/parsing/SkipParser.java,87,1,1,1,0,0,96,96,96,0,0,0,96,96,96,674,674,674,115.0000,8.4172,6,No
AVRO,1.5.3,lang/java/avro/src/main/java/org/apache/avro/io/parsing/ValidatingGrammarGenerator.java,org/apache/avro/io/parsing/ValidatingGrammarGenerator.java,125,2,2,2,70,9730,138,137,69,1,1,0,139,137,69,1336,674,668,189.5000,7.6042,8,No
AVRO,1.5.3,lang/java/avro/src/main/java/org/apache/avro/io/parsing/Symbol.java,org/apache/avro/io/parsing/Symbol.java,482,2,2,2,134,73834,551,550,275,0,0,0,551,550,275,1489,815,744,204.5000,7.9968,37,No
AVRO,1.5.3,lang/java/avro/src/main/java/org/apache/avro/io/parsing/JsonGrammarGenerator.java,org/apache/avro/io/parsing/JsonGrammarGenerator.java,93,1,1,1,0,0,100,100,100,0,0,0,100,100,100,674,674,674,115.0000,8.4172,8,No
AVRO,1.5.3,lang/java/avro/src/main/java/org/apache/avro/io/parsing/ResolvingGrammarGenerator.java,org/apache/avro/io/parsing/ResolvingGrammarGenerator.java,446,3,2,3,71,35145,486,472,162,9,7,3,495,472,165,1386,674,462,132.6667,6.4646,39,No
AVRO,1.5.3,lang/java/avro/src/main/java/org/apache/avro/io/ValidatingDecoder.java,org/apache/avro/io/ValidatingDecoder.java,217,3,2,3,75,20400,260,238,86,12,12,4,272,238,90,1403,710,467,130.6667,6.4472,11,No
AVRO,1.5.3,lang/java/avro/src/main/java/org/apache/avro/io/Encoder.java,org/apache/avro/io/Encoder.java,260,3,2,3,75,22500,293,287,97,7,4,2,300,287,100,1441,689,480,135.3333,6.4611,1,No
AVRO,1.5.3,lang/java/avro/src/main/java/org/apache/avro/io/DirectBinaryDecoder.java,org/apache/avro/io/DirectBinaryDecoder.java,179,3,2,3,72,15264,208,203,69,4,3,1,212,203,70,1435,674,478,137.3333,6.9069,6,No
AVRO,1.5.3,lang/java/avro/src/main/java/org/apache/avro/io/JsonEncoder.java,org/apache/avro/io/JsonEncoder.java,263,3,2,3,72,23400,310,250,103,15,13,5,325,250,108,1429,689,476,132.6667,6.4326,8,No
AVRO,1.5.3,lang/java/avro/src/main/java/org/apache/avro/io/DatumWriter.java,org/apache/avro/io/DatumWriter.java,30,1,1,1,0,0,36,36,36,0,0,0,36,36,36,674,674,674,115.0000,8.4172,0,No
AVRO,1.5.3,lang/java/avro/src/main/java/org/apache/avro/AvroRemoteException.java,org/apache/avro/AvroRemoteException.java,33,1,1,1,0,0,41,41,41,0,0,0,41,41,41,1040,1040,1040,300.0000,8.4726,2,No
AVRO,1.5.3,lang/java/avro/src/main/java/org/apache/avro/generic/GenericContainer.java,org/apache/avro/generic/GenericContainer.java,24,1,1,1,0,0,27,27,27,0,0,0,27,27,27,674,674,674,115.0000,8.4172,1,No
AVRO,1.5.3,lang/java/avro/src/main/java/org/apache/avro/generic/GenericRecord.java,org/apache/avro/generic/GenericRecord.java,26,1,1,1,0,0,27,27,27,0,0,0,27,27,27,674,674,674,115.0000,8.4172,0,No
AVRO,1.5.3,lang/java/avro/src/main/java/org/apache/avro/generic/GenericArray.java,org/apache/avro/generic/GenericArray.java,28,1,1,1,0,0,33,33,33,0,0,0,33,33,33,674,674,674,115.0000,8.4172,0,No
AVRO,1.5.3,lang/java/avro/src/main/java/org/apache/avro/generic/GenericFixed.java,org/apache/avro/generic/GenericFixed.java,23,2,2,2,70,1820,25,24,12,1,1,0,26,24,13,1336,674,668,189.5000,7.6042,1,No
AVRO,1.5.3,lang/java/avro/src/main/java/org/apache/avro/generic/IndexedRecord.java,org/apache/avro/generic/IndexedRecord.java,29,1,1,1,0,0,30,30,30,0,0,0,30,30,30,674,674,674,115.0000,8.4172,0,No
AVRO,1.5.3,lang/java/avro/src/main/java/org/apache/avro/generic/GenericData.java,org/apache/avro/generic/GenericData.java,616,6,2,6,103,71997,684,559,114,15,7,2,699,559,116,1491,674,248,74.6667,4.9318,50,No
AVRO,1.5.3,lang/java/avro/src/main/java/org/apache/avro/generic/GenericDatumReader.java,org/apache/avro/generic/GenericDatumReader.java,358,6,2,5,125,53875,415,382,69,16,9,2,431,382,71,1609,674,268,82.1667,5.7178,16,No
AVRO,1.5.3,lang/java/avro/src/main/java/org/apache/avro/generic/GenericEnumSymbol.java,org/apache/avro/generic/GenericEnumSymbol.java,23,2,2,2,70,1820,25,24,12,1,1,0,26,24,13,1336,674,668,189.5000,7.6042,1,No
AVRO,1.5.3,lang/java/avro/src/main/java/org/apache/avro/generic/GenericDatumWriter.java,org/apache/avro/generic/GenericDatumWriter.java,181,3,2,2,81,17091,209,203,69,2,1,0,211,203,70,1438,674,479,136.6667,6.7150,13,No
AVRO,1.5.3,lang/java/avro/src/main/java/org/apache/avro/AvroRuntimeException.java,org/apache/avro/AvroRuntimeException.java,26,1,1,1,0,0,29,29,29,0,0,0,29,29,29,674,674,674,115.0000,8.4172,1,No
AVRO,1.5.3,lang/java/avro/src/main/java/org/apache/avro/AvroTypeException.java,org/apache/avro/AvroTypeException.java,25,1,1,1,0,0,29,29,29,0,0,0,29,29,29,674,674,674,115.0000,8.4172,0,No
AVRO,1.5.3,lang/java/ipc/src/main/java/org/apache/avro/ipc/specific/SpecificResponder.java,org/apache/avro/ipc/specific/SpecificResponder.java,86,2,2,2,24,3480,122,107,61,23,23,11,145,107,72,1119,1040,559,167.5000,6.5761,1,No
AVRO,1.5.3,lang/java/ipc/src/main/java/org/apache/avro/ipc/specific/SpecificRequestor.java,org/apache/avro/ipc/specific/SpecificRequestor.java,139,4,2,4,154,30646,180,121,45,19,13,4,199,121,49,1371,1040,342,100.2500,5.0802,7,No
AVRO,1.5.3,lang/java/ipc/src/main/java/org/apache/avro/ipc/RPCContext.java,org/apache/avro/ipc/RPCContext.java,186,2,2,2,82,19434,226,195,113,11,11,5,237,195,118,1389,715,694,191.0000,7.7200,12,No
AVRO,1.5.3,lang/java/ipc/src/main/java/org/apache/avro/ipc/trace/TracePlugin.java,org/apache/avro/ipc/trace/TracePlugin.java,333,2,1,2,43,16383,378,375,189,3,3,1,381,375,190,1265,674,632,182.5000,7.4889,41,No
AVRO,1.5.3,lang/java/ipc/src/main/java/org/apache/avro/ipc/trace/StaticServlet.java,org/apache/avro/ipc/trace/StaticServlet.java,44,1,1,1,0,0,50,50,50,0,0,0,50,50,50,674,674,674,115.0000,8.4172,1,No
AVRO,1.5.3,lang/java/ipc/src/main/java/org/apache/avro/ipc/trace/Util.java,org/apache/avro/ipc/trace/Util.java,200,1,1,1,0,0,222,222,222,0,0,0,222,222,222,674,674,674,115.0000,8.4172,45,No
AVRO,1.5.3,lang/java/ipc/src/main/java/org/apache/avro/ipc/trace/SpanStorage.java,org/apache/avro/ipc/trace/SpanStorage.java,50,1,1,1,0,0,57,57,57,0,0,0,57,57,57,674,674,674,115.0000,8.4172,0,No
AVRO,1.5.3,lang/java/ipc/src/main/java/org/apache/avro/ipc/trace/FileSpanStorage.java,org/apache/avro/ipc/trace/FileSpanStorage.java,316,1,1,1,0,0,359,359,359,0,0,0,359,359,359,674,674,674,115.0000,8.4172,33,No
AVRO,1.5.3,lang/java/ipc/src/main/java/org/apache/avro/ipc/trace/SpanAggregator.java,org/apache/avro/ipc/trace/SpanAggregator.java,162,1,1,1,0,0,180,180,180,0,0,0,180,180,180,674,674,674,115.0000,8.4172,24,No
AVRO,1.5.3,lang/java/ipc/src/main/java/org/apache/avro/ipc/trace/TraceNode.java,org/apache/avro/ipc/trace/TraceNode.java,123,1,1,1,0,0,139,139,139,0,0,0,139,139,139,674,674,674,115.0000,8.4172,4,No
AVRO,1.5.3,lang/java/ipc/src/main/java/org/apache/avro/ipc/trace/TracePluginConfiguration.java,org/apache/avro/ipc/trace/TracePluginConfiguration.java,70,1,1,1,0,0,75,75,75,0,0,0,75,75,75,674,674,674,115.0000,8.4172,2,No
AVRO,1.5.3,lang/java/ipc/src/main/java/org/apache/avro/ipc/trace/Trace.java,org/apache/avro/ipc/trace/Trace.java,222,1,1,1,0,0,243,243,243,0,0,0,243,243,243,674,674,674,115.0000,8.4172,17,No
AVRO,1.5.3,lang/java/ipc/src/main/java/org/apache/avro/ipc/trace/TraceClientServlet.java,org/apache/avro/ipc/trace/TraceClientServlet.java,232,2,1,2,43,11180,257,253,128,3,3,1,260,253,130,1265,674,632,182.5000,7.4889,16,No
AVRO,1.5.3,lang/java/ipc/src/main/java/org/apache/avro/ipc/trace/TraceCollection.java,org/apache/avro/ipc/trace/TraceCollection.java,271,1,1,1,0,0,306,306,306,0,0,0,306,306,306,674,674,674,115.0000,8.4172,28,No
AVRO,1.5.3,lang/java/ipc/src/main/java/org/apache/avro/ipc/trace/InMemorySpanStorage.java,org/apache/avro/ipc/trace/InMemorySpanStorage.java,69,1,1,1,0,0,78,78,78,0,0,0,78,78,78,674,674,674,115.0000,8.4172,1,No
AVRO,1.5.3,lang/java/ipc/src/main/java/org/apache/avro/ipc/reflect/ReflectResponder.java,org/apache/avro/ipc/reflect/ReflectResponder.java,52,2,2,2,24,1608,65,63,32,2,2,1,67,63,33,1119,1040,559,167.5000,6.5761,1,No
AVRO,1.5.3,lang/java/ipc/src/main/java/org/apache/avro/ipc/reflect/ReflectRequestor.java,org/apache/avro/ipc/reflect/ReflectRequestor.java,69,2,2,2,125,10625,83,81,41,2,2,1,85,81,42,1344,1040,672,193.0000,7.6935,2,No
AVRO,1.5.3,lang/java/ipc/src/main/java/org/apache/avro/ipc/HttpServer.java,org/apache/avro/ipc/HttpServer.java,94,2,2,2,70,7980,112,72,56,2,2,1,114,72,57,1327,674,663,189.0000,7.5952,4,No
AVRO,1.5.3,lang/java/ipc/src/main/java/org/apache/avro/ipc/DatagramServer.java,org/apache/avro/ipc/DatagramServer.java,64,1,1,1,0,0,80,80,80,0,0,0,80,80,80,674,674,674,115.0000,8.4172,4,No
AVRO,1.5.3,lang/java/ipc/src/main/java/org/apache/avro/ipc/HttpTransceiver.java,org/apache/avro/ipc/HttpTransceiver.java,98,1,1,1,0,0,112,112,112,0,0,0,112,112,112,674,674,674,115.0000,8.4172,1,No
AVRO,1.5.3,lang/java/ipc/src/main/java/org/apache/avro/ipc/SaslSocketServer.java,org/apache/avro/ipc/SaslSocketServer.java,90,1,1,1,0,0,102,102,102,0,0,0,102,102,102,674,674,674,115.0000,8.4172,14,No
AVRO,1.5.3,lang/java/ipc/src/main/java/org/apache/avro/ipc/DatagramTransceiver.java,org/apache/avro/ipc/DatagramTransceiver.java,73,1,1,1,0,0,85,85,85,0,0,0,85,85,85,674,674,674,115.0000,8.4172,3,No
AVRO,1.5.3,lang/java/ipc/src/main/java/org/apache/avro/ipc/NettyTransportCodec.java,org/apache/avro/ipc/NettyTransportCodec.java,153,1,1,1,0,0,183,183,183,0,0,0,183,183,183,674,674,674,115.0000,8.4172,9,No
AVRO,1.5.3,lang/java/ipc/src/main/java/org/apache/avro/ipc/Callback.java,org/apache/avro/ipc/Callback.java,36,1,1,1,0,0,39,39,39,0,0,0,39,39,39,1145,1145,1145,323.0000,8.7044,0,No
AVRO,1.5.3,lang/java/ipc/src/main/java/org/apache/avro/ipc/LocalTransceiver.java,org/apache/avro/ipc/LocalTransceiver.java,45,1,1,1,0,0,52,52,52,0,0,0,52,52,52,674,674,674,115.0000,8.4172,1,No
AVRO,1.5.3,lang/java/ipc/src/main/java/org/apache/avro/ipc/SaslSocketTransceiver.java,org/apache/avro/ipc/SaslSocketTransceiver.java,354,3,2,3,126,51534,406,389,135,3,3,1,409,389,136,1550,674,516,149.6667,7.2658,46,No
AVRO,1.5.3,lang/java/ipc/src/main/java/org/apache/avro/ipc/Transceiver.java,org/apache/avro/ipc/Transceiver.java,93,3,2,3,197,23049,113,72,37,4,3,1,117,72,39,1512,827,504,139.0000,6.0283,1,No
AVRO,1.5.3,lang/java/ipc/src/main/java/org/apache/avro/ipc/NettyTransceiver.java,org/apache/avro/ipc/NettyTransceiver.java,362,5,2,5,197,143613,566,264,113,163,99,32,729,308,145,1622,674,324,95.8000,5.5969,16,No
AVRO,1.5.3,lang/java/ipc/src/main/java/org/apache/avro/ipc/RPCPlugin.java,org/apache/avro/ipc/RPCPlugin.java,65,1,1,1,0,0,76,76,76,0,0,0,76,76,76,674,674,674,115.0000,8.4172,0,No
AVRO,1.5.3,lang/java/ipc/src/main/java/org/apache/avro/ipc/SocketTransceiver.java,org/apache/avro/ipc/SocketTransceiver.java,101,1,1,1,0,0,120,120,120,0,0,0,120,120,120,674,674,674,115.0000,8.4172,5,No
AVRO,1.5.3,lang/java/ipc/src/main/java/org/apache/avro/ipc/generic/GenericResponder.java,org/apache/avro/ipc/generic/GenericResponder.java,58,2,2,2,24,1872,74,59,37,4,4,2,78,59,39,1119,1040,559,167.5000,6.5761,1,No
AVRO,1.5.3,lang/java/ipc/src/main/java/org/apache/avro/ipc/generic/GenericRequestor.java,org/apache/avro/ipc/generic/GenericRequestor.java,81,3,2,3,140,14000,96,76,32,4,4,1,100,76,33,1360,1040,453,131.3333,6.1008,8,No
AVRO,1.5.3,lang/java/ipc/src/main/java/org/apache/avro/ipc/ResponderServlet.java,org/apache/avro/ipc/ResponderServlet.java,48,1,1,1,0,0,56,56,56,0,0,0,56,56,56,674,674,674,115.0000,8.4172,1,No
AVRO,1.5.3,lang/java/ipc/src/main/java/org/apache/avro/ipc/Server.java,org/apache/avro/ipc/Server.java,29,1,1,1,0,0,35,35,35,0,0,0,35,35,35,674,674,674,115.0000,8.4172,0,No
AVRO,1.5.3,lang/java/ipc/src/main/java/org/apache/avro/ipc/Requestor.java,org/apache/avro/ipc/Requestor.java,490,10,2,10,197,158782,680,363,68,126,106,12,806,469,80,1686,674,168,54.2000,4.8441,46,No
AVRO,1.5.3,lang/java/ipc/src/main/java/org/apache/avro/ipc/NettyServer.java,org/apache/avro/ipc/NettyServer.java,135,3,2,3,183,32940,167,151,55,13,11,4,180,151,60,1526,820,508,141.3333,6.6918,4,No
AVRO,1.5.3,lang/java/ipc/src/main/java/org/apache/avro/ipc/SocketServer.java,org/apache/avro/ipc/SocketServer.java,124,3,2,3,196,28812,146,144,48,1,1,0,147,144,49,1579,674,526,150.6667,7.3227,19,No
AVRO,1.5.3,lang/java/ipc/src/main/java/org/apache/avro/ipc/CallFuture.java,org/apache/avro/ipc/CallFuture.java,146,1,1,1,0,0,162,162,162,0,0,0,162,162,162,1145,1145,1145,323.0000,8.7044,0,No
AVRO,1.5.3,lang/java/ipc/src/main/java/org/apache/avro/ipc/stats/StatsServer.java,org/apache/avro/ipc/stats/StatsServer.java,48,1,1,1,0,0,54,54,54,0,0,0,54,54,54,674,674,674,115.0000,8.4172,2,No
AVRO,1.5.3,lang/java/ipc/src/main/java/org/apache/avro/ipc/stats/StaticServlet.java,org/apache/avro/ipc/stats/StaticServlet.java,41,1,1,1,0,0,46,46,46,0,0,0,46,46,46,674,674,674,115.0000,8.4172,1,No
AVRO,1.5.3,lang/java/ipc/src/main/java/org/apache/avro/ipc/stats/FloatHistogram.java,org/apache/avro/ipc/stats/FloatHistogram.java,49,1,1,1,0,0,54,54,54,0,0,0,54,54,54,674,674,674,115.0000,8.4172,4,No
AVRO,1.5.3,lang/java/ipc/src/main/java/org/apache/avro/ipc/stats/Stopwatch.java,org/apache/avro/ipc/stats/Stopwatch.java,66,1,1,1,0,0,74,74,74,0,0,0,74,74,74,674,674,674,115.0000,8.4172,9,No
AVRO,1.5.3,lang/java/ipc/src/main/java/org/apache/avro/ipc/stats/StatsPlugin.java,org/apache/avro/ipc/stats/StatsPlugin.java,199,1,1,1,0,0,226,226,226,0,0,0,226,226,226,674,674,674,115.0000,8.4172,2,No
AVRO,1.5.3,lang/java/ipc/src/main/java/org/apache/avro/ipc/stats/StatsServlet.java,org/apache/avro/ipc/stats/StatsServlet.java,234,1,1,1,0,0,270,270,270,0,0,0,270,270,270,674,674,674,115.0000,8.4172,45,No
AVRO,1.5.3,lang/java/ipc/src/main/java/org/apache/avro/ipc/stats/IntegerHistogram.java,org/apache/avro/ipc/stats/IntegerHistogram.java,50,1,1,1,0,0,55,55,55,0,0,0,55,55,55,674,674,674,115.0000,8.4172,4,No
AVRO,1.5.3,lang/java/ipc/src/main/java/org/apache/avro/ipc/stats/Histogram.java,org/apache/avro/ipc/stats/Histogram.java,234,1,1,1,0,0,267,267,267,0,0,0,267,267,267,674,674,674,115.0000,8.4172,31,No
AVRO,1.5.3,lang/java/ipc/src/main/java/org/apache/avro/ipc/Responder.java,org/apache/avro/ipc/Responder.java,221,9,2,9,183,57462,286,249,31,28,9,3,314,249,34,1687,674,187,60.5556,5.3547,33,No
AVRO,1.5.3,lang/java/ipc/src/main/java/org/apache/avro/ipc/Ipc.java,org/apache/avro/ipc/Ipc.java,47,1,1,1,0,0,53,53,53,0,0,0,53,53,53,674,674,674,115.0000,8.4172,5,No
AVRO,1.5.3,lang/java/compiler/src/main/java/org/apache/avro/compiler/specific/SchemaTask.java,org/apache/avro/compiler/specific/SchemaTask.java,27,1,1,1,0,0,30,30,30,0,0,0,30,30,30,1040,1040,1040,300.0000,8.4726,0,No
AVRO,1.5.3,lang/java/compiler/src/main/java/org/apache/avro/compiler/specific/ProtocolTask.java,org/apache/avro/compiler/specific/ProtocolTask.java,69,1,1,1,0,0,81,81,81,0,0,0,81,81,81,1040,1040,1040,300.0000,8.4726,4,No
AVRO,1.5.3,lang/java/compiler/src/main/java/org/apache/avro/compiler/specific/SpecificCompiler.java,org/apache/avro/compiler/specific/SpecificCompiler.java,409,2,2,2,209,96767,457,431,228,6,6,3,463,431,231,1370,1040,685,195.5000,7.7573,23,No
AVRO,1.5.4,lang/java/tools/src/main/java/org/apache/avro/tool/JsonToBinaryFragmentTool.java,org/apache/avro/tool/JsonToBinaryFragmentTool.java,74,3,2,3,72,6552,86,78,28,5,3,1,91,78,30,1429,689,476,132.6667,6.4326,4,No
AVRO,1.5.4,lang/java/tools/src/main/java/org/apache/avro/tool/Util.java,org/apache/avro/tool/Util.java,113,2,2,2,72,9360,125,119,62,5,5,2,130,119,65,1384,710,692,191.0000,7.7115,7,No
AVRO,1.5.4,lang/java/tools/src/main/java/org/apache/avro/tool/IdlTool.java,org/apache/avro/tool/IdlTool.java,68,2,1,2,43,3483,80,79,40,1,1,0,81,79,40,1265,674,632,182.5000,7.4889,5,No
AVRO,1.5.4,lang/java/tools/src/main/java/org/apache/avro/tool/FromTextTool.java,org/apache/avro/tool/FromTextTool.java,113,2,2,2,125,19750,144,99,72,14,14,7,158,99,79,1484,810,742,204.5000,7.9855,11,No
AVRO,1.5.4,lang/java/tools/src/main/java/org/apache/avro/tool/RpcSendTool.java,org/apache/avro/tool/RpcSendTool.java,105,3,1,3,71,8804,121,118,40,3,2,1,124,118,41,1401,674,467,136.6667,6.7708,2,No
AVRO,1.5.4,lang/java/tools/src/main/java/org/apache/avro/tool/ToTextTool.java,org/apache/avro/tool/ToTextTool.java,74,2,2,2,125,11750,91,88,45,3,3,1,94,88,47,1484,810,742,204.5000,7.9855,2,No
AVRO,1.5.4,lang/java/tools/src/main/java/org/apache/avro/tool/TetherTool.java,org/apache/avro/tool/TetherTool.java,83,2,1,2,17,1615,95,78,47,0,0,0,95,78,47,1164,1045,582,172.0000,6.4598,2,No
AVRO,1.5.4,lang/java/tools/src/main/java/org/apache/avro/tool/DataFileGetSchemaTool.java,org/apache/avro/tool/DataFileGetSchemaTool.java,48,1,1,1,0,0,54,54,54,0,0,0,54,54,54,674,674,674,115.0000,8.4172,1,No
AVRO,1.5.4,lang/java/tools/src/main/java/org/apache/avro/tool/Tool.java,org/apache/avro/tool/Tool.java,47,1,1,1,0,0,51,51,51,0,0,0,51,51,51,1040,1040,1040,300.0000,8.4726,1,No
AVRO,1.5.4,lang/java/tools/src/main/java/org/apache/avro/tool/DataFileReadTool.java,org/apache/avro/tool/DataFileReadTool.java,69,2,1,2,71,6177,82,79,41,5,5,2,87,79,43,1363,689,681,190.0000,7.6767,1,No
AVRO,1.5.4,lang/java/tools/src/main/java/org/apache/avro/tool/Main.java,org/apache/avro/tool/Main.java,87,3,1,3,43,4644,103,102,34,5,3,1,108,102,36,1264,674,421,124.6667,6.7898,11,No
AVRO,1.5.4,lang/java/tools/src/main/java/org/apache/avro/tool/BinaryFragmentToJsonTool.java,org/apache/avro/tool/BinaryFragmentToJsonTool.java,80,3,2,3,72,6552,88,85,29,3,2,1,91,85,30,1429,689,476,132.6667,6.4326,4,No
AVRO,1.5.4,lang/java/tools/src/main/java/org/apache/avro/tool/DataFileWriteTool.java,org/apache/avro/tool/DataFileWriteTool.java,125,2,2,2,72,10152,139,137,69,2,2,1,141,137,70,1384,710,692,191.0000,7.7115,6,No
AVRO,1.5.4,lang/java/tools/src/main/java/org/apache/avro/tool/SpecificCompilerTool.java,org/apache/avro/tool/SpecificCompilerTool.java,116,3,2,3,209,30096,138,74,46,6,6,2,144,80,48,1386,1040,462,134.3333,6.3135,13,No
AVRO,1.5.4,lang/java/tools/src/main/java/org/apache/avro/tool/RecodecTool.java,org/apache/avro/tool/RecodecTool.java,104,1,1,1,0,0,115,115,115,0,0,0,115,115,115,674,674,674,115.0000,8.4172,9,No
AVRO,1.5.4,lang/java/tools/src/main/java/org/apache/avro/tool/InduceSchemaTool.java,org/apache/avro/tool/InduceSchemaTool.java,69,1,1,1,0,0,76,76,76,0,0,0,76,76,76,1040,1040,1040,300.0000,8.4726,6,No
AVRO,1.5.4,lang/java/tools/src/main/java/org/apache/avro/tool/RpcReceiveTool.java,org/apache/avro/tool/RpcReceiveTool.java,162,3,1,3,71,13206,183,178,61,3,2,1,186,178,62,1401,674,467,136.6667,6.7708,6,No
AVRO,1.5.4,lang/java/maven-plugin/src/main/java/org/apache/avro/mojo/ProtocolMojo.java,org/apache/avro/mojo/ProtocolMojo.java,58,3,2,3,134,9380,68,66,22,2,1,0,70,66,23,1559,674,519,150.0000,7.2781,4,No
AVRO,1.5.4,lang/java/maven-plugin/src/main/java/org/apache/avro/mojo/SchemaMojo.java,org/apache/avro/mojo/SchemaMojo.java,58,3,2,3,134,9380,68,66,22,2,1,0,70,66,23,1559,674,519,150.0000,7.2781,4,No
AVRO,1.5.4,lang/java/maven-plugin/src/main/java/org/apache/avro/mojo/AbstractAvroMojo.java,org/apache/avro/mojo/AbstractAvroMojo.java,126,1,1,1,0,0,143,143,143,0,0,0,143,143,143,674,674,674,115.0000,8.4172,1,No
AVRO,1.5.4,lang/java/maven-plugin/src/main/java/org/apache/avro/mojo/IDLProtocolMojo.java,org/apache/avro/mojo/IDLProtocolMojo.java,69,3,2,3,134,11524,82,78,27,4,3,1,86,78,28,1559,674,519,150.0000,7.2781,4,No
AVRO,1.5.4,lang/java/mapred/src/main/java/org/apache/avro/mapred/AvroKeyComparator.java,org/apache/avro/mapred/AvroKeyComparator.java,41,3,2,3,62,3472,53,50,17,3,2,1,56,50,18,1309,674,436,126.6667,5.9905,0,No
AVRO,1.5.4,lang/java/mapred/src/main/java/org/apache/avro/mapred/SequenceFileRecordReader.java,org/apache/avro/mapred/SequenceFileRecordReader.java,29,1,1,1,0,0,36,36,36,0,0,0,36,36,36,674,674,674,115.0000,8.4172,0,No
AVRO,1.5.4,lang/java/mapred/src/main/java/org/apache/avro/mapred/Pair.java,org/apache/avro/mapred/Pair.java,494,2,2,2,13,6786,522,452,261,0,0,0,522,452,261,691,674,345,61.5000,5.6518,11,No
AVRO,1.5.4,lang/java/mapred/src/main/java/org/apache/avro/mapred/AvroTextOutputFormat.java,org/apache/avro/mapred/AvroTextOutputFormat.java,113,1,1,1,0,0,134,134,134,0,0,0,134,134,134,1140,1140,1140,323.0000,8.6911,6,No
AVRO,1.5.4,lang/java/mapred/src/main/java/org/apache/avro/mapred/FsInput.java,org/apache/avro/mapred/FsInput.java,49,1,1,1,0,0,60,60,60,0,0,0,60,60,60,674,674,674,115.0000,8.4172,1,No
AVRO,1.5.4,lang/java/mapred/src/main/java/org/apache/avro/mapred/HadoopCombiner.java,org/apache/avro/mapred/HadoopCombiner.java,52,1,1,1,0,0,62,62,62,0,0,0,62,62,62,674,674,674,115.0000,8.4172,3,No
AVRO,1.5.4,lang/java/mapred/src/main/java/org/apache/avro/mapred/AvroUtf8InputFormat.java,org/apache/avro/mapred/AvroUtf8InputFormat.java,96,1,1,1,0,0,117,117,117,0,0,0,117,117,117,674,674,674,115.0000,8.4172,8,No
AVRO,1.5.4,lang/java/mapred/src/main/java/org/apache/avro/mapred/HadoopMapper.java,org/apache/avro/mapred/HadoopMapper.java,77,2,2,2,125,11625,91,83,45,2,2,1,93,83,46,1484,810,742,204.5000,7.9855,3,No
AVRO,1.5.4,lang/java/mapred/src/main/java/org/apache/avro/mapred/AvroSerialization.java,org/apache/avro/mapred/AvroSerialization.java,120,4,2,4,72,11520,152,135,38,8,4,2,160,135,40,1440,683,360,101.2500,5.5375,12,No
AVRO,1.5.4,lang/java/mapred/src/main/java/org/apache/avro/mapred/SequenceFileReader.java,org/apache/avro/mapred/SequenceFileReader.java,213,1,1,1,0,0,247,247,247,0,0,0,247,247,247,674,674,674,115.0000,8.4172,13,No
AVRO,1.5.4,lang/java/mapred/src/main/java/org/apache/avro/mapred/AvroKey.java,org/apache/avro/mapred/AvroKey.java,25,2,2,2,70,1960,28,25,14,0,0,0,28,25,14,1339,674,669,189.5000,7.6055,0,No
AVRO,1.5.4,lang/java/mapred/src/main/java/org/apache/avro/mapred/tether/TetherInputFormat.java,org/apache/avro/mapred/tether/TetherInputFormat.java,49,1,1,1,0,0,58,58,58,0,0,0,58,58,58,674,674,674,115.0000,8.4172,0,No
AVRO,1.5.4,lang/java/mapred/src/main/java/org/apache/avro/mapred/tether/TetherKeySerialization.java,org/apache/avro/mapred/tether/TetherKeySerialization.java,72,3,2,3,72,7200,96,91,32,4,3,1,100,91,33,1429,689,476,132.6667,6.4326,12,No
AVRO,1.5.4,lang/java/mapred/src/main/java/org/apache/avro/mapred/tether/TetheredProcess.java,org/apache/avro/mapred/tether/TetheredProcess.java,113,2,1,2,43,5848,134,132,67,2,2,1,136,132,68,1265,674,632,182.5000,7.4889,8,No
AVRO,1.5.4,lang/java/mapred/src/main/java/org/apache/avro/mapred/tether/TetherPartitioner.java,org/apache/avro/mapred/tether/TetherPartitioner.java,47,1,1,1,0,0,59,59,59,0,0,0,59,59,59,674,674,674,115.0000,8.4172,2,No
AVRO,1.5.4,lang/java/mapred/src/main/java/org/apache/avro/mapred/tether/TetherData.java,org/apache/avro/mapred/tether/TetherData.java,34,1,1,1,0,0,42,42,42,0,0,0,42,42,42,674,674,674,115.0000,8.4172,9,No
AVRO,1.5.4,lang/java/mapred/src/main/java/org/apache/avro/mapred/tether/TetherOutputFormat.java,org/apache/avro/mapred/tether/TetherOutputFormat.java,67,1,1,1,0,0,80,80,80,0,0,0,80,80,80,674,674,674,115.0000,8.4172,4,No
AVRO,1.5.4,lang/java/mapred/src/main/java/org/apache/avro/mapred/tether/TetherRecordReader.java,org/apache/avro/mapred/tether/TetherRecordReader.java,67,1,1,1,0,0,84,84,84,0,0,0,84,84,84,674,674,674,115.0000,8.4172,12,No
AVRO,1.5.4,lang/java/mapred/src/main/java/org/apache/avro/mapred/tether/TetherKeyComparator.java,org/apache/avro/mapred/tether/TetherKeyComparator.java,51,2,1,2,62,4030,63,61,31,2,2,1,65,61,32,1301,674,650,186.5000,7.5683,1,No
AVRO,1.5.4,lang/java/mapred/src/main/java/org/apache/avro/mapred/tether/TetherReducer.java,org/apache/avro/mapred/tether/TetherReducer.java,73,1,1,1,0,0,82,82,82,0,0,0,82,82,82,674,674,674,115.0000,8.4172,10,No
AVRO,1.5.4,lang/java/mapred/src/main/java/org/apache/avro/mapred/tether/TetherMapRunner.java,org/apache/avro/mapred/tether/TetherMapRunner.java,76,1,1,1,0,0,93,93,93,0,0,0,93,93,93,674,674,674,115.0000,8.4172,14,No
AVRO,1.5.4,lang/java/mapred/src/main/java/org/apache/avro/mapred/tether/TetherOutputService.java,org/apache/avro/mapred/tether/TetherOutputService.java,83,1,1,1,0,0,101,101,101,0,0,0,101,101,101,674,674,674,115.0000,8.4172,22,No
AVRO,1.5.4,lang/java/mapred/src/main/java/org/apache/avro/mapred/tether/TetherJob.java,org/apache/avro/mapred/tether/TetherJob.java,77,2,1,2,29,6641,160,156,80,69,69,34,229,156,114,1174,674,587,169.0000,7.4392,1,No
AVRO,1.5.4,lang/java/mapred/src/main/java/org/apache/avro/mapred/AvroValue.java,org/apache/avro/mapred/AvroValue.java,25,2,2,2,70,1960,28,25,14,0,0,0,28,25,14,1339,674,669,189.5000,7.6055,0,No
AVRO,1.5.4,lang/java/mapred/src/main/java/org/apache/avro/mapred/SequenceFileInputFormat.java,org/apache/avro/mapred/SequenceFileInputFormat.java,37,1,1,1,0,0,43,43,43,0,0,0,43,43,43,674,674,674,115.0000,8.4172,0,No
AVRO,1.5.4,lang/java/mapred/src/main/java/org/apache/avro/mapred/AvroOutputFormat.java,org/apache/avro/mapred/AvroOutputFormat.java,103,5,2,5,165,28710,149,101,29,25,22,5,174,101,34,1566,790,313,92.8000,5.5226,2,No
AVRO,1.5.4,lang/java/mapred/src/main/java/org/apache/avro/mapred/AvroRecordReader.java,org/apache/avro/mapred/AvroRecordReader.java,72,2,2,2,13,1170,89,85,44,1,1,0,90,85,45,691,674,345,61.5000,5.6518,0,No
AVRO,1.5.4,lang/java/mapred/src/main/java/org/apache/avro/mapred/AvroAsTextInputFormat.java,org/apache/avro/mapred/AvroAsTextInputFormat.java,55,1,1,1,0,0,61,61,61,0,0,0,61,61,61,1138,1138,1138,323.0000,8.6857,0,No
AVRO,1.5.4,lang/java/mapred/src/main/java/org/apache/avro/mapred/AvroCollector.java,org/apache/avro/mapred/AvroCollector.java,24,1,1,1,0,0,28,28,28,0,0,0,28,28,28,674,674,674,115.0000,8.4172,0,No
AVRO,1.5.4,lang/java/mapred/src/main/java/org/apache/avro/mapred/HadoopReducer.java,org/apache/avro/mapred/HadoopReducer.java,50,1,1,1,0,0,60,60,60,0,0,0,60,60,60,674,674,674,115.0000,8.4172,3,No
AVRO,1.5.4,lang/java/mapred/src/main/java/org/apache/avro/mapred/AvroInputFormat.java,org/apache/avro/mapred/AvroInputFormat.java,48,1,1,1,0,0,56,56,56,0,0,0,56,56,56,674,674,674,115.0000,8.4172,0,No
AVRO,1.5.4,lang/java/mapred/src/main/java/org/apache/avro/mapred/AvroReducer.java,org/apache/avro/mapred/AvroReducer.java,56,2,2,2,125,9125,69,51,34,4,4,2,73,51,36,1484,810,742,204.5000,7.9855,0,No
AVRO,1.5.4,lang/java/mapred/src/main/java/org/apache/avro/mapred/AvroJob.java,org/apache/avro/mapred/AvroJob.java,162,3,2,3,111,21534,194,167,64,0,0,0,194,167,64,1487,796,495,138.6667,6.2692,2,No
AVRO,1.5.4,lang/java/mapred/src/main/java/org/apache/avro/mapred/HadoopReducerBase.java,org/apache/avro/mapred/HadoopReducerBase.java,58,2,2,2,125,8500,68,63,34,0,0,0,68,63,34,1484,810,742,204.5000,7.9855,6,No
AVRO,1.5.4,lang/java/mapred/src/main/java/org/apache/avro/mapred/AvroAsTextRecordReader.java,org/apache/avro/mapred/AvroAsTextRecordReader.java,83,1,1,1,0,0,98,98,98,0,0,0,98,98,98,1138,1138,1138,323.0000,8.6857,7,No
AVRO,1.5.4,lang/java/mapred/src/main/java/org/apache/avro/mapred/AvroWrapper.java,org/apache/avro/mapred/AvroWrapper.java,48,2,2,2,70,3990,57,54,28,0,0,0,57,54,28,1339,674,669,189.5000,7.6055,3,No
AVRO,1.5.4,lang/java/mapred/src/main/java/org/apache/avro/mapred/AvroMapper.java,org/apache/avro/mapred/AvroMapper.java,47,2,2,2,125,7625,58,41,29,3,3,1,61,41,30,1484,810,742,204.5000,7.9855,0,No
AVRO,1.5.4,lang/java/avro/src/main/java/org/apache/avro/UnresolvedUnionException.java,org/apache/avro/UnresolvedUnionException.java,34,1,1,1,0,0,39,39,39,0,0,0,39,39,39,679,679,679,115.0000,8.4266,2,No
AVRO,1.5.4,lang/java/avro/src/main/java/org/apache/avro/specific/SpecificData.java,org/apache/avro/specific/SpecificData.java,184,5,2,5,153,31824,205,194,41,3,2,0,208,194,41,1606,674,321,97.8000,5.8754,12,No
AVRO,1.5.4,lang/java/avro/src/main/java/org/apache/avro/specific/FixedSize.java,org/apache/avro/specific/FixedSize.java,34,1,1,1,0,0,37,37,37,0,0,0,37,37,37,674,674,674,115.0000,8.4172,0,No
AVRO,1.5.4,lang/java/avro/src/main/java/org/apache/avro/specific/SpecificFixed.java,org/apache/avro/specific/SpecificFixed.java,25,2,2,2,70,2100,29,28,14,1,1,0,30,28,15,1336,674,668,189.5000,7.6042,0,No
AVRO,1.5.4,lang/java/avro/src/main/java/org/apache/avro/specific/SpecificRecord.java,org/apache/avro/specific/SpecificRecord.java,23,1,1,1,0,0,26,26,26,0,0,0,26,26,26,674,674,674,115.0000,8.4172,0,No
AVRO,1.5.4,lang/java/avro/src/main/java/org/apache/avro/specific/SpecificRecordBase.java,org/apache/avro/specific/SpecificRecordBase.java,45,1,1,1,0,0,54,54,54,0,0,0,54,54,54,674,674,674,115.0000,8.4172,1,No
AVRO,1.5.4,lang/java/avro/src/main/java/org/apache/avro/specific/SpecificDatumReader.java,org/apache/avro/specific/SpecificDatumReader.java,92,1,1,1,0,0,107,107,107,0,0,0,107,107,107,674,674,674,115.0000,8.4172,3,No
AVRO,1.5.4,lang/java/avro/src/main/java/org/apache/avro/specific/SpecificDatumWriter.java,org/apache/avro/specific/SpecificDatumWriter.java,48,2,2,2,19,1140,59,56,29,1,1,0,60,56,30,695,674,347,63.0000,5.8117,0,No
AVRO,1.5.4,lang/java/avro/src/main/java/org/apache/avro/specific/SpecificExceptionBase.java,org/apache/avro/specific/SpecificExceptionBase.java,36,2,1,2,43,1978,45,44,22,1,1,0,46,44,23,1265,674,632,182.5000,7.4889,3,No
AVRO,1.5.4,lang/java/avro/src/main/java/org/apache/avro/SchemaParseException.java,org/apache/avro/SchemaParseException.java,23,1,1,1,0,0,26,26,26,0,0,0,26,26,26,674,674,674,115.0000,8.4172,0,No
AVRO,1.5.4,lang/java/avro/src/main/java/org/apache/avro/util/ByteBufferOutputStream.java,org/apache/avro/util/ByteBufferOutputStream.java,93,1,1,1,0,0,107,107,107,0,0,0,107,107,107,1040,1040,1040,300.0000,8.4726,4,No
AVRO,1.5.4,lang/java/avro/src/main/java/org/apache/avro/util/WeakIdentityHashMap.java,org/apache/avro/util/WeakIdentityHashMap.java,152,1,1,1,0,0,169,169,169,0,0,0,169,169,169,674,674,674,115.0000,8.4172,21,No
AVRO,1.5.4,lang/java/avro/src/main/java/org/apache/avro/util/Utf8.java,org/apache/avro/util/Utf8.java,113,2,1,2,71,10508,140,132,70,8,8,4,148,132,74,1363,689,681,190.0000,7.6767,7,No
AVRO,1.5.4,lang/java/avro/src/main/java/org/apache/avro/util/ByteBufferInputStream.java,org/apache/avro/util/ByteBufferInputStream.java,80,1,1,1,0,0,89,89,89,0,0,0,89,89,89,1040,1040,1040,300.0000,8.4726,1,No
AVRO,1.5.4,lang/java/avro/src/main/java/org/apache/avro/file/SnappyCodec.java,org/apache/avro/file/SnappyCodec.java,68,3,1,3,113,17741,120,81,40,37,30,12,157,81,52,1237,1134,412,126.0000,5.6426,3,No
AVRO,1.5.4,lang/java/avro/src/main/java/org/apache/avro/file/DataFileReader.java,org/apache/avro/file/DataFileReader.java,216,4,2,4,82,21156,252,208,63,6,3,1,258,208,64,1461,674,365,106.0000,6.1913,11,No
AVRO,1.5.4,lang/java/avro/src/main/java/org/apache/avro/file/DataFileReader12.java,org/apache/avro/file/DataFileReader12.java,199,2,2,2,72,16488,228,221,114,1,1,0,229,221,114,1384,710,692,191.0000,7.7115,23,No
AVRO,1.5.4,lang/java/avro/src/main/java/org/apache/avro/file/DataFileWriter.java,org/apache/avro/file/DataFileWriter.java,361,4,2,4,154,68222,425,370,106,18,13,4,443,370,110,1617,674,404,120.0000,6.6184,16,No
AVRO,1.5.4,lang/java/avro/src/main/java/org/apache/avro/file/FileReader.java,org/apache/avro/file/FileReader.java,41,1,1,1,0,0,49,49,49,0,0,0,49,49,49,674,674,674,115.0000,8.4172,0,No
AVRO,1.5.4,lang/java/avro/src/main/java/org/apache/avro/file/DataFileConstants.java,org/apache/avro/file/DataFileConstants.java,36,3,2,3,111,4773,42,38,14,1,1,0,43,38,14,1503,790,501,141.6667,6.7376,2,No
AVRO,1.5.4,lang/java/avro/src/main/java/org/apache/avro/file/SeekableFileInput.java,org/apache/avro/file/SeekableFileInput.java,31,1,1,1,0,0,37,37,37,0,0,0,37,37,37,674,674,674,115.0000,8.4172,0,No
AVRO,1.5.4,lang/java/avro/src/main/java/org/apache/avro/file/DeflateCodec.java,org/apache/avro/file/DeflateCodec.java,128,1,1,1,0,0,145,145,145,0,0,0,145,145,145,674,674,674,115.0000,8.4172,5,No
AVRO,1.5.4,lang/java/avro/src/main/java/org/apache/avro/file/DataFileStream.java,org/apache/avro/file/DataFileStream.java,324,5,2,5,196,79968,386,341,77,22,19,4,408,341,81,1656,674,331,100.0000,6.0791,29,No
AVRO,1.5.4,lang/java/avro/src/main/java/org/apache/avro/file/NullCodec.java,org/apache/avro/file/NullCodec.java,54,1,1,1,0,0,64,64,64,0,0,0,64,64,64,674,674,674,115.0000,8.4172,2,No
AVRO,1.5.4,lang/java/avro/src/main/java/org/apache/avro/file/Codec.java,org/apache/avro/file/Codec.java,48,1,1,1,0,0,50,50,50,0,0,0,50,50,50,674,674,674,115.0000,8.4172,0,No
AVRO,1.5.4,lang/java/avro/src/main/java/org/apache/avro/file/LengthLimitedInputStream.java,org/apache/avro/file/LengthLimitedInputStream.java,75,1,1,1,0,0,85,85,85,0,0,0,85,85,85,674,674,674,115.0000,8.4172,1,No
AVRO,1.5.4,lang/java/avro/src/main/java/org/apache/avro/file/CodecFactory.java,org/apache/avro/file/CodecFactory.java,69,2,2,2,111,9102,82,76,41,0,0,0,82,76,41,1475,801,737,204.5000,7.9711,0,No
AVRO,1.5.4,lang/java/avro/src/main/java/org/apache/avro/file/SeekableInput.java,org/apache/avro/file/SeekableInput.java,31,2,2,2,82,3280,39,37,19,1,1,0,40,37,20,1388,714,694,191.0000,7.7166,0,No
AVRO,1.5.4,lang/java/avro/src/main/java/org/apache/avro/Schema.java,org/apache/avro/Schema.java,1307,7,2,7,252,373716,1459,1344,208,24,21,3,1483,1344,211,1725,674,246,80.1429,5.5245,204,No
AVRO,1.5.4,lang/java/avro/src/main/java/org/apache/avro/Protocol.java,org/apache/avro/Protocol.java,384,1,1,1,0,0,450,450,450,0,0,0,450,450,450,674,674,674,115.0000,8.4172,24,No
AVRO,1.5.4,lang/java/avro/src/main/java/org/apache/avro/reflect/ReflectDatumReader.java,org/apache/avro/reflect/ReflectDatumReader.java,124,1,1,1,0,0,140,140,140,0,0,0,140,140,140,674,674,674,115.0000,8.4172,1,No
AVRO,1.5.4,lang/java/avro/src/main/java/org/apache/avro/reflect/Union.java,org/apache/avro/reflect/Union.java,37,1,1,1,0,0,39,39,39,0,0,0,39,39,39,674,674,674,115.0000,8.4172,0,No
AVRO,1.5.4,lang/java/avro/src/main/java/org/apache/avro/reflect/ReflectDatumWriter.java,org/apache/avro/reflect/ReflectDatumWriter.java,97,4,2,4,105,12495,115,109,28,4,2,1,119,109,29,1479,674,369,107.2500,5.8727,11,No
AVRO,1.5.4,lang/java/avro/src/main/java/org/apache/avro/reflect/Stringable.java,org/apache/avro/reflect/Stringable.java,32,1,1,1,0,0,34,34,34,0,0,0,34,34,34,674,674,674,115.0000,8.4172,0,No
AVRO,1.5.4,lang/java/avro/src/main/java/org/apache/avro/reflect/ReflectData.java,org/apache/avro/reflect/ReflectData.java,440,6,2,6,224,109984,487,477,81,4,3,0,491,477,81,1642,674,273,84.0000,5.5593,27,No
AVRO,1.5.4,lang/java/avro/src/main/java/org/apache/avro/reflect/Nullable.java,org/apache/avro/reflect/Nullable.java,31,1,1,1,0,0,33,33,33,0,0,0,33,33,33,674,674,674,115.0000,8.4172,0,No
AVRO,1.5.4,lang/java/avro/src/main/java/org/apache/avro/io/ResolvingDecoder.java,org/apache/avro/io/ResolvingDecoder.java,250,2,2,2,72,20376,275,261,137,8,8,4,283,261,141,1384,710,692,191.0000,7.7115,6,No
AVRO,1.5.4,lang/java/avro/src/main/java/org/apache/avro/io/BinaryDecoder.java,org/apache/avro/io/BinaryDecoder.java,889,3,2,3,72,80352,1044,983,348,72,43,24,1116,983,372,1439,674,479,137.3333,6.8523,78,No
AVRO,1.5.4,lang/java/avro/src/main/java/org/apache/avro/io/BinaryData.java,org/apache/avro/io/BinaryData.java,406,4,2,4,72,31392,432,294,108,4,3,1,436,294,109,1466,674,366,106.5000,5.9800,105,No
AVRO,1.5.4,lang/java/avro/src/main/java/org/apache/avro/io/BufferedBinaryEncoder.java,org/apache/avro/io/BufferedBinaryEncoder.java,186,2,2,2,0,0,206,205,103,1,1,0,207,205,103,1119,1053,559,159.5000,6.2147,8,No
AVRO,1.5.4,lang/java/avro/src/main/java/org/apache/avro/io/Decoder.java,org/apache/avro/io/Decoder.java,249,4,2,4,75,23475,295,287,73,18,15,4,313,287,78,1448,689,362,102.0000,5.8041,1,No
AVRO,1.5.4,lang/java/avro/src/main/java/org/apache/avro/io/ValidatingEncoder.java,org/apache/avro/io/ValidatingEncoder.java,187,4,2,4,75,19650,240,215,60,22,20,5,262,215,65,1448,689,362,102.0000,5.8041,5,No
AVRO,1.5.4,lang/java/avro/src/main/java/org/apache/avro/io/DecoderFactory.java,org/apache/avro/io/DecoderFactory.java,294,4,2,4,75,38400,414,232,103,98,93,24,512,270,128,1448,689,362,102.0000,5.8041,4,No
AVRO,1.5.4,lang/java/avro/src/main/java/org/apache/avro/io/ParsingEncoder.java,org/apache/avro/io/ParsingEncoder.java,60,1,1,1,0,0,70,70,70,0,0,0,70,70,70,674,674,674,115.0000,8.4172,1,No
AVRO,1.5.4,lang/java/avro/src/main/java/org/apache/avro/io/EncoderFactory.java,org/apache/avro/io/EncoderFactory.java,318,3,2,3,4,1480,353,334,117,17,13,5,370,334,123,1138,1053,379,109.6667,5.4493,4,No
AVRO,1.5.4,lang/java/avro/src/main/java/org/apache/avro/io/JsonDecoder.java,org/apache/avro/io/JsonDecoder.java,422,3,2,3,75,38925,492,426,164,27,26,9,519,426,173,1403,710,467,130.6667,6.4472,14,No
AVRO,1.5.4,lang/java/avro/src/main/java/org/apache/avro/io/DirectBinaryEncoder.java,org/apache/avro/io/DirectBinaryEncoder.java,119,1,1,1,0,0,133,133,133,0,0,0,133,133,133,1053,1053,1053,301.0000,8.4852,2,No
AVRO,1.5.4,lang/java/avro/src/main/java/org/apache/avro/io/BinaryEncoder.java,org/apache/avro/io/BinaryEncoder.java,104,3,1,3,71,35784,314,263,104,190,189,63,504,263,168,1401,674,467,136.6667,6.7708,1,No
AVRO,1.5.4,lang/java/avro/src/main/java/org/apache/avro/io/BlockingBinaryEncoder.java,org/apache/avro/io/BlockingBinaryEncoder.java,491,3,2,3,72,61488,708,627,236,146,145,48,854,627,284,1429,689,476,132.6667,6.4326,55,No
AVRO,1.5.4,lang/java/avro/src/main/java/org/apache/avro/io/DatumReader.java,org/apache/avro/io/DatumReader.java,31,1,1,1,0,0,38,38,38,0,0,0,38,38,38,674,674,674,115.0000,8.4172,0,No
AVRO,1.5.4,lang/java/avro/src/main/java/org/apache/avro/io/ParsingDecoder.java,org/apache/avro/io/ParsingDecoder.java,68,2,2,2,72,5688,78,75,39,1,1,0,79,75,39,1384,710,692,191.0000,7.7115,1,No
AVRO,1.5.4,lang/java/avro/src/main/java/org/apache/avro/io/parsing/Parser.java,org/apache/avro/io/parsing/Parser.java,175,1,1,1,0,0,192,192,192,0,0,0,192,192,192,674,674,674,115.0000,8.4172,19,No
AVRO,1.5.4,lang/java/avro/src/main/java/org/apache/avro/io/parsing/SkipParser.java,org/apache/avro/io/parsing/SkipParser.java,87,1,1,1,0,0,96,96,96,0,0,0,96,96,96,674,674,674,115.0000,8.4172,6,No
AVRO,1.5.4,lang/java/avro/src/main/java/org/apache/avro/io/parsing/ValidatingGrammarGenerator.java,org/apache/avro/io/parsing/ValidatingGrammarGenerator.java,125,2,2,2,70,9730,138,137,69,1,1,0,139,137,69,1336,674,668,189.5000,7.6042,8,No
AVRO,1.5.4,lang/java/avro/src/main/java/org/apache/avro/io/parsing/Symbol.java,org/apache/avro/io/parsing/Symbol.java,482,2,2,2,134,73834,551,550,275,0,0,0,551,550,275,1489,815,744,204.5000,7.9968,37,No
AVRO,1.5.4,lang/java/avro/src/main/java/org/apache/avro/io/parsing/JsonGrammarGenerator.java,org/apache/avro/io/parsing/JsonGrammarGenerator.java,93,1,1,1,0,0,100,100,100,0,0,0,100,100,100,674,674,674,115.0000,8.4172,8,No
AVRO,1.5.4,lang/java/avro/src/main/java/org/apache/avro/io/parsing/ResolvingGrammarGenerator.java,org/apache/avro/io/parsing/ResolvingGrammarGenerator.java,446,3,2,3,71,35145,486,472,162,9,7,3,495,472,165,1386,674,462,132.6667,6.4646,39,No
AVRO,1.5.4,lang/java/avro/src/main/java/org/apache/avro/io/ValidatingDecoder.java,org/apache/avro/io/ValidatingDecoder.java,217,3,2,3,75,20400,260,238,86,12,12,4,272,238,90,1403,710,467,130.6667,6.4472,11,No
AVRO,1.5.4,lang/java/avro/src/main/java/org/apache/avro/io/Encoder.java,org/apache/avro/io/Encoder.java,260,3,2,3,75,22500,293,287,97,7,4,2,300,287,100,1441,689,480,135.3333,6.4611,1,No
AVRO,1.5.4,lang/java/avro/src/main/java/org/apache/avro/io/DirectBinaryDecoder.java,org/apache/avro/io/DirectBinaryDecoder.java,179,3,2,3,72,15264,208,203,69,4,3,1,212,203,70,1435,674,478,137.3333,6.9069,6,No
AVRO,1.5.4,lang/java/avro/src/main/java/org/apache/avro/io/JsonEncoder.java,org/apache/avro/io/JsonEncoder.java,263,3,2,3,72,23400,310,250,103,15,13,5,325,250,108,1429,689,476,132.6667,6.4326,8,No
AVRO,1.5.4,lang/java/avro/src/main/java/org/apache/avro/io/DatumWriter.java,org/apache/avro/io/DatumWriter.java,30,1,1,1,0,0,36,36,36,0,0,0,36,36,36,674,674,674,115.0000,8.4172,0,No
AVRO,1.5.4,lang/java/avro/src/main/java/org/apache/avro/AvroRemoteException.java,org/apache/avro/AvroRemoteException.java,33,1,1,1,0,0,41,41,41,0,0,0,41,41,41,1040,1040,1040,300.0000,8.4726,2,No
AVRO,1.5.4,lang/java/avro/src/main/java/org/apache/avro/generic/GenericContainer.java,org/apache/avro/generic/GenericContainer.java,24,1,1,1,0,0,27,27,27,0,0,0,27,27,27,674,674,674,115.0000,8.4172,1,No
AVRO,1.5.4,lang/java/avro/src/main/java/org/apache/avro/generic/GenericRecord.java,org/apache/avro/generic/GenericRecord.java,26,1,1,1,0,0,27,27,27,0,0,0,27,27,27,674,674,674,115.0000,8.4172,0,No
AVRO,1.5.4,lang/java/avro/src/main/java/org/apache/avro/generic/GenericArray.java,org/apache/avro/generic/GenericArray.java,28,1,1,1,0,0,33,33,33,0,0,0,33,33,33,674,674,674,115.0000,8.4172,0,No
AVRO,1.5.4,lang/java/avro/src/main/java/org/apache/avro/generic/GenericFixed.java,org/apache/avro/generic/GenericFixed.java,23,2,2,2,70,1820,25,24,12,1,1,0,26,24,13,1336,674,668,189.5000,7.6042,1,No
AVRO,1.5.4,lang/java/avro/src/main/java/org/apache/avro/generic/IndexedRecord.java,org/apache/avro/generic/IndexedRecord.java,29,1,1,1,0,0,30,30,30,0,0,0,30,30,30,674,674,674,115.0000,8.4172,0,No
AVRO,1.5.4,lang/java/avro/src/main/java/org/apache/avro/generic/GenericData.java,org/apache/avro/generic/GenericData.java,616,6,2,6,103,71997,684,559,114,15,7,2,699,559,116,1491,674,248,74.6667,4.9318,50,No
AVRO,1.5.4,lang/java/avro/src/main/java/org/apache/avro/generic/GenericDatumReader.java,org/apache/avro/generic/GenericDatumReader.java,358,6,2,5,125,53875,415,382,69,16,9,2,431,382,71,1609,674,268,82.1667,5.7178,16,No
AVRO,1.5.4,lang/java/avro/src/main/java/org/apache/avro/generic/GenericEnumSymbol.java,org/apache/avro/generic/GenericEnumSymbol.java,23,2,2,2,70,1820,25,24,12,1,1,0,26,24,13,1336,674,668,189.5000,7.6042,1,No
AVRO,1.5.4,lang/java/avro/src/main/java/org/apache/avro/generic/GenericDatumWriter.java,org/apache/avro/generic/GenericDatumWriter.java,181,3,2,2,81,17091,209,203,69,2,1,0,211,203,70,1438,674,479,136.6667,6.7150,13,No
AVRO,1.5.4,lang/java/avro/src/main/java/org/apache/avro/AvroRuntimeException.java,org/apache/avro/AvroRuntimeException.java,26,1,1,1,0,0,29,29,29,0,0,0,29,29,29,674,674,674,115.0000,8.4172,1,No
AVRO,1.5.4,lang/java/avro/src/main/java/org/apache/avro/AvroTypeException.java,org/apache/avro/AvroTypeException.java,25,1,1,1,0,0,29,29,29,0,0,0,29,29,29,674,674,674,115.0000,8.4172,0,No
AVRO,1.5.4,lang/java/ipc/src/main/java/org/apache/avro/ipc/specific/SpecificResponder.java,org/apache/avro/ipc/specific/SpecificResponder.java,86,2,2,2,24,3480,122,107,61,23,23,11,145,107,72,1119,1040,559,167.5000,6.5761,1,No
AVRO,1.5.4,lang/java/ipc/src/main/java/org/apache/avro/ipc/specific/SpecificRequestor.java,org/apache/avro/ipc/specific/SpecificRequestor.java,139,4,2,4,154,30646,180,121,45,19,13,4,199,121,49,1371,1040,342,100.2500,5.0802,7,No
AVRO,1.5.4,lang/java/ipc/src/main/java/org/apache/avro/ipc/RPCContext.java,org/apache/avro/ipc/RPCContext.java,186,2,2,2,82,19434,226,195,113,11,11,5,237,195,118,1389,715,694,191.0000,7.7200,12,No
AVRO,1.5.4,lang/java/ipc/src/main/java/org/apache/avro/ipc/trace/TracePlugin.java,org/apache/avro/ipc/trace/TracePlugin.java,333,2,1,2,43,16383,378,375,189,3,3,1,381,375,190,1265,674,632,182.5000,7.4889,41,No
AVRO,1.5.4,lang/java/ipc/src/main/java/org/apache/avro/ipc/trace/StaticServlet.java,org/apache/avro/ipc/trace/StaticServlet.java,44,1,1,1,0,0,50,50,50,0,0,0,50,50,50,674,674,674,115.0000,8.4172,1,No
AVRO,1.5.4,lang/java/ipc/src/main/java/org/apache/avro/ipc/trace/Util.java,org/apache/avro/ipc/trace/Util.java,200,1,1,1,0,0,222,222,222,0,0,0,222,222,222,674,674,674,115.0000,8.4172,45,No
AVRO,1.5.4,lang/java/ipc/src/main/java/org/apache/avro/ipc/trace/SpanStorage.java,org/apache/avro/ipc/trace/SpanStorage.java,50,1,1,1,0,0,57,57,57,0,0,0,57,57,57,674,674,674,115.0000,8.4172,0,No
AVRO,1.5.4,lang/java/ipc/src/main/java/org/apache/avro/ipc/trace/FileSpanStorage.java,org/apache/avro/ipc/trace/FileSpanStorage.java,316,1,1,1,0,0,359,359,359,0,0,0,359,359,359,674,674,674,115.0000,8.4172,33,No
AVRO,1.5.4,lang/java/ipc/src/main/java/org/apache/avro/ipc/trace/SpanAggregator.java,org/apache/avro/ipc/trace/SpanAggregator.java,162,1,1,1,0,0,180,180,180,0,0,0,180,180,180,674,674,674,115.0000,8.4172,24,No
AVRO,1.5.4,lang/java/ipc/src/main/java/org/apache/avro/ipc/trace/TraceNode.java,org/apache/avro/ipc/trace/TraceNode.java,123,1,1,1,0,0,139,139,139,0,0,0,139,139,139,674,674,674,115.0000,8.4172,4,No
AVRO,1.5.4,lang/java/ipc/src/main/java/org/apache/avro/ipc/trace/TracePluginConfiguration.java,org/apache/avro/ipc/trace/TracePluginConfiguration.java,70,1,1,1,0,0,75,75,75,0,0,0,75,75,75,674,674,674,115.0000,8.4172,2,No
AVRO,1.5.4,lang/java/ipc/src/main/java/org/apache/avro/ipc/trace/Trace.java,org/apache/avro/ipc/trace/Trace.java,222,1,1,1,0,0,243,243,243,0,0,0,243,243,243,674,674,674,115.0000,8.4172,17,No
AVRO,1.5.4,lang/java/ipc/src/main/java/org/apache/avro/ipc/trace/TraceClientServlet.java,org/apache/avro/ipc/trace/TraceClientServlet.java,232,2,1,2,43,11180,257,253,128,3,3,1,260,253,130,1265,674,632,182.5000,7.4889,16,No
AVRO,1.5.4,lang/java/ipc/src/main/java/org/apache/avro/ipc/trace/TraceCollection.java,org/apache/avro/ipc/trace/TraceCollection.java,271,1,1,1,0,0,306,306,306,0,0,0,306,306,306,674,674,674,115.0000,8.4172,28,No
AVRO,1.5.4,lang/java/ipc/src/main/java/org/apache/avro/ipc/trace/InMemorySpanStorage.java,org/apache/avro/ipc/trace/InMemorySpanStorage.java,69,1,1,1,0,0,78,78,78,0,0,0,78,78,78,674,674,674,115.0000,8.4172,1,No
AVRO,1.5.4,lang/java/ipc/src/main/java/org/apache/avro/ipc/reflect/ReflectResponder.java,org/apache/avro/ipc/reflect/ReflectResponder.java,52,2,2,2,24,1608,65,63,32,2,2,1,67,63,33,1119,1040,559,167.5000,6.5761,1,No
AVRO,1.5.4,lang/java/ipc/src/main/java/org/apache/avro/ipc/reflect/ReflectRequestor.java,org/apache/avro/ipc/reflect/ReflectRequestor.java,69,2,2,2,125,10625,83,81,41,2,2,1,85,81,42,1344,1040,672,193.0000,7.6935,2,No
AVRO,1.5.4,lang/java/ipc/src/main/java/org/apache/avro/ipc/HttpServer.java,org/apache/avro/ipc/HttpServer.java,94,2,2,2,70,7980,112,72,56,2,2,1,114,72,57,1327,674,663,189.0000,7.5952,4,No
AVRO,1.5.4,lang/java/ipc/src/main/java/org/apache/avro/ipc/DatagramServer.java,org/apache/avro/ipc/DatagramServer.java,64,1,1,1,0,0,80,80,80,0,0,0,80,80,80,674,674,674,115.0000,8.4172,4,No
AVRO,1.5.4,lang/java/ipc/src/main/java/org/apache/avro/ipc/HttpTransceiver.java,org/apache/avro/ipc/HttpTransceiver.java,98,1,1,1,0,0,112,112,112,0,0,0,112,112,112,674,674,674,115.0000,8.4172,1,No
AVRO,1.5.4,lang/java/ipc/src/main/java/org/apache/avro/ipc/SaslSocketServer.java,org/apache/avro/ipc/SaslSocketServer.java,90,1,1,1,0,0,102,102,102,0,0,0,102,102,102,674,674,674,115.0000,8.4172,14,No
AVRO,1.5.4,lang/java/ipc/src/main/java/org/apache/avro/ipc/DatagramTransceiver.java,org/apache/avro/ipc/DatagramTransceiver.java,73,1,1,1,0,0,85,85,85,0,0,0,85,85,85,674,674,674,115.0000,8.4172,3,No
AVRO,1.5.4,lang/java/ipc/src/main/java/org/apache/avro/ipc/NettyTransportCodec.java,org/apache/avro/ipc/NettyTransportCodec.java,153,1,1,1,0,0,183,183,183,0,0,0,183,183,183,674,674,674,115.0000,8.4172,9,No
AVRO,1.5.4,lang/java/ipc/src/main/java/org/apache/avro/ipc/Callback.java,org/apache/avro/ipc/Callback.java,36,1,1,1,0,0,39,39,39,0,0,0,39,39,39,1145,1145,1145,323.0000,8.7044,0,No
AVRO,1.5.4,lang/java/ipc/src/main/java/org/apache/avro/ipc/LocalTransceiver.java,org/apache/avro/ipc/LocalTransceiver.java,45,1,1,1,0,0,52,52,52,0,0,0,52,52,52,674,674,674,115.0000,8.4172,1,No
AVRO,1.5.4,lang/java/ipc/src/main/java/org/apache/avro/ipc/SaslSocketTransceiver.java,org/apache/avro/ipc/SaslSocketTransceiver.java,354,3,2,3,126,51534,406,389,135,3,3,1,409,389,136,1550,674,516,149.6667,7.2658,46,No
AVRO,1.5.4,lang/java/ipc/src/main/java/org/apache/avro/ipc/Transceiver.java,org/apache/avro/ipc/Transceiver.java,93,3,2,3,197,23049,113,72,37,4,3,1,117,72,39,1512,827,504,139.0000,6.0283,1,No
AVRO,1.5.4,lang/java/ipc/src/main/java/org/apache/avro/ipc/NettyTransceiver.java,org/apache/avro/ipc/NettyTransceiver.java,362,5,2,5,197,143613,566,264,113,163,99,32,729,308,145,1622,674,324,95.8000,5.5969,16,No
AVRO,1.5.4,lang/java/ipc/src/main/java/org/apache/avro/ipc/RPCPlugin.java,org/apache/avro/ipc/RPCPlugin.java,65,1,1,1,0,0,76,76,76,0,0,0,76,76,76,674,674,674,115.0000,8.4172,0,No
AVRO,1.5.4,lang/java/ipc/src/main/java/org/apache/avro/ipc/SocketTransceiver.java,org/apache/avro/ipc/SocketTransceiver.java,101,1,1,1,0,0,120,120,120,0,0,0,120,120,120,674,674,674,115.0000,8.4172,5,No
AVRO,1.5.4,lang/java/ipc/src/main/java/org/apache/avro/ipc/generic/GenericResponder.java,org/apache/avro/ipc/generic/GenericResponder.java,58,2,2,2,24,1872,74,59,37,4,4,2,78,59,39,1119,1040,559,167.5000,6.5761,1,No
AVRO,1.5.4,lang/java/ipc/src/main/java/org/apache/avro/ipc/generic/GenericRequestor.java,org/apache/avro/ipc/generic/GenericRequestor.java,81,3,2,3,140,14000,96,76,32,4,4,1,100,76,33,1360,1040,453,131.3333,6.1008,8,No
AVRO,1.5.4,lang/java/ipc/src/main/java/org/apache/avro/ipc/ResponderServlet.java,org/apache/avro/ipc/ResponderServlet.java,48,1,1,1,0,0,56,56,56,0,0,0,56,56,56,674,674,674,115.0000,8.4172,1,No
AVRO,1.5.4,lang/java/ipc/src/main/java/org/apache/avro/ipc/Server.java,org/apache/avro/ipc/Server.java,29,1,1,1,0,0,35,35,35,0,0,0,35,35,35,674,674,674,115.0000,8.4172,0,No
AVRO,1.5.4,lang/java/ipc/src/main/java/org/apache/avro/ipc/Requestor.java,org/apache/avro/ipc/Requestor.java,500,11,2,11,265,216240,690,363,62,126,106,11,816,469,74,1726,674,156,52.0909,4.7712,50,No
AVRO,1.5.4,lang/java/ipc/src/main/java/org/apache/avro/ipc/NettyServer.java,org/apache/avro/ipc/NettyServer.java,135,3,2,3,183,32940,167,151,55,13,11,4,180,151,60,1526,820,508,141.3333,6.6918,4,No
AVRO,1.5.4,lang/java/ipc/src/main/java/org/apache/avro/ipc/SocketServer.java,org/apache/avro/ipc/SocketServer.java,124,3,2,3,196,28812,146,144,48,1,1,0,147,144,49,1579,674,526,150.6667,7.3227,19,No
AVRO,1.5.4,lang/java/ipc/src/main/java/org/apache/avro/ipc/CallFuture.java,org/apache/avro/ipc/CallFuture.java,146,1,1,1,0,0,162,162,162,0,0,0,162,162,162,1145,1145,1145,323.0000,8.7044,0,No
AVRO,1.5.4,lang/java/ipc/src/main/java/org/apache/avro/ipc/stats/StatsServer.java,org/apache/avro/ipc/stats/StatsServer.java,48,1,1,1,0,0,54,54,54,0,0,0,54,54,54,674,674,674,115.0000,8.4172,2,No
AVRO,1.5.4,lang/java/ipc/src/main/java/org/apache/avro/ipc/stats/StaticServlet.java,org/apache/avro/ipc/stats/StaticServlet.java,41,1,1,1,0,0,46,46,46,0,0,0,46,46,46,674,674,674,115.0000,8.4172,1,No
AVRO,1.5.4,lang/java/ipc/src/main/java/org/apache/avro/ipc/stats/FloatHistogram.java,org/apache/avro/ipc/stats/FloatHistogram.java,49,1,1,1,0,0,54,54,54,0,0,0,54,54,54,674,674,674,115.0000,8.4172,4,No
AVRO,1.5.4,lang/java/ipc/src/main/java/org/apache/avro/ipc/stats/Stopwatch.java,org/apache/avro/ipc/stats/Stopwatch.java,66,1,1,1,0,0,74,74,74,0,0,0,74,74,74,674,674,674,115.0000,8.4172,9,No
AVRO,1.5.4,lang/java/ipc/src/main/java/org/apache/avro/ipc/stats/StatsPlugin.java,org/apache/avro/ipc/stats/StatsPlugin.java,199,1,1,1,0,0,226,226,226,0,0,0,226,226,226,674,674,674,115.0000,8.4172,2,No
AVRO,1.5.4,lang/java/ipc/src/main/java/org/apache/avro/ipc/stats/StatsServlet.java,org/apache/avro/ipc/stats/StatsServlet.java,234,1,1,1,0,0,270,270,270,0,0,0,270,270,270,674,674,674,115.0000,8.4172,45,No
AVRO,1.5.4,lang/java/ipc/src/main/java/org/apache/avro/ipc/stats/IntegerHistogram.java,org/apache/avro/ipc/stats/IntegerHistogram.java,50,1,1,1,0,0,55,55,55,0,0,0,55,55,55,674,674,674,115.0000,8.4172,4,No
AVRO,1.5.4,lang/java/ipc/src/main/java/org/apache/avro/ipc/stats/Histogram.java,org/apache/avro/ipc/stats/Histogram.java,234,1,1,1,0,0,267,267,267,0,0,0,267,267,267,674,674,674,115.0000,8.4172,31,No
AVRO,1.5.4,lang/java/ipc/src/main/java/org/apache/avro/ipc/Responder.java,org/apache/avro/ipc/Responder.java,221,9,2,9,183,57462,286,249,31,28,9,3,314,249,34,1687,674,187,60.5556,5.3547,33,No
AVRO,1.5.4,lang/java/ipc/src/main/java/org/apache/avro/ipc/Ipc.java,org/apache/avro/ipc/Ipc.java,47,1,1,1,0,0,53,53,53,0,0,0,53,53,53,674,674,674,115.0000,8.4172,5,No
AVRO,1.5.4,lang/java/compiler/src/main/java/org/apache/avro/compiler/specific/SchemaTask.java,org/apache/avro/compiler/specific/SchemaTask.java,27,1,1,1,0,0,30,30,30,0,0,0,30,30,30,1040,1040,1040,300.0000,8.4726,0,No
AVRO,1.5.4,lang/java/compiler/src/main/java/org/apache/avro/compiler/specific/ProtocolTask.java,org/apache/avro/compiler/specific/ProtocolTask.java,69,1,1,1,0,0,81,81,81,0,0,0,81,81,81,1040,1040,1040,300.0000,8.4726,4,No
AVRO,1.5.4,lang/java/compiler/src/main/java/org/apache/avro/compiler/specific/SpecificCompiler.java,org/apache/avro/compiler/specific/SpecificCompiler.java,409,2,2,2,209,96767,457,431,228,6,6,3,463,431,231,1370,1040,685,195.5000,7.7573,23,No
