Dataset,Classifier,Balancing,FeatureSelection,Iteration,Fold,Precision,Recall,FMeasure,AUC,Kappa,NPofB20
AVRO,RandomForest,None,None,1,1,0.6923,0.8182,0.7500,0.9391,0.7328,0.9091
AVRO,RandomForest,None,None,1,2,0.7000,0.6364,0.6667,0.7866,0.6467,0.6364
AVRO,RandomForest,None,None,1,3,0.8000,0.8000,0.8000,0.9905,0.7885,0.9000
AVRO,RandomForest,None,None,1,4,1.0000,0.3636,0.5333,0.9204,0.5180,0.8182
AVRO,RandomForest,None,None,1,5,0.9000,0.8182,0.8571,0.9390,0.8485,0.9091
AVRO,RandomForest,None,None,1,6,0.8750,0.6364,0.7368,0.9900,0.7229,0.9445
AVRO,RandomForest,None,None,1,7,1.0000,0.5455,0.7059,0.9443,0.6929,0.9091
AVRO,RandomForest,None,None,1,8,1.0000,0.7273,0.8421,0.9976,0.8337,1.0000
AVRO,RandomForest,None,None,1,9,0.8571,0.5455,0.6667,0.8064,0.6504,0.6364
AVRO,RandomForest,None,None,1,10,0.8333,0.9091,0.8696,0.9790,0.8609,0.9091
AVRO,RandomForest,None,None,2,1,0.8750,0.6364,0.7368,0.8830,0.7230,0.8182
AVRO,RandomForest,None,None,2,2,0.5385,0.6364,0.5833,0.8668,0.5546,0.7273
AVRO,RandomForest,None,None,2,3,0.8889,0.8000,0.8421,0.9859,0.8335,1.0000
AVRO,RandomForest,None,None,2,4,1.0000,0.7273,0.8421,0.9262,0.8337,0.8182
AVRO,RandomForest,None,None,2,5,0.8750,0.6364,0.7368,0.9411,0.7229,0.9091
AVRO,RandomForest,None,None,2,6,0.9167,1.0000,0.9565,0.9995,0.9536,1.0000
AVRO,RandomForest,None,None,2,7,0.5625,0.8182,0.6667,0.9312,0.6412,0.9091
AVRO,RandomForest,None,None,2,8,0.8000,0.7273,0.7619,0.9698,0.7475,0.8182
AVRO,RandomForest,None,None,2,9,0.6364,0.6364,0.6364,0.9737,0.6132,1.0000
AVRO,RandomForest,None,None,2,10,0.8750,0.6364,0.7368,0.9222,0.7229,0.9091
AVRO,RandomForest,None,None,3,1,1.0000,0.8182,0.9000,0.9451,0.8943,0.9091
AVRO,RandomForest,None,None,3,2,0.8889,0.7273,0.8000,0.8770,0.7887,0.8182
AVRO,RandomForest,None,None,3,3,0.8889,0.8000,0.8421,0.9368,0.8335,0.9000
AVRO,RandomForest,None,None,3,4,0.8333,0.4545,0.5882,0.9769,0.5701,0.9091
AVRO,RandomForest,None,None,3,5,1.0000,0.6364,0.7778,0.9853,0.7669,0.9830
AVRO,RandomForest,None,None,3,6,0.8889,0.7273,0.8000,0.9335,0.7886,0.9091
AVRO,RandomForest,None,None,3,7,0.7778,0.6364,0.7000,0.9743,0.6829,0.9091
AVRO,RandomForest,None,None,3,8,0.8750,0.6364,0.7368,0.9850,0.7229,0.9091
AVRO,RandomForest,None,None,3,9,0.8182,0.8182,0.8182,0.9314,0.8066,0.8182
AVRO,RandomForest,None,None,3,10,0.7273,0.7273,0.7273,0.9338,0.7099,0.9091
AVRO,RandomForest,None,None,4,1,0.7273,0.7273,0.7273,0.9788,0.7100,0.8953
AVRO,RandomForest,None,None,4,2,1.0000,0.8182,0.9000,0.9431,0.8943,0.9091
AVRO,RandomForest,None,None,4,3,1.0000,0.5000,0.6667,0.9790,0.6541,1.0000
AVRO,RandomForest,None,None,4,4,0.6667,0.3636,0.4706,0.8032,0.4473,0.5455
AVRO,RandomForest,None,None,4,5,1.0000,0.6364,0.7778,0.9388,0.7669,0.9091
AVRO,RandomForest,None,None,4,6,0.7692,0.9091,0.8333,0.9958,0.8218,1.0000
AVRO,RandomForest,None,None,4,7,0.6000,0.5455,0.5714,0.8492,0.5456,0.6364
AVRO,RandomForest,None,None,4,8,0.8000,0.7273,0.7619,0.9900,0.7475,1.0000
AVRO,RandomForest,None,None,4,9,0.7778,0.6364,0.7000,0.9362,0.6829,0.9091
AVRO,RandomForest,None,None,4,10,0.5833,0.6364,0.6087,0.9782,0.5827,1.0000
AVRO,RandomForest,None,None,5,1,0.7000,0.6364,0.6667,0.9817,0.6467,0.8606
AVRO,RandomForest,None,None,5,2,0.5714,0.7273,0.6400,0.9833,0.6143,1.0000
AVRO,RandomForest,None,None,5,3,1.0000,0.6000,0.7500,0.9319,0.7394,0.9000
AVRO,RandomForest,None,None,5,4,1.0000,0.6364,0.7778,0.9322,0.7669,0.9091
AVRO,RandomForest,None,None,5,5,0.8000,0.7273,0.7619,0.9049,0.7475,0.7273
AVRO,RandomForest,None,None,5,6,1.0000,0.7273,0.8421,0.9848,0.8337,1.0000
AVRO,RandomForest,None,None,5,7,0.7692,0.9091,0.8333,0.9398,0.8218,0.9091
AVRO,RandomForest,None,None,5,8,1.0000,0.7273,0.8421,0.8886,0.8337,0.8182
AVRO,RandomForest,None,None,5,9,0.8889,0.7273,0.8000,0.9317,0.7886,0.8182
AVRO,RandomForest,None,None,5,10,0.8750,0.6364,0.7368,0.8347,0.7229,0.7273
AVRO,RandomForest,None,None,6,1,0.6667,0.3636,0.4706,0.9266,0.4474,0.8494
AVRO,RandomForest,None,None,6,2,1.0000,0.9091,0.9524,0.9893,0.9495,0.9091
AVRO,RandomForest,None,None,6,3,0.5000,0.4000,0.4444,0.9055,0.4162,0.8000
AVRO,RandomForest,None,None,6,4,0.7500,0.5455,0.6316,0.8731,0.6120,0.6364
AVRO,RandomForest,None,None,6,5,0.8000,0.7273,0.7619,0.9721,0.7475,0.9091
AVRO,RandomForest,None,None,6,6,1.0000,0.6364,0.7778,0.8883,0.7669,0.8182
AVRO,RandomForest,None,None,6,7,1.0000,0.8182,0.9000,0.9926,0.8943,1.0000
AVRO,RandomForest,None,None,6,8,0.4545,0.4545,0.4545,0.8229,0.4199,0.5455
AVRO,RandomForest,None,None,6,9,0.6923,0.8182,0.7500,0.9427,0.7327,0.9091
AVRO,RandomForest,None,None,6,10,0.8889,0.7273,0.8000,0.8778,0.7886,0.8182
AVRO,RandomForest,None,None,7,1,0.8571,0.5455,0.6667,0.9929,0.6505,1.0000
AVRO,RandomForest,None,None,7,2,0.8000,0.7273,0.7619,0.9472,0.7476,0.7273
AVRO,RandomForest,None,None,7,3,0.6250,0.5000,0.5556,0.9293,0.5330,0.9000
AVRO,RandomForest,None,None,7,4,1.0000,0.5455,0.7059,0.8783,0.6929,0.8182
AVRO,RandomForest,None,None,7,5,1.0000,0.9091,0.9524,0.9968,0.9495,0.9907
AVRO,RandomForest,None,None,7,6,0.7273,0.7273,0.7273,0.9175,0.7099,0.8182
AVRO,RandomForest,None,None,7,7,0.7500,0.5455,0.6316,0.8841,0.6120,0.8182
AVRO,RandomForest,None,None,7,8,0.7500,0.8182,0.7826,0.9393,0.7681,0.9091
AVRO,RandomForest,None,None,7,9,0.8571,0.5455,0.6667,0.9335,0.6504,0.9091
AVRO,RandomForest,None,None,7,10,0.6667,0.7273,0.6957,0.9388,0.6754,0.9091
AVRO,RandomForest,None,None,8,1,0.7143,0.4545,0.5556,0.8660,0.5340,0.7273
AVRO,RandomForest,None,None,8,2,0.8889,0.7273,0.8000,0.9901,0.7887,1.0000
AVRO,RandomForest,None,None,8,3,1.0000,0.6000,0.7500,0.9793,0.7394,1.0000
AVRO,RandomForest,None,None,8,4,0.8750,0.6364,0.7368,0.8353,0.7229,0.7273
AVRO,RandomForest,None,None,8,5,0.8000,0.7273,0.7619,0.8749,0.7475,0.7273
AVRO,RandomForest,None,None,8,6,0.6250,0.4545,0.5263,0.9130,0.5012,0.8182
AVRO,RandomForest,None,None,8,7,0.8333,0.9091,0.8696,0.9803,0.8609,0.9091
AVRO,RandomForest,None,None,8,8,0.9167,1.0000,0.9565,0.9995,0.9536,1.0000
AVRO,RandomForest,None,None,8,9,0.7500,0.8182,0.7826,0.9895,0.7681,0.9695
AVRO,RandomForest,None,None,8,10,0.8333,0.9091,0.8696,0.9955,0.8609,1.0000
AVRO,RandomForest,None,None,9,1,1.0000,0.6364,0.7778,0.8613,0.7670,0.7273
AVRO,RandomForest,None,None,9,2,0.8750,0.6364,0.7368,0.9470,0.7230,0.7273
AVRO,RandomForest,None,None,9,3,0.6923,0.9000,0.7826,0.9902,0.7684,1.0000
AVRO,RandomForest,None,None,9,4,1.0000,0.7273,0.8421,0.9937,0.8337,1.0000
AVRO,RandomForest,None,None,9,5,0.7273,0.7273,0.7273,0.9674,0.7099,0.9091
AVRO,RandomForest,None,None,9,6,0.6250,0.4545,0.5263,0.8734,0.5012,0.7273
AVRO,RandomForest,None,None,9,7,1.0000,0.6364,0.7778,0.9383,0.7669,0.8182
AVRO,RandomForest,None,None,9,8,0.7778,0.6364,0.7000,0.9196,0.6829,0.8182
AVRO,RandomForest,None,None,9,9,0.7143,0.9091,0.8000,0.9451,0.7856,0.9091
AVRO,RandomForest,None,None,9,10,0.8750,0.6364,0.7368,0.9393,0.7229,0.9091
AVRO,RandomForest,None,None,10,1,1.0000,0.6364,0.7778,0.9833,0.7670,1.0000
AVRO,RandomForest,None,None,10,2,0.8182,0.8182,0.8182,0.9410,0.8067,0.9091
AVRO,RandomForest,None,None,10,3,1.0000,0.9000,0.9474,0.9943,0.9445,1.0000
AVRO,RandomForest,None,None,10,4,0.5714,0.7273,0.6400,0.9669,0.6142,0.8182
AVRO,RandomForest,None,None,10,5,1.0000,0.5455,0.7059,0.8200,0.6929,0.6364
AVRO,RandomForest,None,None,10,6,0.8889,0.7273,0.8000,0.9884,0.7886,1.0000
AVRO,RandomForest,None,None,10,7,0.7500,0.5455,0.6316,0.9614,0.6120,0.8182
AVRO,RandomForest,None,None,10,8,1.0000,0.6364,0.7778,0.8382,0.7669,0.7273
AVRO,RandomForest,None,None,10,9,0.7778,0.6364,0.7000,0.8894,0.6829,0.8182
AVRO,RandomForest,None,None,10,10,0.7500,0.8182,0.7826,0.9390,0.7681,0.9091
AVRO,RandomForest,Undersampling,None,1,1,0.3226,0.9091,0.4762,0.9752,0.4258,0.7273
AVRO,RandomForest,Undersampling,None,1,2,0.3333,0.7273,0.4571,0.8874,0.4089,0.4787
AVRO,RandomForest,Undersampling,None,1,3,0.2273,1.0000,0.3704,0.9796,0.3092,0.6000
AVRO,RandomForest,Undersampling,None,1,4,0.2647,0.8182,0.4000,0.9030,0.3404,0.7273
AVRO,RandomForest,Undersampling,None,1,5,0.2558,1.0000,0.4074,0.9750,0.3451,0.8182
AVRO,RandomForest,Undersampling,None,1,6,0.2571,0.8182,0.3913,0.9393,0.3304,0.6364
AVRO,RandomForest,Undersampling,None,1,7,0.2750,1.0000,0.4314,0.9682,0.3725,0.4295
AVRO,RandomForest,Undersampling,None,1,8,0.3846,0.9091,0.5405,0.9803,0.4984,0.6976
AVRO,RandomForest,Undersampling,None,1,9,0.3333,0.8182,0.4737,0.8610,0.4248,0.8182
AVRO,RandomForest,Undersampling,None,1,10,0.2564,0.9091,0.4000,0.9288,0.3383,0.6364
AVRO,RandomForest,Undersampling,None,2,1,0.2703,0.9091,0.4167,0.9438,0.3578,0.6364
AVRO,RandomForest,Undersampling,None,2,2,0.2051,0.7273,0.3200,0.8720,0.2505,0.3636
AVRO,RandomForest,Undersampling,None,2,3,0.2222,1.0000,0.3636,0.9661,0.3015,0.7000
AVRO,RandomForest,Undersampling,None,2,4,0.2647,0.8182,0.4000,0.9151,0.3404,0.7273
AVRO,RandomForest,Undersampling,None,2,5,0.2558,1.0000,0.4074,0.9769,0.3451,0.6224
AVRO,RandomForest,Undersampling,None,2,6,0.2750,1.0000,0.4314,0.9992,0.3725,0.6364
AVRO,RandomForest,Undersampling,None,2,7,0.2703,0.9091,0.4167,0.9714,0.3574,0.8182
AVRO,RandomForest,Undersampling,None,2,8,0.3226,0.9091,0.4762,0.9267,0.4255,0.5308
AVRO,RandomForest,Undersampling,None,2,9,0.3571,0.9091,0.5128,0.9511,0.4671,1.0000
AVRO,RandomForest,Undersampling,None,2,10,0.3056,1.0000,0.4681,0.9716,0.4145,0.6364
AVRO,RandomForest,Undersampling,None,3,1,0.2857,0.9091,0.4348,0.9159,0.3786,0.7273
AVRO,RandomForest,Undersampling,None,3,2,0.2647,0.8182,0.4000,0.8767,0.3408,0.8182
AVRO,RandomForest,Undersampling,None,3,3,0.2439,1.0000,0.3922,0.9796,0.3340,0.9000
AVRO,RandomForest,Undersampling,None,3,4,0.2647,0.8182,0.4000,0.9030,0.3404,0.5455
AVRO,RandomForest,Undersampling,None,3,5,0.2821,1.0000,0.4400,0.9719,0.3824,0.6364
AVRO,RandomForest,Undersampling,None,3,6,0.2632,0.9091,0.4082,0.9653,0.3477,0.7273
AVRO,RandomForest,Undersampling,None,3,7,0.2632,0.9091,0.4082,0.9414,0.3477,0.5455
AVRO,RandomForest,Undersampling,None,3,8,0.3125,0.9091,0.4651,0.9398,0.4129,0.5455
AVRO,RandomForest,Undersampling,None,3,9,0.2381,0.9091,0.3774,0.9627,0.3122,0.4545
AVRO,RandomForest,Undersampling,None,3,10,0.4074,1.0000,0.5789,0.9869,0.5399,0.9091
AVRO,RandomForest,Undersampling,None,4,1,0.2973,1.0000,0.4583,0.9885,0.4037,0.6364
AVRO,RandomForest,Undersampling,None,4,2,0.3125,0.9091,0.4651,0.9357,0.4132,0.3636
AVRO,RandomForest,Undersampling,None,4,3,0.2353,0.8000,0.3636,0.9103,0.3053,0.6036
AVRO,RandomForest,Undersampling,None,4,4,0.2963,0.7273,0.4211,0.9028,0.3673,0.6364
AVRO,RandomForest,Undersampling,None,4,5,0.3030,0.9091,0.4545,0.9732,0.4008,0.9091
AVRO,RandomForest,Undersampling,None,4,6,0.2391,1.0000,0.3860,0.9890,0.3204,0.6364
AVRO,RandomForest,Undersampling,None,4,7,0.2571,0.8182,0.3913,0.8902,0.3304,0.6364
AVRO,RandomForest,Undersampling,None,4,8,0.2558,1.0000,0.4074,0.9721,0.3451,0.9091
AVRO,RandomForest,Undersampling,None,4,9,0.2632,0.9091,0.4082,0.9204,0.3477,0.8182
AVRO,RandomForest,Undersampling,None,4,10,0.3793,1.0000,0.5500,0.9824,0.5073,0.5455
AVRO,RandomForest,Undersampling,None,5,1,0.2391,1.0000,0.3860,0.9862,0.3208,0.6364
AVRO,RandomForest,Undersampling,None,5,2,0.2683,1.0000,0.4231,0.9768,0.3634,0.8182
AVRO,RandomForest,Undersampling,None,5,3,0.2941,1.0000,0.4545,0.9845,0.4045,0.7000
AVRO,RandomForest,Undersampling,None,5,4,0.2683,1.0000,0.4231,0.9674,0.3630,0.8555
AVRO,RandomForest,Undersampling,None,5,5,0.1875,0.8182,0.3051,0.9241,0.2302,0.6364
AVRO,RandomForest,Undersampling,None,5,6,0.3143,1.0000,0.4783,0.9774,0.4260,0.6480
AVRO,RandomForest,Undersampling,None,5,7,0.2632,0.9091,0.4082,0.9674,0.3477,0.7273
AVRO,RandomForest,Undersampling,None,5,8,0.2857,0.9091,0.4348,0.9393,0.3782,0.5455
AVRO,RandomForest,Undersampling,None,5,9,0.2273,0.9091,0.3636,0.9204,0.2963,0.5455
AVRO,RandomForest,Undersampling,None,5,10,0.2286,0.7273,0.3478,0.8558,0.2826,0.3636
AVRO,RandomForest,Undersampling,None,6,1,0.3478,0.7273,0.4706,0.9519,0.4243,0.8447
AVRO,RandomForest,Undersampling,None,6,2,0.3030,0.9091,0.4545,0.9472,0.4011,0.4545
AVRO,RandomForest,Undersampling,None,6,3,0.2727,0.9000,0.4186,0.9325,0.3657,0.8000
AVRO,RandomForest,Undersampling,None,6,4,0.1887,0.9091,0.3125,0.8928,0.2369,0.4545
AVRO,RandomForest,Undersampling,None,6,5,0.2973,1.0000,0.4583,0.9882,0.4033,0.6364
AVRO,RandomForest,Undersampling,None,6,6,0.2500,0.8182,0.3830,0.9125,0.3208,0.3636
AVRO,RandomForest,Undersampling,None,6,7,0.2500,1.0000,0.4000,0.9911,0.3365,0.7273
AVRO,RandomForest,Undersampling,None,6,8,0.2041,0.9091,0.3333,0.9133,0.2612,0.8182
AVRO,RandomForest,Undersampling,None,6,9,0.2632,0.9091,0.4082,0.9493,0.3477,0.5455
AVRO,RandomForest,Undersampling,None,6,10,0.2308,0.8182,0.3600,0.9322,0.2942,0.6364
AVRO,RandomForest,Undersampling,None,7,1,0.3548,1.0000,0.5238,0.9820,0.4780,0.8182
AVRO,RandomForest,Undersampling,None,7,2,0.2632,0.9091,0.4082,0.9245,0.3480,0.5455
AVRO,RandomForest,Undersampling,None,7,3,0.2647,0.9000,0.4091,0.9560,0.3549,0.5000
AVRO,RandomForest,Undersampling,None,7,4,0.2963,0.7273,0.4211,0.8437,0.3673,0.5455
AVRO,RandomForest,Undersampling,None,7,5,0.3438,1.0000,0.5116,0.9895,0.4639,0.4545
AVRO,RandomForest,Undersampling,None,7,6,0.2381,0.9091,0.3774,0.9369,0.3122,0.7273
AVRO,RandomForest,Undersampling,None,7,7,0.2857,0.9091,0.4348,0.9511,0.3782,0.3886
AVRO,RandomForest,Undersampling,None,7,8,0.2973,1.0000,0.4583,0.9827,0.4033,0.8182
AVRO,RandomForest,Undersampling,None,7,9,0.2381,0.9091,0.3774,0.9083,0.3122,0.5455
AVRO,RandomForest,Undersampling,None,7,10,0.2703,0.9091,0.4167,0.9559,0.3574,0.9091
AVRO,RandomForest,Undersampling,None,8,1,0.2558,1.0000,0.4074,0.9660,0.3454,0.7106
AVRO,RandomForest,Undersampling,None,8,2,0.3548,1.0000,0.5238,0.9833,0.4780,0.8383
AVRO,RandomForest,Undersampling,None,8,3,0.2813,0.9000,0.4286,0.9345,0.3770,0.7000
AVRO,RandomForest,Undersampling,None,8,4,0.3103,0.8182,0.4500,0.8776,0.3978,0.4545
AVRO,RandomForest,Undersampling,None,8,5,0.3200,0.7273,0.4444,0.8684,0.3941,0.7106
AVRO,RandomForest,Undersampling,None,8,6,0.2857,0.9091,0.4348,0.9509,0.3782,0.7273
AVRO,RandomForest,Undersampling,None,8,7,0.2703,0.9091,0.4167,0.9519,0.3574,0.8182
AVRO,RandomForest,Undersampling,None,8,8,0.2750,1.0000,0.4314,0.9834,0.3725,0.6364
AVRO,RandomForest,Undersampling,None,8,9,0.3143,1.0000,0.4783,0.9919,0.4260,0.6364
AVRO,RandomForest,Undersampling,None,8,10,0.2619,1.0000,0.4151,0.9624,0.3539,0.8182
AVRO,RandomForest,Undersampling,None,9,1,0.2326,0.9091,0.3704,0.9569,0.3045,0.7273
AVRO,RandomForest,Undersampling,None,9,2,0.2750,1.0000,0.4314,0.9788,0.3729,0.6364
AVRO,RandomForest,Undersampling,None,9,3,0.2778,1.0000,0.4348,0.9894,0.3822,0.7024
AVRO,RandomForest,Undersampling,None,9,4,0.2444,1.0000,0.3929,0.9913,0.3283,0.8182
AVRO,RandomForest,Undersampling,None,9,5,0.2083,0.9091,0.3390,0.9461,0.2678,0.4545
AVRO,RandomForest,Undersampling,None,9,6,0.2647,0.8182,0.4000,0.9217,0.3404,0.6364
AVRO,RandomForest,Undersampling,None,9,7,0.3333,0.9091,0.4878,0.9482,0.4387,0.8548
AVRO,RandomForest,Undersampling,None,9,8,0.3226,0.9091,0.4762,0.9296,0.4255,0.6207
AVRO,RandomForest,Undersampling,None,9,9,0.3125,0.9091,0.4651,0.9651,0.4129,0.9091
AVRO,RandomForest,Undersampling,None,9,10,0.3226,0.9091,0.4762,0.9443,0.4255,0.5455
AVRO,RandomForest,Undersampling,None,10,1,0.3143,1.0000,0.4783,0.9585,0.4264,0.7273
AVRO,RandomForest,Undersampling,None,10,2,0.2326,0.9091,0.3704,0.9509,0.3045,0.6364
AVRO,RandomForest,Undersampling,None,10,3,0.2273,1.0000,0.3704,0.9756,0.3092,0.6000
AVRO,RandomForest,Undersampling,None,10,4,0.2973,1.0000,0.4583,0.9566,0.4033,0.6364
AVRO,RandomForest,Undersampling,None,10,5,0.3500,0.6364,0.4516,0.9025,0.4058,0.7273
AVRO,RandomForest,Undersampling,None,10,6,0.3438,1.0000,0.5116,0.9942,0.4639,0.8182
AVRO,RandomForest,Undersampling,None,10,7,0.3667,1.0000,0.5366,0.9845,0.4922,0.9213
AVRO,RandomForest,Undersampling,None,10,8,0.3226,0.9091,0.4762,0.9296,0.4255,0.6364
AVRO,RandomForest,Undersampling,None,10,9,0.3333,0.8182,0.4737,0.8728,0.4248,0.5436
AVRO,RandomForest,Undersampling,None,10,10,0.2683,1.0000,0.4231,0.9821,0.3630,0.6364
AVRO,RandomForest,Oversampling,None,1,1,0.7692,0.9091,0.8333,0.9807,0.8219,0.9091
AVRO,RandomForest,Oversampling,None,1,2,0.7778,0.6364,0.7000,0.8550,0.6830,0.6364
AVRO,RandomForest,Oversampling,None,1,3,0.6250,1.0000,0.7692,0.9894,0.7527,1.0000
AVRO,RandomForest,Oversampling,None,1,4,0.7778,0.6364,0.7000,0.9511,0.6829,0.8182
AVRO,RandomForest,Oversampling,None,1,5,0.6667,0.9091,0.7692,0.9769,0.7521,0.9091
AVRO,RandomForest,Oversampling,None,1,6,0.8000,0.7273,0.7619,0.9898,0.7475,1.0000
AVRO,RandomForest,Oversampling,None,1,7,0.7778,0.6364,0.7000,0.9375,0.6829,0.6364
AVRO,RandomForest,Oversampling,None,1,8,1.0000,0.9091,0.9524,0.9976,0.9495,1.0000
AVRO,RandomForest,Oversampling,None,1,9,0.6364,0.6364,0.6364,0.9030,0.6132,0.8182
AVRO,RandomForest,Oversampling,None,1,10,0.6667,0.9091,0.7692,0.9270,0.7521,0.9091
AVRO,RandomForest,Oversampling,None,2,1,0.8000,0.7273,0.7619,0.9279,0.7476,0.8182
AVRO,RandomForest,Oversampling,None,2,2,0.6154,0.7273,0.6667,0.9509,0.6437,0.7273
AVRO,RandomForest,Oversampling,None,2,3,0.7500,0.9000,0.8182,0.9856,0.8067,1.0000
AVRO,RandomForest,Oversampling,None,2,4,1.0000,0.8182,0.9000,0.9827,0.8943,1.0000
AVRO,RandomForest,Oversampling,None,2,5,0.7692,0.9091,0.8333,0.9756,0.8218,0.9091
AVRO,RandomForest,Oversampling,None,2,6,0.7857,1.0000,0.8800,0.9932,0.8714,1.0000
AVRO,RandomForest,Oversampling,None,2,7,0.6250,0.9091,0.7407,0.9863,0.7210,1.0000
AVRO,RandomForest,Oversampling,None,2,8,0.7273,0.7273,0.7273,0.9288,0.7099,0.9091
AVRO,RandomForest,Oversampling,None,2,9,0.7500,0.8182,0.7826,0.9884,0.7681,1.0000
AVRO,RandomForest,Oversampling,None,2,10,1.0000,0.6364,0.7778,0.9905,0.7669,0.9091
AVRO,RandomForest,Oversampling,None,3,1,0.9091,0.9091,0.9091,0.9389,0.9033,0.9091
AVRO,RandomForest,Oversampling,None,3,2,0.9000,0.8182,0.8571,0.9282,0.8486,0.9091
AVRO,RandomForest,Oversampling,None,3,3,0.7500,0.9000,0.8182,0.9848,0.8067,1.0000
AVRO,RandomForest,Oversampling,None,3,4,0.6154,0.7273,0.6667,0.9209,0.6436,0.8182
AVRO,RandomForest,Oversampling,None,3,5,0.8182,0.8182,0.8182,0.9911,0.8066,1.0000
AVRO,RandomForest,Oversampling,None,3,6,0.5882,0.9091,0.7143,0.9272,0.6919,0.9091
AVRO,RandomForest,Oversampling,None,3,7,0.7143,0.9091,0.8000,0.9687,0.7856,0.9091
AVRO,RandomForest,Oversampling,None,3,8,1.0000,0.9091,0.9524,0.9900,0.9495,0.9091
AVRO,RandomForest,Oversampling,None,3,9,0.8182,0.8182,0.8182,0.9327,0.8066,0.9091
AVRO,RandomForest,Oversampling,None,3,10,0.7500,0.8182,0.7826,0.9848,0.7681,1.0000
AVRO,RandomForest,Oversampling,None,4,1,0.9091,0.9091,0.9091,0.9760,0.9033,0.9091
AVRO,RandomForest,Oversampling,None,4,2,0.7143,0.9091,0.8000,0.9734,0.7857,0.9005
AVRO,RandomForest,Oversampling,None,4,3,0.8571,0.6000,0.7059,0.9155,0.6921,0.9000
AVRO,RandomForest,Oversampling,None,4,4,0.8333,0.4545,0.5882,0.8531,0.5701,0.7273
AVRO,RandomForest,Oversampling,None,4,5,0.7500,0.8182,0.7826,0.9808,0.7681,0.9091
AVRO,RandomForest,Oversampling,None,4,6,0.7857,1.0000,0.8800,0.9898,0.8714,1.0000
AVRO,RandomForest,Oversampling,None,4,7,0.7778,0.6364,0.7000,0.8781,0.6829,0.8182
AVRO,RandomForest,Oversampling,None,4,8,0.7333,1.0000,0.8462,0.9919,0.8348,1.0000
AVRO,RandomForest,Oversampling,None,4,9,0.5333,0.7273,0.6154,0.9572,0.5869,0.9091
AVRO,RandomForest,Oversampling,None,4,10,0.7857,1.0000,0.8800,0.9866,0.8714,1.0000
AVRO,RandomForest,Oversampling,None,5,1,0.9000,0.8182,0.8571,0.9916,0.8486,0.9826
AVRO,RandomForest,Oversampling,None,5,2,0.6875,1.0000,0.8148,0.9830,0.8008,1.0000
AVRO,RandomForest,Oversampling,None,5,3,0.7273,0.8000,0.7619,0.9856,0.7475,1.0000
AVRO,RandomForest,Oversampling,None,5,4,0.9000,0.8182,0.8571,0.9866,0.8485,1.0000
AVRO,RandomForest,Oversampling,None,5,5,0.7500,0.8182,0.7826,0.9185,0.7681,0.8182
AVRO,RandomForest,Oversampling,None,5,6,0.9091,0.9091,0.9091,0.9940,0.9033,1.0000
AVRO,RandomForest,Oversampling,None,5,7,0.6667,0.9091,0.7692,0.9372,0.7521,0.9091
AVRO,RandomForest,Oversampling,None,5,8,0.7500,0.8182,0.7826,0.9325,0.7681,0.9091
AVRO,RandomForest,Oversampling,None,5,9,0.6429,0.8182,0.7200,0.9587,0.6999,0.9031
AVRO,RandomForest,Oversampling,None,5,10,0.8889,0.7273,0.8000,0.8644,0.7886,0.7273
AVRO,RandomForest,Oversampling,None,6,1,0.8889,0.7273,0.8000,0.9788,0.7887,0.9091
AVRO,RandomForest,Oversampling,None,6,2,0.8333,0.9091,0.8696,0.9383,0.8609,0.9091
AVRO,RandomForest,Oversampling,None,6,3,0.7143,0.5000,0.5882,0.9172,0.5689,0.8000
AVRO,RandomForest,Oversampling,None,6,4,0.7500,0.8182,0.7826,0.9225,0.7681,0.8182
AVRO,RandomForest,Oversampling,None,6,5,0.8182,0.8182,0.8182,0.9580,0.8066,0.8182
AVRO,RandomForest,Oversampling,None,6,6,0.6667,0.7273,0.6957,0.9175,0.6754,0.7273
AVRO,RandomForest,Oversampling,None,6,7,0.7692,0.9091,0.8333,0.9926,0.8218,0.9792
AVRO,RandomForest,Oversampling,None,6,8,0.5833,0.6364,0.6087,0.8466,0.5827,0.8182
AVRO,RandomForest,Oversampling,None,6,9,0.6250,0.9091,0.7407,0.9832,0.7210,1.0000
AVRO,RandomForest,Oversampling,None,6,10,0.6429,0.8182,0.7200,0.9798,0.6999,1.0000
AVRO,RandomForest,Oversampling,None,7,1,1.0000,0.9091,0.9524,0.9984,0.9495,1.0000
AVRO,RandomForest,Oversampling,None,7,2,0.6667,0.7273,0.6957,0.9475,0.6755,0.8182
AVRO,RandomForest,Oversampling,None,7,3,0.8000,0.8000,0.8000,0.9267,0.7885,0.9000
AVRO,RandomForest,Oversampling,None,7,4,0.6667,0.7273,0.6957,0.9280,0.6754,0.7273
AVRO,RandomForest,Oversampling,None,7,5,0.7692,0.9091,0.8333,0.9900,0.8218,0.9091
AVRO,RandomForest,Oversampling,None,7,6,0.7273,0.7273,0.7273,0.9319,0.7099,0.9091
AVRO,RandomForest,Oversampling,None,7,7,0.7500,0.8182,0.7826,0.9325,0.7681,0.8700
AVRO,RandomForest,Oversampling,None,7,8,0.6250,0.9091,0.7407,0.9656,0.7210,0.9091
AVRO,RandomForest,Oversampling,None,7,9,0.9000,0.8182,0.8571,0.9270,0.8485,0.8182
AVRO,RandomForest,Oversampling,None,7,10,0.6667,0.9091,0.7692,0.9821,0.7521,1.0000
AVRO,RandomForest,Oversampling,None,8,1,0.8182,0.8182,0.8182,0.9867,0.8067,0.9091
AVRO,RandomForest,Oversampling,None,8,2,0.9167,1.0000,0.9565,0.9963,0.9536,1.0000
AVRO,RandomForest,Oversampling,None,8,3,0.7778,0.7000,0.7368,0.9641,0.7226,0.8000
AVRO,RandomForest,Oversampling,None,8,4,0.6154,0.7273,0.6667,0.8592,0.6436,0.7273
AVRO,RandomForest,Oversampling,None,8,5,0.6667,0.7273,0.6957,0.8605,0.6754,0.8182
AVRO,RandomForest,Oversampling,None,8,6,0.7000,0.6364,0.6667,0.9601,0.6465,0.8182
AVRO,RandomForest,Oversampling,None,8,7,0.6250,0.9091,0.7407,0.9750,0.7210,1.0000
AVRO,RandomForest,Oversampling,None,8,8,0.8462,1.0000,0.9167,0.9926,0.9109,1.0000
AVRO,RandomForest,Oversampling,None,8,9,0.9091,0.9091,0.9091,0.9800,0.9033,0.9091
AVRO,RandomForest,Oversampling,None,8,10,0.7333,1.0000,0.8462,0.9955,0.8348,1.0000
AVRO,RandomForest,Oversampling,None,9,1,0.7500,0.8182,0.7826,0.9308,0.7682,0.9091
AVRO,RandomForest,Oversampling,None,9,2,0.9091,0.9091,0.9091,0.9397,0.9033,0.9091
AVRO,RandomForest,Oversampling,None,9,3,0.7143,1.0000,0.8333,0.9862,0.8221,1.0000
AVRO,RandomForest,Oversampling,None,9,4,0.6429,0.8182,0.7200,0.9858,0.6999,1.0000
AVRO,RandomForest,Oversampling,None,9,5,0.7500,0.8182,0.7826,0.9017,0.7681,0.8182
AVRO,RandomForest,Oversampling,None,9,6,0.6667,0.7273,0.6957,0.9159,0.6754,0.7273
AVRO,RandomForest,Oversampling,None,9,7,0.9091,0.9091,0.9091,0.9764,0.9033,0.9091
AVRO,RandomForest,Oversampling,None,9,8,0.7778,0.6364,0.7000,0.9288,0.6829,0.9091
AVRO,RandomForest,Oversampling,None,9,9,0.7143,0.9091,0.8000,0.9333,0.7856,0.9091
AVRO,RandomForest,Oversampling,None,9,10,0.8182,0.8182,0.8182,0.9643,0.8066,0.8182
AVRO,RandomForest,Oversampling,None,10,1,0.7857,1.0000,0.8800,0.9937,0.8714,1.0000
AVRO,RandomForest,Oversampling,None,10,2,0.7692,0.9091,0.8333,0.9321,0.8219,0.9091
AVRO,RandomForest,Oversampling,None,10,3,0.6000,0.9000,0.7200,0.9810,0.7005,1.0000
AVRO,RandomForest,Oversampling,None,10,4,0.8333,0.9091,0.8696,0.9869,0.8609,0.9091
AVRO,RandomForest,Oversampling,None,10,5,0.7778,0.6364,0.7000,0.8198,0.6829,0.6364
AVRO,RandomForest,Oversampling,None,10,6,0.8462,1.0000,0.9167,0.9963,0.9109,1.0000
AVRO,RandomForest,Oversampling,None,10,7,0.8182,0.8182,0.8182,0.9795,0.8066,0.8182
AVRO,RandomForest,Oversampling,None,10,8,0.7273,0.7273,0.7273,0.9217,0.7099,0.8182
AVRO,RandomForest,Oversampling,None,10,9,0.6923,0.8182,0.7500,0.9122,0.7327,0.8182
AVRO,RandomForest,Oversampling,None,10,10,0.5556,0.9091,0.6897,0.9787,0.6648,0.9407
AVRO,RandomForest,SMOTE,None,1,1,0.8333,0.9091,0.8696,0.9843,0.8609,0.9091
AVRO,RandomForest,SMOTE,None,1,2,0.7778,0.6364,0.7000,0.9188,0.6830,0.8182
AVRO,RandomForest,SMOTE,None,1,3,0.7143,1.0000,0.8333,0.9971,0.8221,1.0000
AVRO,RandomForest,SMOTE,None,1,4,0.7500,0.5455,0.6316,0.9743,0.6120,1.0000
AVRO,RandomForest,SMOTE,None,1,5,0.6667,0.9091,0.7692,0.9869,0.7521,0.9091
AVRO,RandomForest,SMOTE,None,1,6,0.8000,0.7273,0.7619,0.9942,0.7475,0.9843
AVRO,RandomForest,SMOTE,None,1,7,1.0000,0.4545,0.6250,0.9543,0.6104,0.6364
AVRO,RandomForest,SMOTE,None,1,8,1.0000,0.9091,0.9524,0.9955,0.9495,0.9452
AVRO,RandomForest,SMOTE,None,1,9,0.7000,0.6364,0.6667,0.9635,0.6465,0.9091
AVRO,RandomForest,SMOTE,None,1,10,0.6667,0.9091,0.7692,0.9301,0.7521,0.9091
AVRO,RandomForest,SMOTE,None,2,1,0.8889,0.7273,0.8000,0.9804,0.7887,0.9091
AVRO,RandomForest,SMOTE,None,2,2,0.6667,0.7273,0.6957,0.9538,0.6755,0.7273
AVRO,RandomForest,SMOTE,None,2,3,0.8182,0.9000,0.8571,0.9948,0.8485,1.0000
AVRO,RandomForest,SMOTE,None,2,4,0.8889,0.7273,0.8000,0.8781,0.7886,0.8182
AVRO,RandomForest,SMOTE,None,2,5,0.8000,0.7273,0.7619,0.9919,0.7475,1.0000
AVRO,RandomForest,SMOTE,None,2,6,0.8462,1.0000,0.9167,0.9995,0.9109,1.0000
AVRO,RandomForest,SMOTE,None,2,7,0.7143,0.9091,0.8000,0.9761,0.7856,0.9091
AVRO,RandomForest,SMOTE,None,2,8,0.8182,0.8182,0.8182,0.9319,0.8066,0.9091
AVRO,RandomForest,SMOTE,None,2,9,0.8000,0.7273,0.7619,0.9777,0.7475,1.0000
AVRO,RandomForest,SMOTE,None,2,10,0.8000,0.7273,0.7619,0.9811,0.7475,0.8774
AVRO,RandomForest,SMOTE,None,3,1,0.8333,0.9091,0.8696,0.9720,0.8609,0.9091
AVRO,RandomForest,SMOTE,None,3,2,0.6667,0.7273,0.6957,0.8788,0.6755,0.8182
AVRO,RandomForest,SMOTE,None,3,3,0.7500,0.9000,0.8182,0.9871,0.8067,1.0000
AVRO,RandomForest,SMOTE,None,3,4,0.8000,0.7273,0.7619,0.9220,0.7475,0.8182
AVRO,RandomForest,SMOTE,None,3,5,0.7273,0.7273,0.7273,0.9919,0.7099,1.0000
AVRO,RandomForest,SMOTE,None,3,6,0.8333,0.9091,0.8696,0.9792,0.8609,0.9091
AVRO,RandomForest,SMOTE,None,3,7,0.6154,0.7273,0.6667,0.9714,0.6436,0.9091
AVRO,RandomForest,SMOTE,None,3,8,1.0000,0.9091,0.9524,0.9785,0.9495,0.9091
AVRO,RandomForest,SMOTE,None,3,9,0.8000,0.7273,0.7619,0.9574,0.7475,0.8182
AVRO,RandomForest,SMOTE,None,3,10,0.8182,0.8182,0.8182,0.9921,0.8066,1.0000
AVRO,RandomForest,SMOTE,None,4,1,0.8333,0.9091,0.8696,0.9720,0.8609,0.9091
AVRO,RandomForest,SMOTE,None,4,2,0.7143,0.9091,0.8000,0.9788,0.7857,0.9091
AVRO,RandomForest,SMOTE,None,4,3,1.0000,0.6000,0.7500,0.9124,0.7394,0.9000
AVRO,RandomForest,SMOTE,None,4,4,0.7143,0.4545,0.5556,0.9472,0.5339,0.7273
AVRO,RandomForest,SMOTE,None,4,5,0.8182,0.8182,0.8182,0.9911,0.8066,1.0000
AVRO,RandomForest,SMOTE,None,4,6,0.7692,0.9091,0.8333,0.9932,0.8218,1.0000
AVRO,RandomForest,SMOTE,None,4,7,0.6667,0.5455,0.6000,0.9498,0.5773,0.9091
AVRO,RandomForest,SMOTE,None,4,8,0.6875,1.0000,0.8148,0.9976,0.8007,1.0000
AVRO,RandomForest,SMOTE,None,4,9,0.7143,0.9091,0.8000,0.9703,0.7856,0.9556
AVRO,RandomForest,SMOTE,None,4,10,0.8462,1.0000,0.9167,0.9979,0.9109,1.0000
AVRO,RandomForest,SMOTE,None,5,1,1.0000,0.8182,0.9000,0.9948,0.8943,1.0000
AVRO,RandomForest,SMOTE,None,5,2,0.6471,1.0000,0.7857,0.9916,0.7690,1.0000
AVRO,RandomForest,SMOTE,None,5,3,0.7500,0.9000,0.8182,0.9905,0.8067,1.0000
AVRO,RandomForest,SMOTE,None,5,4,1.0000,0.8182,0.9000,0.9882,0.8943,1.0000
AVRO,RandomForest,SMOTE,None,5,5,0.7500,0.8182,0.7826,0.9532,0.7681,0.8182
AVRO,RandomForest,SMOTE,None,5,6,0.9000,0.8182,0.8571,0.9911,0.8485,1.0000
AVRO,RandomForest,SMOTE,None,5,7,0.6429,0.8182,0.7200,0.9735,0.6999,0.9091
AVRO,RandomForest,SMOTE,None,5,8,0.8000,0.7273,0.7619,0.9630,0.7475,0.8182
AVRO,RandomForest,SMOTE,None,5,9,0.6154,0.7273,0.6667,0.9574,0.6436,0.7619
AVRO,RandomForest,SMOTE,None,5,10,0.8750,0.6364,0.7368,0.8673,0.7229,0.7273
AVRO,RandomForest,SMOTE,None,6,1,0.8182,0.8182,0.8182,0.9804,0.8067,0.9091
AVRO,RandomForest,SMOTE,None,6,2,0.9000,0.8182,0.8571,0.9373,0.8486,0.9091
AVRO,RandomForest,SMOTE,None,6,3,0.5556,0.5000,0.5263,0.9569,0.5006,0.9000
AVRO,RandomForest,SMOTE,None,6,4,0.6429,0.8182,0.7200,0.9721,0.6999,1.0000
AVRO,RandomForest,SMOTE,None,6,5,0.9000,0.8182,0.8571,0.9890,0.8485,0.9091
AVRO,RandomForest,SMOTE,None,6,6,0.6154,0.7273,0.6667,0.9564,0.6436,0.7273
AVRO,RandomForest,SMOTE,None,6,7,0.8333,0.9091,0.8696,0.9979,0.8609,1.0000
AVRO,RandomForest,SMOTE,None,6,8,0.6250,0.4545,0.5263,0.9472,0.5012,0.8855
AVRO,RandomForest,SMOTE,None,6,9,0.7143,0.9091,0.8000,0.9354,0.7856,0.9091
AVRO,RandomForest,SMOTE,None,6,10,0.7500,0.8182,0.7826,0.9890,0.7681,1.0000
AVRO,RandomForest,SMOTE,None,7,1,0.9000,0.8182,0.8571,0.9958,0.8486,1.0000
AVRO,RandomForest,SMOTE,None,7,2,0.8000,0.7273,0.7619,0.9770,0.7476,0.8182
AVRO,RandomForest,SMOTE,None,7,3,0.8000,0.8000,0.8000,0.9244,0.7885,0.9000
AVRO,RandomForest,SMOTE,None,7,4,0.8000,0.7273,0.7619,0.9503,0.7475,0.8182
AVRO,RandomForest,SMOTE,None,7,5,0.7692,0.9091,0.8333,0.9926,0.8218,0.9091
AVRO,RandomForest,SMOTE,None,7,6,0.8889,0.7273,0.8000,0.9653,0.7886,0.9091
AVRO,RandomForest,SMOTE,None,7,7,0.7500,0.8182,0.7826,0.9808,0.7681,0.8182
AVRO,RandomForest,SMOTE,None,7,8,0.6667,0.9091,0.7692,0.9753,0.7521,0.9091
AVRO,RandomForest,SMOTE,None,7,9,0.8000,0.7273,0.7619,0.9750,0.7475,1.0000
AVRO,RandomForest,SMOTE,None,7,10,0.6250,0.9091,0.7407,0.9821,0.7210,1.0000
AVRO,RandomForest,SMOTE,None,8,1,0.7778,0.6364,0.7000,0.9710,0.6830,0.9091
AVRO,RandomForest,SMOTE,None,8,2,0.7143,0.9091,0.8000,0.9979,0.7857,1.0000
AVRO,RandomForest,SMOTE,None,8,3,0.8000,0.8000,0.8000,0.9796,0.7885,0.9000
AVRO,RandomForest,SMOTE,None,8,4,0.8000,0.7273,0.7619,0.9151,0.7475,0.7273
AVRO,RandomForest,SMOTE,None,8,5,0.7273,0.7273,0.7273,0.8886,0.7099,0.7273
AVRO,RandomForest,SMOTE,None,8,6,0.6000,0.5455,0.5714,0.9503,0.5456,0.7663
AVRO,RandomForest,SMOTE,None,8,7,0.7143,0.9091,0.8000,0.9706,0.7856,0.9091
AVRO,RandomForest,SMOTE,None,8,8,0.7692,0.9091,0.8333,0.9974,0.8218,1.0000
AVRO,RandomForest,SMOTE,None,8,9,0.9091,0.9091,0.9091,0.9984,0.9033,1.0000
AVRO,RandomForest,SMOTE,None,8,10,0.8462,1.0000,0.9167,0.9989,0.9109,1.0000
AVRO,RandomForest,SMOTE,None,9,1,0.6154,0.7273,0.6667,0.9195,0.6437,0.8182
AVRO,RandomForest,SMOTE,None,9,2,1.0000,0.8182,0.9000,0.9882,0.8943,0.9091
AVRO,RandomForest,SMOTE,None,9,3,0.7143,1.0000,0.8333,0.9922,0.8221,1.0000
AVRO,RandomForest,SMOTE,None,9,4,0.6667,0.9091,0.7692,0.9958,0.7521,1.0000
AVRO,RandomForest,SMOTE,None,9,5,0.6429,0.8182,0.7200,0.9285,0.6999,0.9091
AVRO,RandomForest,SMOTE,None,9,6,0.8000,0.7273,0.7619,0.9519,0.7475,0.8182
AVRO,RandomForest,SMOTE,None,9,7,0.9000,0.8182,0.8571,0.9735,0.8485,0.9091
AVRO,RandomForest,SMOTE,None,9,8,0.7273,0.7273,0.7273,0.9745,0.7099,0.9091
AVRO,RandomForest,SMOTE,None,9,9,0.7692,0.9091,0.8333,0.9716,0.8218,0.9091
AVRO,RandomForest,SMOTE,None,9,10,0.8889,0.7273,0.8000,0.9222,0.7886,0.7273
AVRO,RandomForest,SMOTE,None,10,1,0.7692,0.9091,0.8333,0.9922,0.8219,0.9091
AVRO,RandomForest,SMOTE,None,10,2,0.7143,0.9091,0.8000,0.9830,0.7857,0.9091
AVRO,RandomForest,SMOTE,None,10,3,0.6923,0.9000,0.7826,0.9925,0.7684,0.9231
AVRO,RandomForest,SMOTE,None,10,4,1.0000,0.7273,0.8421,0.9732,0.8337,0.9091
AVRO,RandomForest,SMOTE,None,10,5,0.8750,0.6364,0.7368,0.9593,0.7229,0.9091
AVRO,RandomForest,SMOTE,None,10,6,0.8462,1.0000,0.9167,0.9968,0.9109,1.0000
AVRO,RandomForest,SMOTE,None,10,7,0.8889,0.7273,0.8000,0.9769,0.7886,0.9091
AVRO,RandomForest,SMOTE,None,10,8,0.8182,0.8182,0.8182,0.9771,0.8066,0.9091
AVRO,RandomForest,SMOTE,None,10,9,0.6923,0.8182,0.7500,0.9191,0.7327,0.8182
AVRO,RandomForest,SMOTE,None,10,10,0.6429,0.8182,0.7200,0.9811,0.6999,0.9091
AVRO,RandomForest,None,InfoGain,1,1,0.9091,0.9091,0.9091,0.9449,0.9033,0.9091
AVRO,RandomForest,None,InfoGain,1,2,0.7778,0.6364,0.7000,0.7748,0.6830,0.6364
AVRO,RandomForest,None,InfoGain,1,3,0.7500,0.9000,0.8182,0.9971,0.8067,1.0000
AVRO,RandomForest,None,InfoGain,1,4,0.8333,0.4545,0.5882,0.9230,0.5701,0.9091
AVRO,RandomForest,None,InfoGain,1,5,0.7500,0.8182,0.7826,0.9911,0.7681,0.9091
AVRO,RandomForest,None,InfoGain,1,6,0.8750,0.6364,0.7368,0.9958,0.7229,1.0000
AVRO,RandomForest,None,InfoGain,1,7,1.0000,0.4545,0.6250,0.9687,0.6104,0.9091
AVRO,RandomForest,None,InfoGain,1,8,1.0000,0.8182,0.9000,1.0000,0.8943,1.0000
AVRO,RandomForest,None,InfoGain,1,9,0.7778,0.6364,0.7000,0.8329,0.6829,0.7273
AVRO,RandomForest,None,InfoGain,1,10,0.6250,0.9091,0.7407,0.9409,0.7210,0.9091
AVRO,RandomForest,None,InfoGain,2,1,0.8750,0.6364,0.7368,0.9736,0.7230,0.9091
AVRO,RandomForest,None,InfoGain,2,2,0.7273,0.7273,0.7273,0.8851,0.7100,0.8182
AVRO,RandomForest,None,InfoGain,2,3,0.9000,0.9000,0.9000,0.9960,0.8943,1.0000
AVRO,RandomForest,None,InfoGain,2,4,1.0000,0.6364,0.7778,0.8917,0.7669,0.8182
AVRO,RandomForest,None,InfoGain,2,5,0.8182,0.8182,0.8182,0.9792,0.8066,0.9091
AVRO,RandomForest,None,InfoGain,2,6,0.9167,1.0000,0.9565,1.0000,0.9536,1.0000
AVRO,RandomForest,None,InfoGain,2,7,0.6923,0.8182,0.7500,0.9740,0.7327,0.9091
AVRO,RandomForest,None,InfoGain,2,8,0.8000,0.7273,0.7619,0.9367,0.7475,0.9091
AVRO,RandomForest,None,InfoGain,2,9,1.0000,0.7273,0.8421,0.9764,0.8337,1.0000
AVRO,RandomForest,None,InfoGain,2,10,1.0000,0.6364,0.7778,0.9832,0.7669,0.9627
AVRO,RandomForest,None,InfoGain,3,1,0.8889,0.7273,0.8000,0.9433,0.7887,0.9091
AVRO,RandomForest,None,InfoGain,3,2,0.9000,0.8182,0.8571,0.9188,0.8486,0.8182
AVRO,RandomForest,None,InfoGain,3,3,0.9000,0.9000,0.9000,0.9842,0.8943,0.9000
AVRO,RandomForest,None,InfoGain,3,4,0.8000,0.7273,0.7619,0.9317,0.7475,0.8182
AVRO,RandomForest,None,InfoGain,3,5,0.7778,0.6364,0.7000,0.9892,0.6829,1.0000
AVRO,RandomForest,None,InfoGain,3,6,1.0000,0.8182,0.9000,0.9853,0.8943,0.9091
AVRO,RandomForest,None,InfoGain,3,7,0.8000,0.7273,0.7619,0.9375,0.7475,0.9091
AVRO,RandomForest,None,InfoGain,3,8,1.0000,0.8182,0.9000,0.9435,0.8943,0.9091
AVRO,RandomForest,None,InfoGain,3,9,0.8000,0.7273,0.7619,0.9764,0.7475,0.8706
AVRO,RandomForest,None,InfoGain,3,10,0.8182,0.8182,0.8182,0.9926,0.8066,1.0000
AVRO,RandomForest,None,InfoGain,4,1,0.8182,0.8182,0.8182,0.9869,0.8067,0.9091
AVRO,RandomForest,None,InfoGain,4,2,0.7500,0.8182,0.7826,0.9431,0.7682,0.9091
AVRO,RandomForest,None,InfoGain,4,3,1.0000,0.6000,0.7500,0.9221,0.7394,0.8000
AVRO,RandomForest,None,InfoGain,4,4,1.0000,0.3636,0.5333,0.9598,0.5180,0.9091
AVRO,RandomForest,None,InfoGain,4,5,0.9000,0.8182,0.8571,0.9837,0.8485,0.9091
AVRO,RandomForest,None,InfoGain,4,6,0.7692,0.9091,0.8333,0.9963,0.8218,1.0000
AVRO,RandomForest,None,InfoGain,4,7,1.0000,0.5455,0.7059,0.9143,0.6929,0.8182
AVRO,RandomForest,None,InfoGain,4,8,0.9091,0.9091,0.9091,0.9992,0.9033,1.0000
AVRO,RandomForest,None,InfoGain,4,9,0.7273,0.7273,0.7273,0.9356,0.7099,0.9091
AVRO,RandomForest,None,InfoGain,4,10,0.8333,0.9091,0.8696,0.9937,0.8609,1.0000
AVRO,RandomForest,None,InfoGain,5,1,1.0000,0.8182,0.9000,0.9911,0.8943,1.0000
AVRO,RandomForest,None,InfoGain,5,2,0.6667,0.9091,0.7692,0.9943,0.7522,1.0000
AVRO,RandomForest,None,InfoGain,5,3,0.8889,0.8000,0.8421,0.9925,0.8335,1.0000
AVRO,RandomForest,None,InfoGain,5,4,1.0000,0.7273,0.8421,0.9401,0.8337,0.9091
AVRO,RandomForest,None,InfoGain,5,5,0.8182,0.8182,0.8182,0.9319,0.8066,0.8182
AVRO,RandomForest,None,InfoGain,5,6,0.8182,0.8182,0.8182,0.9947,0.8066,1.0000
AVRO,RandomForest,None,InfoGain,5,7,0.9000,0.8182,0.8571,0.9417,0.8485,0.9091
AVRO,RandomForest,None,InfoGain,5,8,0.8000,0.7273,0.7619,0.9220,0.7475,0.9091
AVRO,RandomForest,None,InfoGain,5,9,0.7778,0.6364,0.7000,0.9296,0.6829,0.8182
AVRO,RandomForest,None,InfoGain,5,10,0.8571,0.5455,0.6667,0.9157,0.6504,0.7273
AVRO,RandomForest,None,InfoGain,6,1,0.8889,0.7273,0.8000,0.9864,0.7887,1.0000
AVRO,RandomForest,None,InfoGain,6,2,0.9000,0.8182,0.8571,0.9807,0.8486,0.9091
AVRO,RandomForest,None,InfoGain,6,3,0.8333,0.5000,0.6250,0.9098,0.6091,0.8000
AVRO,RandomForest,None,InfoGain,6,4,0.7778,0.6364,0.7000,0.9199,0.6829,0.8182
AVRO,RandomForest,None,InfoGain,6,5,0.8182,0.8182,0.8182,0.9795,0.8066,0.9091
AVRO,RandomForest,None,InfoGain,6,6,0.8000,0.7273,0.7619,0.9745,0.7475,0.8182
AVRO,RandomForest,None,InfoGain,6,7,0.9091,0.9091,0.9091,0.9984,0.9033,1.0000
AVRO,RandomForest,None,InfoGain,6,8,0.7143,0.4545,0.5556,0.9601,0.5339,0.9091
AVRO,RandomForest,None,InfoGain,6,9,0.6923,0.8182,0.7500,0.9398,0.7327,0.9091
AVRO,RandomForest,None,InfoGain,6,10,0.9000,0.8182,0.8571,0.9855,0.8485,1.0000
AVRO,RandomForest,None,InfoGain,7,1,0.9000,0.8182,0.8571,0.9990,0.8486,1.0000
AVRO,RandomForest,None,InfoGain,7,2,0.7778,0.6364,0.7000,0.9702,0.6830,0.7568
AVRO,RandomForest,None,InfoGain,7,3,0.8000,0.8000,0.8000,0.9302,0.7885,0.9000
AVRO,RandomForest,None,InfoGain,7,4,0.7778,0.6364,0.7000,0.8731,0.6829,0.7273
AVRO,RandomForest,None,InfoGain,7,5,0.9091,0.9091,0.9091,0.9947,0.9033,0.9091
AVRO,RandomForest,None,InfoGain,7,6,1.0000,0.7273,0.8421,0.9327,0.8337,0.9091
AVRO,RandomForest,None,InfoGain,7,7,0.8182,0.8182,0.8182,0.9390,0.8066,0.8182
AVRO,RandomForest,None,InfoGain,7,8,0.7692,0.9091,0.8333,0.9895,0.8218,0.9091
AVRO,RandomForest,None,InfoGain,7,9,1.0000,0.6364,0.7778,0.9737,0.7669,1.0000
AVRO,RandomForest,None,InfoGain,7,10,0.8182,0.8182,0.8182,0.9769,0.8066,1.0000
AVRO,RandomForest,None,InfoGain,8,1,1.0000,0.5455,0.7059,0.9279,0.6930,0.8182
AVRO,RandomForest,None,InfoGain,8,2,0.8000,0.7273,0.7619,0.9963,0.7476,1.0000
AVRO,RandomForest,None,InfoGain,8,3,0.8571,0.6000,0.7059,0.9261,0.6921,0.8000
AVRO,RandomForest,None,InfoGain,8,4,0.8000,0.7273,0.7619,0.8308,0.7475,0.7273
AVRO,RandomForest,None,InfoGain,8,5,0.8000,0.7273,0.7619,0.8720,0.7475,0.7273
AVRO,RandomForest,None,InfoGain,8,6,0.8571,0.5455,0.6667,0.9795,0.6504,1.0000
AVRO,RandomForest,None,InfoGain,8,7,0.8333,0.9091,0.8696,0.9798,0.8609,0.9091
AVRO,RandomForest,None,InfoGain,8,8,0.9167,1.0000,0.9565,0.9984,0.9536,1.0000
AVRO,RandomForest,None,InfoGain,8,9,0.9000,0.8182,0.8571,0.9947,0.8485,1.0000
AVRO,RandomForest,None,InfoGain,8,10,0.9167,1.0000,0.9565,0.9995,0.9536,1.0000
AVRO,RandomForest,None,InfoGain,9,1,0.8750,0.6364,0.7368,0.9235,0.7230,0.8182
AVRO,RandomForest,None,InfoGain,9,2,1.0000,0.6364,0.7778,0.9924,0.7670,1.0000
AVRO,RandomForest,None,InfoGain,9,3,0.6923,0.9000,0.7826,0.9943,0.7684,1.0000
AVRO,RandomForest,None,InfoGain,9,4,0.9091,0.9091,0.9091,0.9963,0.9033,1.0000
AVRO,RandomForest,None,InfoGain,9,5,0.8000,0.7273,0.7619,0.9695,0.7475,0.9091
AVRO,RandomForest,None,InfoGain,9,6,0.7273,0.7273,0.7273,0.8757,0.7099,0.7273
AVRO,RandomForest,None,InfoGain,9,7,1.0000,0.7273,0.8421,0.9409,0.8337,0.8182
AVRO,RandomForest,None,InfoGain,9,8,0.7778,0.6364,0.7000,0.9325,0.6829,0.8182
AVRO,RandomForest,None,InfoGain,9,9,0.7143,0.9091,0.8000,0.9432,0.7856,0.9091
AVRO,RandomForest,None,InfoGain,9,10,1.0000,0.6364,0.7778,0.9359,0.7669,0.8182
AVRO,RandomForest,None,InfoGain,10,1,1.0000,0.7273,0.8421,0.9943,0.8338,1.0000
AVRO,RandomForest,None,InfoGain,10,2,0.7692,0.9091,0.8333,0.9407,0.8219,0.9091
AVRO,RandomForest,None,InfoGain,10,3,0.7500,0.9000,0.8182,0.9966,0.8067,1.0000
AVRO,RandomForest,None,InfoGain,10,4,1.0000,0.7273,0.8421,0.9829,0.8337,0.9091
AVRO,RandomForest,None,InfoGain,10,5,1.0000,0.6364,0.7778,0.9191,0.7669,0.8182
AVRO,RandomForest,None,InfoGain,10,6,0.9000,0.8182,0.8571,0.9984,0.8485,1.0000
AVRO,RandomForest,None,InfoGain,10,7,1.0000,0.6364,0.7778,0.9372,0.7669,0.9091
AVRO,RandomForest,None,InfoGain,10,8,1.0000,0.6364,0.7778,0.9275,0.7669,0.8182
AVRO,RandomForest,None,InfoGain,10,9,0.8889,0.7273,0.8000,0.8889,0.7886,0.8182
AVRO,RandomForest,None,InfoGain,10,10,0.7273,0.7273,0.7273,0.9816,0.7099,0.9091
AVRO,RandomForest,Undersampling,InfoGain,1,1,0.3333,0.9091,0.4878,0.9639,0.4390,0.7273
AVRO,RandomForest,Undersampling,InfoGain,1,2,0.2800,0.6364,0.3889,0.8861,0.3339,0.4545
AVRO,RandomForest,Undersampling,InfoGain,1,3,0.2381,1.0000,0.3846,0.9836,0.3254,0.6000
AVRO,RandomForest,Undersampling,InfoGain,1,4,0.2564,0.9091,0.4000,0.9025,0.3383,0.8182
AVRO,RandomForest,Undersampling,InfoGain,1,5,0.2500,1.0000,0.4000,0.9664,0.3365,0.8182
AVRO,RandomForest,Undersampling,InfoGain,1,6,0.2778,0.9091,0.4255,0.9432,0.3676,0.6803
AVRO,RandomForest,Undersampling,InfoGain,1,7,0.2619,1.0000,0.4151,0.9514,0.3539,0.4537
AVRO,RandomForest,Undersampling,InfoGain,1,8,0.3846,0.9091,0.5405,0.9819,0.4984,0.7914
AVRO,RandomForest,Undersampling,InfoGain,1,9,0.3333,0.8182,0.4737,0.8731,0.4248,0.8182
AVRO,RandomForest,Undersampling,InfoGain,1,10,0.2564,0.9091,0.4000,0.9335,0.3383,0.6500
AVRO,RandomForest,Undersampling,InfoGain,2,1,0.2500,0.9091,0.3922,0.9339,0.3296,0.7273
AVRO,RandomForest,Undersampling,InfoGain,2,2,0.1905,0.7273,0.3019,0.8592,0.2293,0.3636
AVRO,RandomForest,Undersampling,InfoGain,2,3,0.2439,1.0000,0.3922,0.9672,0.3340,0.7000
AVRO,RandomForest,Undersampling,InfoGain,2,4,0.2647,0.8182,0.4000,0.9220,0.3404,0.7273
AVRO,RandomForest,Undersampling,InfoGain,2,5,0.2750,1.0000,0.4314,0.9637,0.3725,0.5455
AVRO,RandomForest,Undersampling,InfoGain,2,6,0.2444,1.0000,0.3929,0.9974,0.3283,0.6364
AVRO,RandomForest,Undersampling,InfoGain,2,7,0.3056,1.0000,0.4681,0.9690,0.4145,0.9091
AVRO,RandomForest,Undersampling,InfoGain,2,8,0.2813,0.8182,0.4186,0.9241,0.3618,0.5455
AVRO,RandomForest,Undersampling,InfoGain,2,9,0.3448,0.9091,0.5000,0.9482,0.4525,1.0000
AVRO,RandomForest,Undersampling,InfoGain,2,10,0.2941,0.9091,0.4444,0.9719,0.3893,0.6364
AVRO,RandomForest,Undersampling,InfoGain,3,1,0.2500,0.9091,0.3922,0.9323,0.3296,0.7273
AVRO,RandomForest,Undersampling,InfoGain,3,2,0.2368,0.8182,0.3673,0.8955,0.3031,0.8182
AVRO,RandomForest,Undersampling,InfoGain,3,3,0.2273,1.0000,0.3704,0.9741,0.3092,0.9000
AVRO,RandomForest,Undersampling,InfoGain,3,4,0.2439,0.9091,0.3846,0.9009,0.3206,0.5455
AVRO,RandomForest,Undersampling,InfoGain,3,5,0.2444,1.0000,0.3929,0.9724,0.3283,0.7273
AVRO,RandomForest,Undersampling,InfoGain,3,6,0.2326,0.9091,0.3704,0.9606,0.3041,0.7611
AVRO,RandomForest,Undersampling,InfoGain,3,7,0.2381,0.9091,0.3774,0.9530,0.3122,0.6153
AVRO,RandomForest,Undersampling,InfoGain,3,8,0.3226,0.9091,0.4762,0.9417,0.4255,0.5455
AVRO,RandomForest,Undersampling,InfoGain,3,9,0.2439,0.9091,0.3846,0.9648,0.3206,0.4616
AVRO,RandomForest,Undersampling,InfoGain,3,10,0.4762,0.9091,0.6250,0.9848,0.5931,0.8182
AVRO,RandomForest,Undersampling,InfoGain,4,1,0.2750,1.0000,0.4314,0.9903,0.3729,0.6364
AVRO,RandomForest,Undersampling,InfoGain,4,2,0.2778,0.9091,0.4255,0.9530,0.3680,0.3636
AVRO,RandomForest,Undersampling,InfoGain,4,3,0.2353,0.8000,0.3636,0.8859,0.3053,0.5919
AVRO,RandomForest,Undersampling,InfoGain,4,4,0.2593,0.6364,0.3684,0.8868,0.3098,0.6364
AVRO,RandomForest,Undersampling,InfoGain,4,5,0.3846,0.9091,0.5405,0.9519,0.4984,0.9091
AVRO,RandomForest,Undersampling,InfoGain,4,6,0.2558,1.0000,0.4074,0.9929,0.3451,0.6025
AVRO,RandomForest,Undersampling,InfoGain,4,7,0.2500,0.8182,0.3830,0.8994,0.3208,0.6364
AVRO,RandomForest,Undersampling,InfoGain,4,8,0.2895,1.0000,0.4490,0.9721,0.3927,0.9091
AVRO,RandomForest,Undersampling,InfoGain,4,9,0.2500,0.9091,0.3922,0.9162,0.3293,0.8182
AVRO,RandomForest,Undersampling,InfoGain,4,10,0.3793,1.0000,0.5500,0.9782,0.5073,0.5455
AVRO,RandomForest,Undersampling,InfoGain,5,1,0.2391,1.0000,0.3860,0.9901,0.3208,0.6364
AVRO,RandomForest,Undersampling,InfoGain,5,2,0.2558,1.0000,0.4074,0.9796,0.3454,0.8182
AVRO,RandomForest,Undersampling,InfoGain,5,3,0.2857,1.0000,0.4444,0.9770,0.3931,0.7000
AVRO,RandomForest,Undersampling,InfoGain,5,4,0.2439,0.9091,0.3846,0.9569,0.3206,0.8798
AVRO,RandomForest,Undersampling,InfoGain,5,5,0.1837,0.8182,0.3000,0.9249,0.2243,0.6364
AVRO,RandomForest,Undersampling,InfoGain,5,6,0.2895,1.0000,0.4490,0.9792,0.3927,0.6932
AVRO,RandomForest,Undersampling,InfoGain,5,7,0.2381,0.9091,0.3774,0.9640,0.3122,0.7273
AVRO,RandomForest,Undersampling,InfoGain,5,8,0.2857,0.9091,0.4348,0.9333,0.3782,0.5455
AVRO,RandomForest,Undersampling,InfoGain,5,9,0.2083,0.9091,0.3390,0.9002,0.2678,0.5455
AVRO,RandomForest,Undersampling,InfoGain,5,10,0.1860,0.7273,0.2963,0.8400,0.2222,0.3636
AVRO,RandomForest,Undersampling,InfoGain,6,1,0.3333,0.8182,0.4737,0.9561,0.4251,0.8995
AVRO,RandomForest,Undersampling,InfoGain,6,2,0.3030,0.9091,0.4545,0.9444,0.4011,0.3746
AVRO,RandomForest,Undersampling,InfoGain,6,3,0.3077,0.8000,0.4444,0.9250,0.3971,0.8000
AVRO,RandomForest,Undersampling,InfoGain,6,4,0.1724,0.9091,0.2899,0.8870,0.2105,0.5455
AVRO,RandomForest,Undersampling,InfoGain,6,5,0.2821,1.0000,0.4400,0.9679,0.3824,0.6364
AVRO,RandomForest,Undersampling,InfoGain,6,6,0.2000,0.8182,0.3214,0.9107,0.2493,0.3636
AVRO,RandomForest,Undersampling,InfoGain,6,7,0.2619,1.0000,0.4151,0.9887,0.3539,0.7273
AVRO,RandomForest,Undersampling,InfoGain,6,8,0.2500,0.9091,0.3922,0.8967,0.3293,0.8182
AVRO,RandomForest,Undersampling,InfoGain,6,9,0.2083,0.9091,0.3390,0.9417,0.2678,0.5455
AVRO,RandomForest,Undersampling,InfoGain,6,10,0.2571,0.8182,0.3913,0.9196,0.3304,0.4545
AVRO,RandomForest,Undersampling,InfoGain,7,1,0.3333,1.0000,0.5000,0.9815,0.4510,0.7273
AVRO,RandomForest,Undersampling,InfoGain,7,2,0.2632,0.9091,0.4082,0.9073,0.3480,0.6364
AVRO,RandomForest,Undersampling,InfoGain,7,3,0.2647,0.9000,0.4091,0.9569,0.3549,0.5990
AVRO,RandomForest,Undersampling,InfoGain,7,4,0.2500,0.7273,0.3721,0.8403,0.3108,0.5455
AVRO,RandomForest,Undersampling,InfoGain,7,5,0.3667,1.0000,0.5366,0.9895,0.4922,0.5060
AVRO,RandomForest,Undersampling,InfoGain,7,6,0.2381,0.9091,0.3774,0.9453,0.3122,0.7273
AVRO,RandomForest,Undersampling,InfoGain,7,7,0.3030,0.9091,0.4545,0.9364,0.4008,0.3636
AVRO,RandomForest,Undersampling,InfoGain,7,8,0.2683,1.0000,0.4231,0.9819,0.3630,0.8640
AVRO,RandomForest,Undersampling,InfoGain,7,9,0.2000,0.9091,0.3279,0.9070,0.2548,0.5455
AVRO,RandomForest,Undersampling,InfoGain,7,10,0.2564,0.9091,0.4000,0.9598,0.3383,0.9091
AVRO,RandomForest,Undersampling,InfoGain,8,1,0.2632,0.9091,0.4082,0.9551,0.3480,0.7273
AVRO,RandomForest,Undersampling,InfoGain,8,2,0.3438,1.0000,0.5116,0.9880,0.4642,0.7011
AVRO,RandomForest,Undersampling,InfoGain,8,3,0.2727,0.9000,0.4186,0.9420,0.3657,0.6092
AVRO,RandomForest,Undersampling,InfoGain,8,4,0.3103,0.8182,0.4500,0.8678,0.3978,0.4545
AVRO,RandomForest,Undersampling,InfoGain,8,5,0.3636,0.7273,0.4848,0.8597,0.4402,0.6364
AVRO,RandomForest,Undersampling,InfoGain,8,6,0.3448,0.9091,0.5000,0.9388,0.4525,0.7273
AVRO,RandomForest,Undersampling,InfoGain,8,7,0.2857,0.9091,0.4348,0.9369,0.3782,0.7273
AVRO,RandomForest,Undersampling,InfoGain,8,8,0.3235,1.0000,0.4889,0.9813,0.4381,0.6364
AVRO,RandomForest,Undersampling,InfoGain,8,9,0.3056,1.0000,0.4681,0.9932,0.4145,0.6372
AVRO,RandomForest,Undersampling,InfoGain,8,10,0.2683,1.0000,0.4231,0.9735,0.3630,0.8024
AVRO,RandomForest,Undersampling,InfoGain,9,1,0.2174,0.9091,0.3509,0.9621,0.2820,0.8182
AVRO,RandomForest,Undersampling,InfoGain,9,2,0.2750,1.0000,0.4314,0.9723,0.3729,0.7273
AVRO,RandomForest,Undersampling,InfoGain,9,3,0.2857,1.0000,0.4444,0.9882,0.3931,0.7000
AVRO,RandomForest,Undersampling,InfoGain,9,4,0.2340,1.0000,0.3793,0.9743,0.3127,0.8182
AVRO,RandomForest,Undersampling,InfoGain,9,5,0.1923,0.9091,0.3175,0.9446,0.2427,0.4545
AVRO,RandomForest,Undersampling,InfoGain,9,6,0.2581,0.7273,0.3810,0.9204,0.3210,0.6272
AVRO,RandomForest,Undersampling,InfoGain,9,7,0.3448,0.9091,0.5000,0.9419,0.4525,0.8036
AVRO,RandomForest,Undersampling,InfoGain,9,8,0.2727,0.8182,0.4091,0.9054,0.3509,0.6364
AVRO,RandomForest,Undersampling,InfoGain,9,9,0.2778,0.9091,0.4255,0.9645,0.3676,0.9091
AVRO,RandomForest,Undersampling,InfoGain,9,10,0.2941,0.9091,0.4444,0.9430,0.3893,0.5455
AVRO,RandomForest,Undersampling,InfoGain,10,1,0.3235,1.0000,0.4889,0.9639,0.4384,0.7920
AVRO,RandomForest,Undersampling,InfoGain,10,2,0.2174,0.9091,0.3509,0.9496,0.2820,0.6364
AVRO,RandomForest,Undersampling,InfoGain,10,3,0.2381,1.0000,0.3846,0.9822,0.3254,0.6000
AVRO,RandomForest,Undersampling,InfoGain,10,4,0.2778,0.9091,0.4255,0.9440,0.3676,0.5455
AVRO,RandomForest,Undersampling,InfoGain,10,5,0.3889,0.6364,0.4828,0.8944,0.4413,0.7273
AVRO,RandomForest,Undersampling,InfoGain,10,6,0.3235,1.0000,0.4889,0.9974,0.4381,0.8182
AVRO,RandomForest,Undersampling,InfoGain,10,7,0.3448,0.9091,0.5000,0.9795,0.4525,1.0000
AVRO,RandomForest,Undersampling,InfoGain,10,8,0.3571,0.9091,0.5128,0.9362,0.4671,0.6364
AVRO,RandomForest,Undersampling,InfoGain,10,9,0.3000,0.8182,0.4390,0.8833,0.3852,0.4545
AVRO,RandomForest,Undersampling,InfoGain,10,10,0.2500,1.0000,0.4000,0.9769,0.3365,0.6364
AVRO,RandomForest,Oversampling,InfoGain,1,1,0.8333,0.9091,0.8696,0.9804,0.8609,0.9091
AVRO,RandomForest,Oversampling,InfoGain,1,2,0.8750,0.6364,0.7368,0.8615,0.7230,0.8182
AVRO,RandomForest,Oversampling,InfoGain,1,3,0.6250,1.0000,0.7692,0.9888,0.7527,1.0000
AVRO,RandomForest,Oversampling,InfoGain,1,4,0.7778,0.6364,0.7000,0.9193,0.6829,0.9091
AVRO,RandomForest,Oversampling,InfoGain,1,5,0.7500,0.8182,0.7826,0.9658,0.7681,0.9091
AVRO,RandomForest,Oversampling,InfoGain,1,6,0.8889,0.7273,0.8000,0.9898,0.7886,1.0000
AVRO,RandomForest,Oversampling,InfoGain,1,7,0.7778,0.6364,0.7000,0.8807,0.6829,0.6364
AVRO,RandomForest,Oversampling,InfoGain,1,8,1.0000,0.9091,0.9524,0.9989,0.9495,1.0000
AVRO,RandomForest,Oversampling,InfoGain,1,9,0.6364,0.6364,0.6364,0.8568,0.6132,0.8182
AVRO,RandomForest,Oversampling,InfoGain,1,10,0.6250,0.9091,0.7407,0.9270,0.7210,0.9091
AVRO,RandomForest,Oversampling,InfoGain,2,1,0.8000,0.7273,0.7619,0.9869,0.7476,1.0000
AVRO,RandomForest,Oversampling,InfoGain,2,2,0.6154,0.7273,0.6667,0.8966,0.6437,0.7273
AVRO,RandomForest,Oversampling,InfoGain,2,3,0.7500,0.9000,0.8182,0.9851,0.8067,1.0000
AVRO,RandomForest,Oversampling,InfoGain,2,4,1.0000,0.8182,0.9000,0.9343,0.8943,0.8182
AVRO,RandomForest,Oversampling,InfoGain,2,5,0.7692,0.9091,0.8333,0.9341,0.8218,0.9091
AVRO,RandomForest,Oversampling,InfoGain,2,6,0.8462,1.0000,0.9167,0.9937,0.9109,1.0000
AVRO,RandomForest,Oversampling,InfoGain,2,7,0.6667,0.9091,0.7692,0.9832,0.7521,1.0000
AVRO,RandomForest,Oversampling,InfoGain,2,8,0.6667,0.7273,0.6957,0.9272,0.6754,0.9091
AVRO,RandomForest,Oversampling,InfoGain,2,9,0.7500,0.8182,0.7826,0.9874,0.7681,1.0000
AVRO,RandomForest,Oversampling,InfoGain,2,10,1.0000,0.6364,0.7778,0.9850,0.7669,0.9091
AVRO,RandomForest,Oversampling,InfoGain,3,1,0.9091,0.9091,0.9091,0.9389,0.9033,0.9091
AVRO,RandomForest,Oversampling,InfoGain,3,2,0.9000,0.8182,0.8571,0.9673,0.8486,0.8182
AVRO,RandomForest,Oversampling,InfoGain,3,3,0.7500,0.9000,0.8182,0.9310,0.8067,0.9000
AVRO,RandomForest,Oversampling,InfoGain,3,4,0.5833,0.6364,0.6087,0.9217,0.5827,0.8182
AVRO,RandomForest,Oversampling,InfoGain,3,5,0.6923,0.8182,0.7500,0.9858,0.7327,1.0000
AVRO,RandomForest,Oversampling,InfoGain,3,6,0.5882,0.9091,0.7143,0.9651,0.6919,0.9091
AVRO,RandomForest,Oversampling,InfoGain,3,7,0.7143,0.9091,0.8000,0.9327,0.7856,0.9091
AVRO,RandomForest,Oversampling,InfoGain,3,8,1.0000,0.9091,0.9524,0.9911,0.9495,1.0000
AVRO,RandomForest,Oversampling,InfoGain,3,9,0.8182,0.8182,0.8182,0.9708,0.8066,0.9091
AVRO,RandomForest,Oversampling,InfoGain,3,10,0.7500,0.8182,0.7826,0.9853,0.7681,0.9690
AVRO,RandomForest,Oversampling,InfoGain,4,1,0.8333,0.9091,0.8696,0.9804,0.8609,0.9091
AVRO,RandomForest,Oversampling,InfoGain,4,2,0.7143,0.9091,0.8000,0.9634,0.7857,0.8577
AVRO,RandomForest,Oversampling,InfoGain,4,3,1.0000,0.6000,0.7500,0.9126,0.7394,0.8000
AVRO,RandomForest,Oversampling,InfoGain,4,4,0.8333,0.4545,0.5882,0.8941,0.5701,0.6364
AVRO,RandomForest,Oversampling,InfoGain,4,5,0.7500,0.8182,0.7826,0.9750,0.7681,0.9091
AVRO,RandomForest,Oversampling,InfoGain,4,6,0.7692,0.9091,0.8333,0.9898,0.8218,1.0000
AVRO,RandomForest,Oversampling,InfoGain,4,7,0.7500,0.5455,0.6316,0.9117,0.6120,0.8182
AVRO,RandomForest,Oversampling,InfoGain,4,8,0.6875,1.0000,0.8148,0.9919,0.8007,1.0000
AVRO,RandomForest,Oversampling,InfoGain,4,9,0.5714,0.7273,0.6400,0.9196,0.6142,0.9091
AVRO,RandomForest,Oversampling,InfoGain,4,10,0.7333,1.0000,0.8462,0.9866,0.8348,1.0000
AVRO,RandomForest,Oversampling,InfoGain,5,1,0.9000,0.8182,0.8571,0.9880,0.8486,0.9091
AVRO,RandomForest,Oversampling,InfoGain,5,2,0.6471,1.0000,0.7857,0.9830,0.7690,1.0000
AVRO,RandomForest,Oversampling,InfoGain,5,3,0.7273,0.8000,0.7619,0.9848,0.7475,1.0000
AVRO,RandomForest,Oversampling,InfoGain,5,4,0.9000,0.8182,0.8571,0.9404,0.8485,0.9091
AVRO,RandomForest,Oversampling,InfoGain,5,5,0.7500,0.8182,0.7826,0.9154,0.7681,0.8182
AVRO,RandomForest,Oversampling,InfoGain,5,6,0.9091,0.9091,0.9091,0.9950,0.9033,1.0000
AVRO,RandomForest,Oversampling,InfoGain,5,7,0.6667,0.9091,0.7692,0.9367,0.7521,0.9091
AVRO,RandomForest,Oversampling,InfoGain,5,8,0.6429,0.8182,0.7200,0.9685,0.6999,0.9091
AVRO,RandomForest,Oversampling,InfoGain,5,9,0.6429,0.8182,0.7200,0.9264,0.6999,0.9091
AVRO,RandomForest,Oversampling,InfoGain,5,10,0.8000,0.7273,0.7619,0.8607,0.7475,0.7273
AVRO,RandomForest,Oversampling,InfoGain,6,1,0.8889,0.7273,0.8000,0.9909,0.7887,1.0000
AVRO,RandomForest,Oversampling,InfoGain,6,2,0.8182,0.8182,0.8182,0.9357,0.8067,0.9091
AVRO,RandomForest,Oversampling,InfoGain,6,3,0.5556,0.5000,0.5263,0.9103,0.5006,0.8000
AVRO,RandomForest,Oversampling,InfoGain,6,4,0.7500,0.8182,0.7826,0.9522,0.7681,0.9091
AVRO,RandomForest,Oversampling,InfoGain,6,5,0.7500,0.8182,0.7826,0.9564,0.7681,0.8182
AVRO,RandomForest,Oversampling,InfoGain,6,6,0.6154,0.7273,0.6667,0.9235,0.6436,0.8182
AVRO,RandomForest,Oversampling,InfoGain,6,7,0.7692,0.9091,0.8333,0.9937,0.8218,1.0000
AVRO,RandomForest,Oversampling,InfoGain,6,8,0.6364,0.6364,0.6364,0.8544,0.6132,0.8182
AVRO,RandomForest,Oversampling,InfoGain,6,9,0.7143,0.9091,0.8000,0.9737,0.7856,0.9091
AVRO,RandomForest,Oversampling,InfoGain,6,10,0.6923,0.8182,0.7500,0.9766,0.7327,1.0000
AVRO,RandomForest,Oversampling,InfoGain,7,1,0.9091,0.9091,0.9091,0.9979,0.9033,1.0000
AVRO,RandomForest,Oversampling,InfoGain,7,2,0.7273,0.7273,0.7273,0.9431,0.7100,0.8182
AVRO,RandomForest,Oversampling,InfoGain,7,3,0.8000,0.8000,0.8000,0.9730,0.7885,0.9000
AVRO,RandomForest,Oversampling,InfoGain,7,4,0.6667,0.7273,0.6957,0.9319,0.6754,0.7273
AVRO,RandomForest,Oversampling,InfoGain,7,5,0.7692,0.9091,0.8333,0.9911,0.8218,0.9091
AVRO,RandomForest,Oversampling,InfoGain,7,6,0.8000,0.7273,0.7619,0.9298,0.7475,0.8182
AVRO,RandomForest,Oversampling,InfoGain,7,7,0.7500,0.8182,0.7826,0.9711,0.7681,0.8978
AVRO,RandomForest,Oversampling,InfoGain,7,8,0.6250,0.9091,0.7407,0.9745,0.7210,0.9091
AVRO,RandomForest,Oversampling,InfoGain,7,9,0.8182,0.8182,0.8182,0.9346,0.8066,0.9091
AVRO,RandomForest,Oversampling,InfoGain,7,10,0.6667,0.9091,0.7692,0.9777,0.7521,1.0000
AVRO,RandomForest,Oversampling,InfoGain,8,1,0.8750,0.6364,0.7368,0.9838,0.7230,0.9091
AVRO,RandomForest,Oversampling,InfoGain,8,2,0.8333,0.9091,0.8696,0.9950,0.8609,1.0000
AVRO,RandomForest,Oversampling,InfoGain,8,3,0.7778,0.7000,0.7368,0.9147,0.7226,0.7000
AVRO,RandomForest,Oversampling,InfoGain,8,4,0.6667,0.7273,0.6957,0.8996,0.6754,0.7273
AVRO,RandomForest,Oversampling,InfoGain,8,5,0.6667,0.7273,0.6957,0.8720,0.6754,0.8182
AVRO,RandomForest,Oversampling,InfoGain,8,6,0.6667,0.5455,0.6000,0.9745,0.5773,0.9091
AVRO,RandomForest,Oversampling,InfoGain,8,7,0.6250,0.9091,0.7407,0.9375,0.7210,0.9091
AVRO,RandomForest,Oversampling,InfoGain,8,8,0.7857,1.0000,0.8800,0.9926,0.8714,1.0000
AVRO,RandomForest,Oversampling,InfoGain,8,9,0.9091,0.9091,0.9091,0.9837,0.9033,0.9091
AVRO,RandomForest,Oversampling,InfoGain,8,10,0.8462,1.0000,0.9167,0.9966,0.9109,1.0000
AVRO,RandomForest,Oversampling,InfoGain,9,1,0.8000,0.7273,0.7619,0.9292,0.7476,0.8241
AVRO,RandomForest,Oversampling,InfoGain,9,2,0.9091,0.9091,0.9091,0.9410,0.9033,0.9091
AVRO,RandomForest,Oversampling,InfoGain,9,3,0.7143,1.0000,0.8333,0.9862,0.8221,1.0000
AVRO,RandomForest,Oversampling,InfoGain,9,4,0.6429,0.8182,0.7200,0.9863,0.6999,1.0000
AVRO,RandomForest,Oversampling,InfoGain,9,5,0.7273,0.7273,0.7273,0.8988,0.7099,0.8182
AVRO,RandomForest,Oversampling,InfoGain,9,6,0.6667,0.7273,0.6957,0.9406,0.6754,0.7273
AVRO,RandomForest,Oversampling,InfoGain,9,7,0.9091,0.9091,0.9091,0.9419,0.9033,0.9091
AVRO,RandomForest,Oversampling,InfoGain,9,8,0.5833,0.6364,0.6087,0.9272,0.5827,0.9091
AVRO,RandomForest,Oversampling,InfoGain,9,9,0.6667,0.9091,0.7692,0.9343,0.7521,0.9091
AVRO,RandomForest,Oversampling,InfoGain,9,10,0.8182,0.8182,0.8182,0.9356,0.8066,0.9091
AVRO,RandomForest,Oversampling,InfoGain,10,1,0.8333,0.9091,0.8696,0.9943,0.8609,1.0000
AVRO,RandomForest,Oversampling,InfoGain,10,2,0.7692,0.9091,0.8333,0.9297,0.8219,0.9091
AVRO,RandomForest,Oversampling,InfoGain,10,3,0.6429,0.9000,0.7500,0.9851,0.7331,1.0000
AVRO,RandomForest,Oversampling,InfoGain,10,4,0.8000,0.7273,0.7619,0.9890,0.7475,1.0000
AVRO,RandomForest,Oversampling,InfoGain,10,5,0.7778,0.6364,0.7000,0.8673,0.6829,0.6364
AVRO,RandomForest,Oversampling,InfoGain,10,6,0.7692,0.9091,0.8333,0.9953,0.8218,1.0000
AVRO,RandomForest,Oversampling,InfoGain,10,7,0.9000,0.8182,0.8571,0.9743,0.8485,0.9091
AVRO,RandomForest,Oversampling,InfoGain,10,8,0.7273,0.7273,0.7273,0.9622,0.7099,0.8182
AVRO,RandomForest,Oversampling,InfoGain,10,9,0.6923,0.8182,0.7500,0.9212,0.7327,0.8182
AVRO,RandomForest,Oversampling,InfoGain,10,10,0.5556,0.9091,0.6897,0.9790,0.6648,0.9588
AVRO,RandomForest,SMOTE,InfoGain,1,1,0.7692,0.9091,0.8333,0.9768,0.8219,0.9091
AVRO,RandomForest,SMOTE,InfoGain,1,2,0.7000,0.6364,0.6667,0.9519,0.6467,0.7273
AVRO,RandomForest,SMOTE,InfoGain,1,3,0.7143,1.0000,0.8333,0.9977,0.8221,1.0000
AVRO,RandomForest,SMOTE,InfoGain,1,4,0.7778,0.6364,0.7000,0.9764,0.6829,1.0000
AVRO,RandomForest,SMOTE,InfoGain,1,5,0.8333,0.9091,0.8696,0.9882,0.8609,0.9091
AVRO,RandomForest,SMOTE,InfoGain,1,6,0.9091,0.9091,0.9091,0.9953,0.9033,1.0000
AVRO,RandomForest,SMOTE,InfoGain,1,7,1.0000,0.5455,0.7059,0.9023,0.6929,0.6559
AVRO,RandomForest,SMOTE,InfoGain,1,8,1.0000,0.9091,0.9524,0.9995,0.9495,1.0000
AVRO,RandomForest,SMOTE,InfoGain,1,9,0.7000,0.6364,0.6667,0.9128,0.6465,0.8182
AVRO,RandomForest,SMOTE,InfoGain,1,10,0.5882,0.9091,0.7143,0.9362,0.6919,0.9091
AVRO,RandomForest,SMOTE,InfoGain,2,1,0.8889,0.7273,0.8000,0.9862,0.7887,0.9865
AVRO,RandomForest,SMOTE,InfoGain,2,2,0.6154,0.7273,0.6667,0.8757,0.6437,0.7273
AVRO,RandomForest,SMOTE,InfoGain,2,3,0.6429,0.9000,0.7500,0.9937,0.7331,1.0000
AVRO,RandomForest,SMOTE,InfoGain,2,4,1.0000,0.8182,0.9000,0.8786,0.8943,0.8182
AVRO,RandomForest,SMOTE,InfoGain,2,5,0.7143,0.9091,0.8000,0.9908,0.7856,1.0000
AVRO,RandomForest,SMOTE,InfoGain,2,6,0.9167,1.0000,0.9565,1.0000,0.9536,1.0000
AVRO,RandomForest,SMOTE,InfoGain,2,7,0.6667,0.9091,0.7692,0.9753,0.7521,0.9091
AVRO,RandomForest,SMOTE,InfoGain,2,8,0.7273,0.7273,0.7273,0.9343,0.7099,0.9091
AVRO,RandomForest,SMOTE,InfoGain,2,9,0.8889,0.7273,0.8000,0.9375,0.7886,0.9091
AVRO,RandomForest,SMOTE,InfoGain,2,10,0.7000,0.6364,0.6667,0.9669,0.6465,0.8182
AVRO,RandomForest,SMOTE,InfoGain,3,1,0.8182,0.8182,0.8182,0.9402,0.8067,0.9091
AVRO,RandomForest,SMOTE,InfoGain,3,2,0.8182,0.8182,0.8182,0.9164,0.8067,0.8182
AVRO,RandomForest,SMOTE,InfoGain,3,3,0.7500,0.9000,0.8182,0.9796,0.8067,0.9000
AVRO,RandomForest,SMOTE,InfoGain,3,4,0.8000,0.7273,0.7619,0.9764,0.7475,0.8932
AVRO,RandomForest,SMOTE,InfoGain,3,5,0.8000,0.7273,0.7619,0.9908,0.7475,1.0000
AVRO,RandomForest,SMOTE,InfoGain,3,6,0.8182,0.8182,0.8182,0.9858,0.8066,1.0000
AVRO,RandomForest,SMOTE,InfoGain,3,7,0.7500,0.8182,0.7826,0.9367,0.7681,0.9091
AVRO,RandomForest,SMOTE,InfoGain,3,8,1.0000,0.9091,0.9524,0.9390,0.9495,0.9091
AVRO,RandomForest,SMOTE,InfoGain,3,9,0.8889,0.7273,0.8000,0.9777,0.7886,0.9091
AVRO,RandomForest,SMOTE,InfoGain,3,10,0.7500,0.8182,0.7826,0.9916,0.7681,0.9212
AVRO,RandomForest,SMOTE,InfoGain,4,1,0.7692,0.9091,0.8333,0.9809,0.8219,0.9091
AVRO,RandomForest,SMOTE,InfoGain,4,2,0.7143,0.9091,0.8000,0.9671,0.7857,0.9091
AVRO,RandomForest,SMOTE,InfoGain,4,3,1.0000,0.6000,0.7500,0.8621,0.7394,0.8000
AVRO,RandomForest,SMOTE,InfoGain,4,4,0.8333,0.4545,0.5882,0.9509,0.5701,0.6364
AVRO,RandomForest,SMOTE,InfoGain,4,5,0.8182,0.8182,0.8182,0.9811,0.8066,0.9091
AVRO,RandomForest,SMOTE,InfoGain,4,6,0.7143,0.9091,0.8000,0.9934,0.7856,1.0000
AVRO,RandomForest,SMOTE,InfoGain,4,7,0.7778,0.6364,0.7000,0.9217,0.6829,0.8553
AVRO,RandomForest,SMOTE,InfoGain,4,8,0.6471,1.0000,0.7857,0.9976,0.7689,1.0000
AVRO,RandomForest,SMOTE,InfoGain,4,9,0.7143,0.9091,0.8000,0.9348,0.7856,0.9091
AVRO,RandomForest,SMOTE,InfoGain,4,10,0.7857,1.0000,0.8800,0.9940,0.8714,1.0000
AVRO,RandomForest,SMOTE,InfoGain,5,1,1.0000,0.8182,0.9000,0.9937,0.8943,1.0000
AVRO,RandomForest,SMOTE,InfoGain,5,2,0.6471,1.0000,0.7857,0.9932,0.7690,1.0000
AVRO,RandomForest,SMOTE,InfoGain,5,3,0.8889,0.8000,0.8421,0.9894,0.8335,1.0000
AVRO,RandomForest,SMOTE,InfoGain,5,4,1.0000,0.7273,0.8421,0.9301,0.8337,0.8182
AVRO,RandomForest,SMOTE,InfoGain,5,5,0.7500,0.8182,0.7826,0.9322,0.7681,0.9091
AVRO,RandomForest,SMOTE,InfoGain,5,6,0.8182,0.8182,0.8182,0.9932,0.8066,1.0000
AVRO,RandomForest,SMOTE,InfoGain,5,7,0.7692,0.9091,0.8333,0.9364,0.8218,0.9091
AVRO,RandomForest,SMOTE,InfoGain,5,8,0.6667,0.7273,0.6957,0.9543,0.6754,0.8182
AVRO,RandomForest,SMOTE,InfoGain,5,9,0.5714,0.7273,0.6400,0.9496,0.6142,0.7273
AVRO,RandomForest,SMOTE,InfoGain,5,10,0.7273,0.7273,0.7273,0.8673,0.7099,0.7273
AVRO,RandomForest,SMOTE,InfoGain,6,1,0.8889,0.7273,0.8000,0.9835,0.7887,1.0000
AVRO,RandomForest,SMOTE,InfoGain,6,2,0.9091,0.9091,0.9091,0.9835,0.9033,0.9091
AVRO,RandomForest,SMOTE,InfoGain,6,3,0.7143,0.5000,0.5882,0.9175,0.5689,0.8000
AVRO,RandomForest,SMOTE,InfoGain,6,4,0.7500,0.8182,0.7826,0.9180,0.7681,0.8182
AVRO,RandomForest,SMOTE,InfoGain,6,5,0.9000,0.8182,0.8571,0.9816,0.8485,0.9091
AVRO,RandomForest,SMOTE,InfoGain,6,6,0.5714,0.7273,0.6400,0.8681,0.6142,0.8182
AVRO,RandomForest,SMOTE,InfoGain,6,7,0.8333,0.9091,0.8696,0.9989,0.8609,1.0000
AVRO,RandomForest,SMOTE,InfoGain,6,8,0.6667,0.5455,0.6000,0.9514,0.5773,0.9091
AVRO,RandomForest,SMOTE,InfoGain,6,9,0.7143,0.9091,0.8000,0.9787,0.7856,0.9091
AVRO,RandomForest,SMOTE,InfoGain,6,10,0.7500,0.8182,0.7826,0.9837,0.7681,1.0000
AVRO,RandomForest,SMOTE,InfoGain,7,1,1.0000,0.9091,0.9524,0.9974,0.9495,1.0000
AVRO,RandomForest,SMOTE,InfoGain,7,2,0.8000,0.7273,0.7619,0.9545,0.7476,0.8182
AVRO,RandomForest,SMOTE,InfoGain,7,3,0.7273,0.8000,0.7619,0.9756,0.7475,0.9000
AVRO,RandomForest,SMOTE,InfoGain,7,4,0.7778,0.6364,0.7000,0.8986,0.6829,0.7273
AVRO,RandomForest,SMOTE,InfoGain,7,5,0.8333,0.9091,0.8696,0.9963,0.8609,0.9109
AVRO,RandomForest,SMOTE,InfoGain,7,6,0.8000,0.7273,0.7619,0.9322,0.7475,0.9091
AVRO,RandomForest,SMOTE,InfoGain,7,7,0.7500,0.8182,0.7826,0.9764,0.7681,0.8182
AVRO,RandomForest,SMOTE,InfoGain,7,8,0.5263,0.9091,0.6667,0.9900,0.6394,0.9091
AVRO,RandomForest,SMOTE,InfoGain,7,9,0.8000,0.7273,0.7619,0.9708,0.7475,1.0000
AVRO,RandomForest,SMOTE,InfoGain,7,10,0.7143,0.9091,0.8000,0.9764,0.7856,0.9091
AVRO,RandomForest,SMOTE,InfoGain,8,1,0.7273,0.7273,0.7273,0.9781,0.7100,0.8182
AVRO,RandomForest,SMOTE,InfoGain,8,2,0.7857,1.0000,0.8800,0.9984,0.8714,1.0000
AVRO,RandomForest,SMOTE,InfoGain,8,3,0.7778,0.7000,0.7368,0.9695,0.7226,0.9000
AVRO,RandomForest,SMOTE,InfoGain,8,4,0.8000,0.7273,0.7619,0.8747,0.7475,0.7273
AVRO,RandomForest,SMOTE,InfoGain,8,5,0.7273,0.7273,0.7273,0.8684,0.7099,0.8182
AVRO,RandomForest,SMOTE,InfoGain,8,6,0.5455,0.5455,0.5455,0.9603,0.5166,0.8182
AVRO,RandomForest,SMOTE,InfoGain,8,7,0.6667,0.9091,0.7692,0.9782,0.7521,0.9091
AVRO,RandomForest,SMOTE,InfoGain,8,8,0.9167,1.0000,0.9565,0.9979,0.9536,1.0000
AVRO,RandomForest,SMOTE,InfoGain,8,9,0.8333,0.9091,0.8696,0.9942,0.8609,0.9777
AVRO,RandomForest,SMOTE,InfoGain,8,10,0.9167,1.0000,0.9565,1.0000,0.9536,1.0000
AVRO,RandomForest,SMOTE,InfoGain,9,1,0.8182,0.8182,0.8182,0.9227,0.8067,0.8182
AVRO,RandomForest,SMOTE,InfoGain,9,2,1.0000,0.8182,0.9000,0.9885,0.8943,0.9091
AVRO,RandomForest,SMOTE,InfoGain,9,3,0.7143,1.0000,0.8333,0.9931,0.8221,1.0000
AVRO,RandomForest,SMOTE,InfoGain,9,4,0.7692,0.9091,0.8333,0.9963,0.8218,1.0000
AVRO,RandomForest,SMOTE,InfoGain,9,5,0.6923,0.8182,0.7500,0.9319,0.7327,0.9091
AVRO,RandomForest,SMOTE,InfoGain,9,6,0.7273,0.7273,0.7273,0.9677,0.7099,0.8182
AVRO,RandomForest,SMOTE,InfoGain,9,7,0.9000,0.8182,0.8571,0.9364,0.8485,0.9091
AVRO,RandomForest,SMOTE,InfoGain,9,8,0.6364,0.6364,0.6364,0.9643,0.6132,0.9091
AVRO,RandomForest,SMOTE,InfoGain,9,9,0.7143,0.9091,0.8000,0.9383,0.7856,0.9091
AVRO,RandomForest,SMOTE,InfoGain,9,10,1.0000,0.7273,0.8421,0.9714,0.8337,0.9091
AVRO,RandomForest,SMOTE,InfoGain,10,1,0.6667,0.9091,0.7692,0.9911,0.7522,0.9091
AVRO,RandomForest,SMOTE,InfoGain,10,2,0.7692,0.9091,0.8333,0.9352,0.8219,0.9091
AVRO,RandomForest,SMOTE,InfoGain,10,3,0.6429,0.9000,0.7500,0.9954,0.7331,1.0000
AVRO,RandomForest,SMOTE,InfoGain,10,4,1.0000,0.8182,0.9000,0.9777,0.8943,0.8738
AVRO,RandomForest,SMOTE,InfoGain,10,5,1.0000,0.6364,0.7778,0.9191,0.7669,0.8182
AVRO,RandomForest,SMOTE,InfoGain,10,6,0.9167,1.0000,0.9565,0.9982,0.9536,1.0000
AVRO,RandomForest,SMOTE,InfoGain,10,7,0.9000,0.8182,0.8571,0.9703,0.8485,0.9091
AVRO,RandomForest,SMOTE,InfoGain,10,8,0.7000,0.6364,0.6667,0.9698,0.6465,0.9091
AVRO,RandomForest,SMOTE,InfoGain,10,9,0.6923,0.8182,0.7500,0.8841,0.7327,0.8182
AVRO,RandomForest,SMOTE,InfoGain,10,10,0.5556,0.9091,0.6897,0.9829,0.6648,0.9091
AVRO,NaiveBayes,None,None,1,1,0.2353,0.7273,0.3556,0.8950,0.2919,0.4545
AVRO,NaiveBayes,None,None,1,2,0.2308,0.5455,0.3243,0.8892,0.2627,0.3500
AVRO,NaiveBayes,None,None,1,3,0.2250,0.9000,0.3600,0.9147,0.2990,0.5000
AVRO,NaiveBayes,None,None,1,4,0.1111,0.2727,0.1579,0.6936,0.0797,0.2727
AVRO,NaiveBayes,None,None,1,5,0.2857,0.9091,0.4348,0.8820,0.3782,0.8188
AVRO,NaiveBayes,None,None,1,6,0.2593,0.6364,0.3684,0.8739,0.3098,0.6364
AVRO,NaiveBayes,None,None,1,7,0.3333,1.0000,0.5000,0.9706,0.4507,0.7231
AVRO,NaiveBayes,None,None,1,8,0.2857,0.9091,0.4348,0.9372,0.3782,0.7273
AVRO,NaiveBayes,None,None,1,9,0.2414,0.6364,0.3500,0.8418,0.2883,0.6364
AVRO,NaiveBayes,None,None,1,10,0.1944,0.6364,0.2979,0.8376,0.2271,0.5158
AVRO,NaiveBayes,None,None,2,1,0.2857,0.9091,0.4348,0.9425,0.3786,0.7768
AVRO,NaiveBayes,None,None,2,2,0.1944,0.6364,0.2979,0.8861,0.2275,0.1818
AVRO,NaiveBayes,None,None,2,3,0.2000,0.5000,0.2857,0.8509,0.2256,0.4000
AVRO,NaiveBayes,None,None,2,4,0.2963,0.7273,0.4211,0.8053,0.3673,0.7273
AVRO,NaiveBayes,None,None,2,5,0.1622,0.5455,0.2500,0.7843,0.1739,0.2785
AVRO,NaiveBayes,None,None,2,6,0.2941,0.9091,0.4444,0.9180,0.3893,0.8182
AVRO,NaiveBayes,None,None,2,7,0.2424,0.7273,0.3636,0.8983,0.3009,0.6364
AVRO,NaiveBayes,None,None,2,8,0.2286,0.7273,0.3478,0.8689,0.2826,0.5455
AVRO,NaiveBayes,None,None,2,9,0.2500,0.7273,0.3721,0.8694,0.3108,0.7273
AVRO,NaiveBayes,None,None,2,10,0.1905,0.7273,0.3019,0.8944,0.2288,0.7041
AVRO,NaiveBayes,None,None,3,1,0.2093,0.8182,0.3333,0.8814,0.2636,0.6364
AVRO,NaiveBayes,None,None,3,2,0.2069,0.5455,0.3000,0.8265,0.2340,0.5455
AVRO,NaiveBayes,None,None,3,3,0.2424,0.8000,0.3721,0.9184,0.3149,0.8000
AVRO,NaiveBayes,None,None,3,4,0.2333,0.6364,0.3415,0.9154,0.2783,0.4559
AVRO,NaiveBayes,None,None,3,5,0.1818,0.5455,0.2727,0.8408,0.2011,0.6364
AVRO,NaiveBayes,None,None,3,6,0.2222,0.7273,0.3404,0.8873,0.2739,0.6362
AVRO,NaiveBayes,None,None,3,7,0.2432,0.8182,0.3750,0.8991,0.3115,0.5455
AVRO,NaiveBayes,None,None,3,8,0.3103,0.8182,0.4500,0.8957,0.3978,0.6350
AVRO,NaiveBayes,None,None,3,9,0.1944,0.6364,0.2979,0.8171,0.2271,0.3636
AVRO,NaiveBayes,None,None,3,10,0.2143,0.5455,0.3077,0.8692,0.2427,0.5489
AVRO,NaiveBayes,None,None,4,1,0.2571,0.8182,0.3913,0.8952,0.3307,0.6364
AVRO,NaiveBayes,None,None,4,2,0.2308,0.8182,0.3600,0.9222,0.2946,0.3636
AVRO,NaiveBayes,None,None,4,3,0.1622,0.6000,0.2553,0.8394,0.1856,0.6000
AVRO,NaiveBayes,None,None,4,4,0.2174,0.4545,0.2941,0.8778,0.2320,0.5455
AVRO,NaiveBayes,None,None,4,5,0.2000,0.5455,0.2927,0.8234,0.2249,0.5455
AVRO,NaiveBayes,None,None,4,6,0.2439,0.9091,0.3846,0.9464,0.3206,0.6930
AVRO,NaiveBayes,None,None,4,7,0.2059,0.6364,0.3111,0.8313,0.2427,0.5379
AVRO,NaiveBayes,None,None,4,8,0.1852,0.4545,0.2632,0.8345,0.1947,0.4545
AVRO,NaiveBayes,None,None,4,9,0.2222,0.7273,0.3404,0.8652,0.2739,0.6891
AVRO,NaiveBayes,None,None,4,10,0.2903,0.8182,0.4286,0.9178,0.3733,0.4524
AVRO,NaiveBayes,None,None,5,1,0.2045,0.8182,0.3273,0.9175,0.2565,0.7273
AVRO,NaiveBayes,None,None,5,2,0.2105,0.7273,0.3265,0.8192,0.2581,0.5455
AVRO,NaiveBayes,None,None,5,3,0.2333,0.7000,0.3500,0.8882,0.2923,0.6126
AVRO,NaiveBayes,None,None,5,4,0.2059,0.6364,0.3111,0.8095,0.2427,0.6364
AVRO,NaiveBayes,None,None,5,5,0.1622,0.5455,0.2500,0.8726,0.1739,0.4162
AVRO,NaiveBayes,None,None,5,6,0.2632,0.9091,0.4082,0.9517,0.3477,0.7273
AVRO,NaiveBayes,None,None,5,7,0.3103,0.8182,0.4500,0.8805,0.3978,0.6929
AVRO,NaiveBayes,None,None,5,8,0.2414,0.6364,0.3500,0.8960,0.2883,0.4545
AVRO,NaiveBayes,None,None,5,9,0.2105,0.7273,0.3265,0.8565,0.2577,0.5455
AVRO,NaiveBayes,None,None,5,10,0.2759,0.7273,0.4000,0.8702,0.3431,0.5554
AVRO,NaiveBayes,None,None,6,1,0.2500,0.5455,0.3429,0.8088,0.2845,0.5455
AVRO,NaiveBayes,None,None,6,2,0.2381,0.9091,0.3774,0.9501,0.3126,0.4545
AVRO,NaiveBayes,None,None,6,3,0.1935,0.6000,0.2927,0.8259,0.2293,0.6000
AVRO,NaiveBayes,None,None,6,4,0.2188,0.6364,0.3256,0.8392,0.2597,0.5898
AVRO,NaiveBayes,None,None,6,5,0.3125,0.9091,0.4651,0.9601,0.4129,0.7273
AVRO,NaiveBayes,None,None,6,6,0.2813,0.8182,0.4186,0.8671,0.3618,0.6364
AVRO,NaiveBayes,None,None,6,7,0.2432,0.8182,0.3750,0.8954,0.3115,0.6364
AVRO,NaiveBayes,None,None,6,8,0.1765,0.5455,0.2667,0.7712,0.1938,0.5455
AVRO,NaiveBayes,None,None,6,9,0.2500,0.8182,0.3830,0.8962,0.3208,0.5589
AVRO,NaiveBayes,None,None,6,10,0.1667,0.5455,0.2553,0.8405,0.1802,0.4024
AVRO,NaiveBayes,None,None,7,1,0.1563,0.4545,0.2326,0.7672,0.1580,0.3636
AVRO,NaiveBayes,None,None,7,2,0.1951,0.7273,0.3077,0.8595,0.2361,0.5455
AVRO,NaiveBayes,None,None,7,3,0.2400,0.6000,0.3429,0.8626,0.2875,0.6000
AVRO,NaiveBayes,None,None,7,4,0.3043,0.6364,0.4118,0.8647,0.3600,0.6364
AVRO,NaiveBayes,None,None,7,5,0.2308,0.8182,0.3600,0.9511,0.2942,0.5362
AVRO,NaiveBayes,None,None,7,6,0.2941,0.9091,0.4444,0.9122,0.3893,0.7273
AVRO,NaiveBayes,None,None,7,7,0.2500,0.7273,0.3721,0.8836,0.3108,0.5455
AVRO,NaiveBayes,None,None,7,8,0.2500,0.8182,0.3830,0.8678,0.3208,0.8182
AVRO,NaiveBayes,None,None,7,9,0.2000,0.7273,0.3137,0.8505,0.2427,0.6364
AVRO,NaiveBayes,None,None,7,10,0.2222,0.7273,0.3404,0.8760,0.2739,0.6690
AVRO,NaiveBayes,None,None,8,1,0.1786,0.4545,0.2564,0.8783,0.1870,0.4400
AVRO,NaiveBayes,None,None,8,2,0.1667,0.5455,0.2553,0.8506,0.1807,0.2727
AVRO,NaiveBayes,None,None,8,3,0.2414,0.7000,0.3590,0.9040,0.3026,0.7000
AVRO,NaiveBayes,None,None,8,4,0.2286,0.7273,0.3478,0.8576,0.2826,0.4238
AVRO,NaiveBayes,None,None,8,5,0.2286,0.7273,0.3478,0.8424,0.2826,0.5899
AVRO,NaiveBayes,None,None,8,6,0.2333,0.6364,0.3415,0.8639,0.2783,0.6364
AVRO,NaiveBayes,None,None,8,7,0.1714,0.5455,0.2609,0.7764,0.1869,0.3636
AVRO,NaiveBayes,None,None,8,8,0.2778,0.9091,0.4255,0.9369,0.3676,0.5725
AVRO,NaiveBayes,None,None,8,9,0.2571,0.8182,0.3913,0.8618,0.3304,0.6614
AVRO,NaiveBayes,None,None,8,10,0.2564,0.9091,0.4000,0.9283,0.3383,0.7273
AVRO,NaiveBayes,None,None,9,1,0.2564,0.9091,0.4000,0.9107,0.3387,0.8182
AVRO,NaiveBayes,None,None,9,2,0.2143,0.5455,0.3077,0.8979,0.2431,0.4545
AVRO,NaiveBayes,None,None,9,3,0.2500,0.8000,0.3810,0.8994,0.3251,0.7000
AVRO,NaiveBayes,None,None,9,4,0.3333,0.8182,0.4737,0.8902,0.4248,0.7273
AVRO,NaiveBayes,None,None,9,5,0.2353,0.7273,0.3556,0.8760,0.2916,0.3636
AVRO,NaiveBayes,None,None,9,6,0.2414,0.6364,0.3500,0.8705,0.2883,0.4822
AVRO,NaiveBayes,None,None,9,7,0.1875,0.5455,0.2791,0.7943,0.2087,0.5455
AVRO,NaiveBayes,None,None,9,8,0.2424,0.7273,0.3636,0.9017,0.3009,0.6402
AVRO,NaiveBayes,None,None,9,9,0.2143,0.8182,0.3396,0.8494,0.2705,0.6836
AVRO,NaiveBayes,None,None,9,10,0.1935,0.5455,0.2857,0.8547,0.2166,0.4545
AVRO,NaiveBayes,None,None,10,1,0.1944,0.6364,0.2979,0.8495,0.2275,0.5455
AVRO,NaiveBayes,None,None,10,2,0.2308,0.8182,0.3600,0.8811,0.2946,0.6086
AVRO,NaiveBayes,None,None,10,3,0.2222,0.8000,0.3478,0.9385,0.2872,0.5091
AVRO,NaiveBayes,None,None,10,4,0.2286,0.7273,0.3478,0.8592,0.2826,0.4545
AVRO,NaiveBayes,None,None,10,5,0.2609,0.5455,0.3529,0.8531,0.2960,0.5455
AVRO,NaiveBayes,None,None,10,6,0.2308,0.8182,0.3600,0.9201,0.2942,0.7934
AVRO,NaiveBayes,None,None,10,7,0.2432,0.8182,0.3750,0.9115,0.3115,0.6364
AVRO,NaiveBayes,None,None,10,8,0.2857,0.7273,0.4103,0.8555,0.3549,0.7273
AVRO,NaiveBayes,None,None,10,9,0.1852,0.4545,0.2632,0.7838,0.1947,0.4545
AVRO,NaiveBayes,None,None,10,10,0.2571,0.8182,0.3913,0.9488,0.3304,0.6134
AVRO,NaiveBayes,Undersampling,None,1,1,0.1852,0.4545,0.2632,0.8511,0.1952,0.4283
AVRO,NaiveBayes,Undersampling,None,1,2,0.2083,0.4545,0.2857,0.8286,0.2223,0.3636
AVRO,NaiveBayes,Undersampling,None,1,3,0.1951,0.8000,0.3137,0.8489,0.2480,0.4316
AVRO,NaiveBayes,Undersampling,None,1,4,0.0938,0.2727,0.1395,0.6269,0.0555,0.2727
AVRO,NaiveBayes,Undersampling,None,1,5,0.2286,0.7273,0.3478,0.8681,0.2826,0.6575
AVRO,NaiveBayes,Undersampling,None,1,6,0.2069,0.5455,0.3000,0.7693,0.2336,0.5455
AVRO,NaiveBayes,Undersampling,None,1,7,0.2143,0.8182,0.3396,0.9167,0.2705,0.4545
AVRO,NaiveBayes,Undersampling,None,1,8,0.2778,0.9091,0.4255,0.9159,0.3676,0.6364
AVRO,NaiveBayes,Undersampling,None,1,9,0.1875,0.5455,0.2791,0.7202,0.2087,0.5455
AVRO,NaiveBayes,Undersampling,None,1,10,0.2059,0.6364,0.3111,0.7701,0.2427,0.4817
AVRO,NaiveBayes,Undersampling,None,2,1,0.1556,0.6364,0.2500,0.8508,0.1708,0.4545
AVRO,NaiveBayes,Undersampling,None,2,2,0.1707,0.6364,0.2692,0.8041,0.1936,0.1818
AVRO,NaiveBayes,Undersampling,None,2,3,0.1628,0.7000,0.2642,0.8201,0.1930,0.4000
AVRO,NaiveBayes,Undersampling,None,2,4,0.2188,0.6364,0.3256,0.7204,0.2597,0.5455
AVRO,NaiveBayes,Undersampling,None,2,5,0.1333,0.5455,0.2143,0.7672,0.1308,0.2727
AVRO,NaiveBayes,Undersampling,None,2,6,0.2000,0.7273,0.3137,0.8466,0.2427,0.6364
AVRO,NaiveBayes,Undersampling,None,2,7,0.2059,0.6364,0.3111,0.8623,0.2427,0.6364
AVRO,NaiveBayes,Undersampling,None,2,8,0.2286,0.7273,0.3478,0.8284,0.2826,0.5455
AVRO,NaiveBayes,Undersampling,None,2,9,0.1818,0.5455,0.2727,0.8392,0.2011,0.5904
AVRO,NaiveBayes,Undersampling,None,2,10,0.1628,0.6364,0.2593,0.6873,0.1813,0.5992
AVRO,NaiveBayes,Undersampling,None,3,1,0.1915,0.8182,0.3103,0.7565,0.2368,0.6364
AVRO,NaiveBayes,Undersampling,None,3,2,0.1379,0.3636,0.2000,0.7560,0.1245,0.4545
AVRO,NaiveBayes,Undersampling,None,3,3,0.1591,0.7000,0.2593,0.8477,0.1873,0.7000
AVRO,NaiveBayes,Undersampling,None,3,4,0.1739,0.7273,0.2807,0.8752,0.2039,0.4545
AVRO,NaiveBayes,Undersampling,None,3,5,0.1458,0.6364,0.2373,0.7838,0.1551,0.4545
AVRO,NaiveBayes,Undersampling,None,3,6,0.2273,0.9091,0.3636,0.8810,0.2963,0.5455
AVRO,NaiveBayes,Undersampling,None,3,7,0.1739,0.7273,0.2807,0.8050,0.2039,0.5455
AVRO,NaiveBayes,Undersampling,None,3,8,0.1957,0.8182,0.3158,0.8413,0.2427,0.3636
AVRO,NaiveBayes,Undersampling,None,3,9,0.1404,0.7273,0.2353,0.7793,0.1501,0.2727
AVRO,NaiveBayes,Undersampling,None,3,10,0.2800,0.6364,0.3889,0.8597,0.3336,0.6364
AVRO,NaiveBayes,Undersampling,None,4,1,0.2195,0.8182,0.3462,0.8655,0.2785,0.5499
AVRO,NaiveBayes,Undersampling,None,4,2,0.2045,0.8182,0.3273,0.8529,0.2565,0.3636
AVRO,NaiveBayes,Undersampling,None,4,3,0.1277,0.6000,0.2105,0.7259,0.1328,0.5715
AVRO,NaiveBayes,Undersampling,None,4,4,0.1556,0.6364,0.2500,0.6634,0.1703,0.6364
AVRO,NaiveBayes,Undersampling,None,4,5,0.1091,0.5455,0.1818,0.7588,0.0913,0.3636
AVRO,NaiveBayes,Undersampling,None,4,6,0.1587,0.9091,0.2703,0.9096,0.1876,0.4545
AVRO,NaiveBayes,Undersampling,None,4,7,0.1591,0.6364,0.2545,0.7953,0.1757,0.4545
AVRO,NaiveBayes,Undersampling,None,4,8,0.2581,0.7273,0.3810,0.8657,0.3210,0.7273
AVRO,NaiveBayes,Undersampling,None,4,9,0.2105,0.7273,0.3265,0.8266,0.2577,0.5801
AVRO,NaiveBayes,Undersampling,None,4,10,0.2188,0.6364,0.3256,0.8518,0.2597,0.2929
AVRO,NaiveBayes,Undersampling,None,5,1,0.1778,0.7273,0.2857,0.8208,0.2102,0.5503
AVRO,NaiveBayes,Undersampling,None,5,2,0.1892,0.6364,0.2917,0.7790,0.2202,0.4545
AVRO,NaiveBayes,Undersampling,None,5,3,0.1698,0.9000,0.2857,0.8506,0.2138,0.5000
AVRO,NaiveBayes,Undersampling,None,5,4,0.1765,0.5455,0.2667,0.7780,0.1938,0.6364
AVRO,NaiveBayes,Undersampling,None,5,5,0.1765,0.5455,0.2667,0.8137,0.1938,0.4545
AVRO,NaiveBayes,Undersampling,None,5,6,0.2727,0.8182,0.4091,0.8240,0.3509,0.5455
AVRO,NaiveBayes,Undersampling,None,5,7,0.2500,0.7273,0.3721,0.7717,0.3108,0.6364
AVRO,NaiveBayes,Undersampling,None,5,8,0.2727,0.8182,0.4091,0.9256,0.3509,0.5031
AVRO,NaiveBayes,Undersampling,None,5,9,0.2105,0.7273,0.3265,0.8135,0.2577,0.5455
AVRO,NaiveBayes,Undersampling,None,5,10,0.1379,0.7273,0.2319,0.8234,0.1461,0.2727
AVRO,NaiveBayes,Undersampling,None,6,1,0.2500,0.5455,0.3429,0.7793,0.2845,0.4811
AVRO,NaiveBayes,Undersampling,None,6,2,0.2174,0.9091,0.3509,0.8767,0.2820,0.4545
AVRO,NaiveBayes,Undersampling,None,6,3,0.1379,0.4000,0.2051,0.6807,0.1352,0.4000
AVRO,NaiveBayes,Undersampling,None,6,4,0.1346,0.6364,0.2222,0.7767,0.1371,0.4545
AVRO,NaiveBayes,Undersampling,None,6,5,0.2222,0.9091,0.3571,0.8933,0.2888,0.6364
AVRO,NaiveBayes,Undersampling,None,6,6,0.1860,0.7273,0.2963,0.8744,0.2222,0.2727
AVRO,NaiveBayes,Undersampling,None,6,7,0.2000,0.8182,0.3214,0.8684,0.2493,0.5455
AVRO,NaiveBayes,Undersampling,None,6,8,0.1837,0.8182,0.3000,0.8050,0.2243,0.7665
AVRO,NaiveBayes,Undersampling,None,6,9,0.1800,0.8182,0.2951,0.8066,0.2185,0.4545
AVRO,NaiveBayes,Undersampling,None,6,10,0.1667,0.5455,0.2553,0.8092,0.1802,0.4205
AVRO,NaiveBayes,Undersampling,None,7,1,0.1613,0.4545,0.2381,0.7429,0.1648,0.3636
AVRO,NaiveBayes,Undersampling,None,7,2,0.1538,0.5455,0.2400,0.7429,0.1623,0.4545
AVRO,NaiveBayes,Undersampling,None,7,3,0.1622,0.6000,0.2553,0.7727,0.1856,0.3000
AVRO,NaiveBayes,Undersampling,None,7,4,0.1786,0.4545,0.2564,0.8382,0.1866,0.4545
AVRO,NaiveBayes,Undersampling,None,7,5,0.2308,0.8182,0.3600,0.8886,0.2942,0.5455
AVRO,NaiveBayes,Undersampling,None,7,6,0.2571,0.8182,0.3913,0.8628,0.3304,0.6364
AVRO,NaiveBayes,Undersampling,None,7,7,0.2188,0.6364,0.3256,0.8129,0.2597,0.4536
AVRO,NaiveBayes,Undersampling,None,7,8,0.2250,0.8182,0.3529,0.8269,0.2860,0.8182
AVRO,NaiveBayes,Undersampling,None,7,9,0.1538,0.5455,0.2400,0.8460,0.1618,0.6364
AVRO,NaiveBayes,Undersampling,None,7,10,0.1633,0.7273,0.2667,0.8140,0.1873,0.6364
AVRO,NaiveBayes,Undersampling,None,8,1,0.1724,0.4545,0.2500,0.8467,0.1792,0.4545
AVRO,NaiveBayes,Undersampling,None,8,2,0.1522,0.6364,0.2456,0.8009,0.1655,0.2727
AVRO,NaiveBayes,Undersampling,None,8,3,0.2000,0.6000,0.3000,0.8572,0.2379,0.6000
AVRO,NaiveBayes,Undersampling,None,8,4,0.1509,0.7273,0.2500,0.7467,0.1676,0.3636
AVRO,NaiveBayes,Undersampling,None,8,5,0.1702,0.7273,0.2759,0.8744,0.1982,0.5455
AVRO,NaiveBayes,Undersampling,None,8,6,0.1556,0.6364,0.2500,0.6837,0.1703,0.5074
AVRO,NaiveBayes,Undersampling,None,8,7,0.1154,0.5455,0.1905,0.7874,0.1018,0.3636
AVRO,NaiveBayes,Undersampling,None,8,8,0.1875,0.8182,0.3051,0.8865,0.2302,0.4545
AVRO,NaiveBayes,Undersampling,None,8,9,0.2143,0.8182,0.3396,0.8366,0.2705,0.5455
AVRO,NaiveBayes,Undersampling,None,8,10,0.1818,0.7273,0.2909,0.8516,0.2159,0.7273
AVRO,NaiveBayes,Undersampling,None,9,1,0.1695,0.9091,0.2857,0.8777,0.2061,0.6364
AVRO,NaiveBayes,Undersampling,None,9,2,0.1538,0.7273,0.2540,0.7732,0.1728,0.5455
AVRO,NaiveBayes,Undersampling,None,9,3,0.2414,0.7000,0.3590,0.8848,0.3026,0.6000
AVRO,NaiveBayes,Undersampling,None,9,4,0.1915,0.8182,0.3103,0.8828,0.2364,0.6364
AVRO,NaiveBayes,Undersampling,None,9,5,0.1702,0.7273,0.2759,0.8261,0.1982,0.2727
AVRO,NaiveBayes,Undersampling,None,9,6,0.1667,0.6364,0.2642,0.8516,0.1871,0.3188
AVRO,NaiveBayes,Undersampling,None,9,7,0.1795,0.6364,0.2800,0.7409,0.2059,0.5455
AVRO,NaiveBayes,Undersampling,None,9,8,0.1892,0.6364,0.2917,0.8208,0.2198,0.3636
AVRO,NaiveBayes,Undersampling,None,9,9,0.2045,0.8182,0.3273,0.8770,0.2561,0.6364
AVRO,NaiveBayes,Undersampling,None,9,10,0.2000,0.5455,0.2927,0.7262,0.2249,0.4545
AVRO,NaiveBayes,Undersampling,None,10,1,0.1935,0.5455,0.2857,0.7388,0.2170,0.4545
AVRO,NaiveBayes,Undersampling,None,10,2,0.2143,0.8182,0.3396,0.8352,0.2709,0.4710
AVRO,NaiveBayes,Undersampling,None,10,3,0.2000,0.8000,0.3200,0.9011,0.2552,0.4000
AVRO,NaiveBayes,Undersampling,None,10,4,0.1860,0.7273,0.2963,0.8016,0.2222,0.4545
AVRO,NaiveBayes,Undersampling,None,10,5,0.2083,0.4545,0.2857,0.8171,0.2219,0.5455
AVRO,NaiveBayes,Undersampling,None,10,6,0.1818,0.5455,0.2727,0.8240,0.2011,0.6364
AVRO,NaiveBayes,Undersampling,None,10,7,0.2000,0.6364,0.3043,0.8571,0.2347,0.6364
AVRO,NaiveBayes,Undersampling,None,10,8,0.2593,0.6364,0.3684,0.8334,0.3098,0.6968
AVRO,NaiveBayes,Undersampling,None,10,9,0.1613,0.4545,0.2381,0.6471,0.1643,0.4067
AVRO,NaiveBayes,Undersampling,None,10,10,0.2093,0.8182,0.3333,0.9044,0.2632,0.5455
AVRO,NaiveBayes,Oversampling,None,1,1,0.2222,0.7273,0.3404,0.8673,0.2743,0.4545
AVRO,NaiveBayes,Oversampling,None,1,2,0.2571,0.8182,0.3913,0.8263,0.3307,0.5455
AVRO,NaiveBayes,Oversampling,None,1,3,0.2195,0.9000,0.3529,0.8713,0.2910,0.4000
AVRO,NaiveBayes,Oversampling,None,1,4,0.1034,0.2727,0.1500,0.6600,0.0693,0.2727
AVRO,NaiveBayes,Oversampling,None,1,5,0.2564,0.9091,0.4000,0.8537,0.3383,0.7701
AVRO,NaiveBayes,Oversampling,None,1,6,0.2188,0.6364,0.3256,0.7693,0.2597,0.6364
AVRO,NaiveBayes,Oversampling,None,1,7,0.2143,0.8182,0.3396,0.9275,0.2705,0.3265
AVRO,NaiveBayes,Oversampling,None,1,8,0.2632,0.9091,0.4082,0.9146,0.3477,0.6685
AVRO,NaiveBayes,Oversampling,None,1,9,0.1714,0.5455,0.2609,0.7170,0.1869,0.5455
AVRO,NaiveBayes,Oversampling,None,1,10,0.1818,0.5455,0.2727,0.7987,0.2011,0.5276
AVRO,NaiveBayes,Oversampling,None,2,1,0.2432,0.8182,0.3750,0.8994,0.3119,0.6364
AVRO,NaiveBayes,Oversampling,None,2,2,0.1892,0.6364,0.2917,0.8015,0.2202,0.1818
AVRO,NaiveBayes,Oversampling,None,2,3,0.1613,0.5000,0.2439,0.8092,0.1762,0.4000
AVRO,NaiveBayes,Oversampling,None,2,4,0.2069,0.5455,0.3000,0.7257,0.2336,0.5109
AVRO,NaiveBayes,Oversampling,None,2,5,0.1429,0.5455,0.2264,0.7869,0.1454,0.3636
AVRO,NaiveBayes,Oversampling,None,2,6,0.2308,0.8182,0.3600,0.8770,0.2942,0.6314
AVRO,NaiveBayes,Oversampling,None,2,7,0.2647,0.8182,0.4000,0.8844,0.3404,0.8182
AVRO,NaiveBayes,Oversampling,None,2,8,0.2286,0.7273,0.3478,0.8303,0.2826,0.5455
AVRO,NaiveBayes,Oversampling,None,2,9,0.2258,0.6364,0.3333,0.8623,0.2688,0.7273
AVRO,NaiveBayes,Oversampling,None,2,10,0.1905,0.7273,0.3019,0.7525,0.2288,0.5792
AVRO,NaiveBayes,Oversampling,None,3,1,0.2143,0.8182,0.3396,0.7727,0.2709,0.5455
AVRO,NaiveBayes,Oversampling,None,3,2,0.1429,0.3636,0.2051,0.7858,0.1309,0.4545
AVRO,NaiveBayes,Oversampling,None,3,3,0.2500,0.9000,0.3913,0.8943,0.3347,0.9000
AVRO,NaiveBayes,Oversampling,None,3,4,0.1714,0.5455,0.2609,0.8579,0.1869,0.2830
AVRO,NaiveBayes,Oversampling,None,3,5,0.1714,0.5455,0.2609,0.7806,0.1869,0.5096
AVRO,NaiveBayes,Oversampling,None,3,6,0.2222,0.7273,0.3404,0.8542,0.2739,0.7264
AVRO,NaiveBayes,Oversampling,None,3,7,0.2222,0.7273,0.3404,0.8014,0.2739,0.4545
AVRO,NaiveBayes,Oversampling,None,3,8,0.2143,0.8182,0.3396,0.8339,0.2705,0.4083
AVRO,NaiveBayes,Oversampling,None,3,9,0.1667,0.6364,0.2642,0.7793,0.1871,0.1818
AVRO,NaiveBayes,Oversampling,None,3,10,0.2593,0.6364,0.3684,0.8092,0.3098,0.6211
AVRO,NaiveBayes,Oversampling,None,4,1,0.2500,0.7273,0.3721,0.8613,0.3111,0.6364
AVRO,NaiveBayes,Oversampling,None,4,2,0.2143,0.8182,0.3396,0.8903,0.2709,0.3636
AVRO,NaiveBayes,Oversampling,None,4,3,0.1364,0.6000,0.2222,0.7443,0.1466,0.5026
AVRO,NaiveBayes,Oversampling,None,4,4,0.1875,0.5455,0.2791,0.6608,0.2087,0.6364
AVRO,NaiveBayes,Oversampling,None,4,5,0.1714,0.5455,0.2609,0.7654,0.1869,0.4545
AVRO,NaiveBayes,Oversampling,None,4,6,0.1961,0.9091,0.3226,0.8939,0.2487,0.5455
AVRO,NaiveBayes,Oversampling,None,4,7,0.1667,0.6364,0.2642,0.7788,0.1871,0.3793
AVRO,NaiveBayes,Oversampling,None,4,8,0.2581,0.7273,0.3810,0.8563,0.3210,0.6802
AVRO,NaiveBayes,Oversampling,None,4,9,0.2051,0.7273,0.3200,0.8098,0.2501,0.5455
AVRO,NaiveBayes,Oversampling,None,4,10,0.2581,0.7273,0.3810,0.8826,0.3210,0.2727
AVRO,NaiveBayes,Oversampling,None,5,1,0.1818,0.7273,0.2909,0.8169,0.2164,0.5799
AVRO,NaiveBayes,Oversampling,None,5,2,0.1765,0.5455,0.2667,0.7832,0.1943,0.4545
AVRO,NaiveBayes,Oversampling,None,5,3,0.2121,0.7000,0.3256,0.8408,0.2642,0.4743
AVRO,NaiveBayes,Oversampling,None,5,4,0.1714,0.5455,0.2609,0.7754,0.1869,0.7273
AVRO,NaiveBayes,Oversampling,None,5,5,0.1622,0.5455,0.2500,0.8221,0.1739,0.3636
AVRO,NaiveBayes,Oversampling,None,5,6,0.2564,0.9091,0.4000,0.9141,0.3383,0.6432
AVRO,NaiveBayes,Oversampling,None,5,7,0.2353,0.7273,0.3556,0.7593,0.2916,0.6364
AVRO,NaiveBayes,Oversampling,None,5,8,0.2647,0.8182,0.4000,0.9120,0.3404,0.5031
AVRO,NaiveBayes,Oversampling,None,5,9,0.1905,0.7273,0.3019,0.8043,0.2288,0.5455
AVRO,NaiveBayes,Oversampling,None,5,10,0.2000,0.7273,0.3137,0.8163,0.2427,0.3636
AVRO,NaiveBayes,Oversampling,None,6,1,0.2222,0.5455,0.3158,0.7777,0.2526,0.4545
AVRO,NaiveBayes,Oversampling,None,6,2,0.2381,0.9091,0.3774,0.8856,0.3126,0.4545
AVRO,NaiveBayes,Oversampling,None,6,3,0.1613,0.5000,0.2439,0.7376,0.1762,0.5000
AVRO,NaiveBayes,Oversampling,None,6,4,0.1538,0.5455,0.2400,0.7572,0.1618,0.5455
AVRO,NaiveBayes,Oversampling,None,6,5,0.2703,0.9091,0.4167,0.8928,0.3574,0.7273
AVRO,NaiveBayes,Oversampling,None,6,6,0.2353,0.7273,0.3556,0.8786,0.2916,0.3636
AVRO,NaiveBayes,Oversampling,None,6,7,0.2308,0.8182,0.3600,0.8668,0.2942,0.5789
AVRO,NaiveBayes,Oversampling,None,6,8,0.2045,0.8182,0.3273,0.7924,0.2561,0.8182
AVRO,NaiveBayes,Oversampling,None,6,9,0.1875,0.8182,0.3051,0.8061,0.2302,0.4545
AVRO,NaiveBayes,Oversampling,None,6,10,0.1579,0.5455,0.2449,0.8100,0.1677,0.3247
AVRO,NaiveBayes,Oversampling,None,7,1,0.1515,0.4545,0.2273,0.7270,0.1516,0.3636
AVRO,NaiveBayes,Oversampling,None,7,2,0.1778,0.7273,0.2857,0.7544,0.2102,0.4545
AVRO,NaiveBayes,Oversampling,None,7,3,0.1765,0.6000,0.2727,0.7943,0.2060,0.3000
AVRO,NaiveBayes,Oversampling,None,7,4,0.2903,0.8182,0.4286,0.8755,0.3733,0.7273
AVRO,NaiveBayes,Oversampling,None,7,5,0.2273,0.9091,0.3636,0.9041,0.2963,0.4545
AVRO,NaiveBayes,Oversampling,None,7,6,0.1818,0.7273,0.2909,0.8665,0.2159,0.5455
AVRO,NaiveBayes,Oversampling,None,7,7,0.1860,0.7273,0.2963,0.8198,0.2222,0.1818
AVRO,NaiveBayes,Oversampling,None,7,8,0.2250,0.8182,0.3529,0.8560,0.2860,0.7980
AVRO,NaiveBayes,Oversampling,None,7,9,0.2000,0.7273,0.3137,0.8565,0.2427,0.7273
AVRO,NaiveBayes,Oversampling,None,7,10,0.1818,0.7273,0.2909,0.8077,0.2159,0.6364
AVRO,NaiveBayes,Oversampling,None,8,1,0.2143,0.5455,0.3077,0.8289,0.2431,0.5931
AVRO,NaiveBayes,Oversampling,None,8,2,0.1463,0.5455,0.2308,0.7842,0.1512,0.2727
AVRO,NaiveBayes,Oversampling,None,8,3,0.2258,0.7000,0.3415,0.8468,0.2825,0.7000
AVRO,NaiveBayes,Oversampling,None,8,4,0.2162,0.7273,0.3333,0.7488,0.2657,0.3636
AVRO,NaiveBayes,Oversampling,None,8,5,0.2000,0.6364,0.3043,0.8439,0.2347,0.5455
AVRO,NaiveBayes,Oversampling,None,8,6,0.1818,0.5455,0.2727,0.6563,0.2011,0.5952
AVRO,NaiveBayes,Oversampling,None,8,7,0.1463,0.5455,0.2308,0.7811,0.1507,0.3636
AVRO,NaiveBayes,Oversampling,None,8,8,0.2308,0.8182,0.3600,0.8865,0.2942,0.4545
AVRO,NaiveBayes,Oversampling,None,8,9,0.2250,0.8182,0.3529,0.8229,0.2860,0.5455
AVRO,NaiveBayes,Oversampling,None,8,10,0.2381,0.9091,0.3774,0.9180,0.3122,0.8182
AVRO,NaiveBayes,Oversampling,None,9,1,0.2381,0.9091,0.3774,0.8665,0.3126,0.7835
AVRO,NaiveBayes,Oversampling,None,9,2,0.1892,0.6364,0.2917,0.7544,0.2202,0.4545
AVRO,NaiveBayes,Oversampling,None,9,3,0.2333,0.7000,0.3500,0.8842,0.2923,0.7000
AVRO,NaiveBayes,Oversampling,None,9,4,0.2647,0.8182,0.4000,0.8797,0.3404,0.6364
AVRO,NaiveBayes,Oversampling,None,9,5,0.1892,0.6364,0.2917,0.8245,0.2198,0.2727
AVRO,NaiveBayes,Oversampling,None,9,6,0.2188,0.6364,0.3256,0.8500,0.2597,0.4545
AVRO,NaiveBayes,Oversampling,None,9,7,0.2188,0.6364,0.3256,0.7430,0.2597,0.6364
AVRO,NaiveBayes,Oversampling,None,9,8,0.2188,0.6364,0.3256,0.8184,0.2597,0.4940
AVRO,NaiveBayes,Oversampling,None,9,9,0.2250,0.8182,0.3529,0.8544,0.2860,0.6364
AVRO,NaiveBayes,Oversampling,None,9,10,0.1714,0.5455,0.2609,0.7273,0.1869,0.3636
AVRO,NaiveBayes,Oversampling,None,10,1,0.2143,0.5455,0.3077,0.7780,0.2431,0.4545
AVRO,NaiveBayes,Oversampling,None,10,2,0.2250,0.8182,0.3529,0.8310,0.2864,0.4424
AVRO,NaiveBayes,Oversampling,None,10,3,0.2051,0.8000,0.3265,0.8943,0.2627,0.5000
AVRO,NaiveBayes,Oversampling,None,10,4,0.1818,0.7273,0.2909,0.8014,0.2159,0.4545
AVRO,NaiveBayes,Oversampling,None,10,5,0.2000,0.4545,0.2778,0.8466,0.2124,0.6364
AVRO,NaiveBayes,Oversampling,None,10,6,0.1765,0.5455,0.2667,0.8355,0.1938,0.6364
AVRO,NaiveBayes,Oversampling,None,10,7,0.2162,0.7273,0.3333,0.8671,0.2657,0.6364
AVRO,NaiveBayes,Oversampling,None,10,8,0.2759,0.7273,0.4000,0.8355,0.3431,0.7273
AVRO,NaiveBayes,Oversampling,None,10,9,0.1613,0.4545,0.2381,0.6463,0.1643,0.3636
AVRO,NaiveBayes,Oversampling,None,10,10,0.2368,0.8182,0.3673,0.8944,0.3027,0.5139
AVRO,NaiveBayes,SMOTE,None,1,1,0.1818,0.7273,0.2909,0.8665,0.2164,0.4545
AVRO,NaiveBayes,SMOTE,None,1,2,0.2500,0.8182,0.3830,0.8362,0.3211,0.5455
AVRO,NaiveBayes,SMOTE,None,1,3,0.2308,0.9000,0.3673,0.8718,0.3074,0.4500
AVRO,NaiveBayes,SMOTE,None,1,4,0.0909,0.2727,0.1364,0.6232,0.0513,0.2727
AVRO,NaiveBayes,SMOTE,None,1,5,0.2500,0.8182,0.3830,0.8552,0.3208,0.7273
AVRO,NaiveBayes,SMOTE,None,1,6,0.2333,0.6364,0.3415,0.7609,0.2783,0.6364
AVRO,NaiveBayes,SMOTE,None,1,7,0.2195,0.8182,0.3462,0.9070,0.2781,0.3306
AVRO,NaiveBayes,SMOTE,None,1,8,0.2564,0.9091,0.4000,0.9151,0.3383,0.5788
AVRO,NaiveBayes,SMOTE,None,1,9,0.2059,0.6364,0.3111,0.7727,0.2427,0.6364
AVRO,NaiveBayes,SMOTE,None,1,10,0.1944,0.6364,0.2979,0.8053,0.2271,0.3636
AVRO,NaiveBayes,SMOTE,None,2,1,0.2051,0.7273,0.3200,0.9031,0.2505,0.6364
AVRO,NaiveBayes,SMOTE,None,2,2,0.1944,0.6364,0.2979,0.7910,0.2275,0.1818
AVRO,NaiveBayes,SMOTE,None,2,3,0.1563,0.5000,0.2381,0.8155,0.1693,0.4000
AVRO,NaiveBayes,SMOTE,None,2,4,0.1842,0.6364,0.2857,0.7341,0.2127,0.5127
AVRO,NaiveBayes,SMOTE,None,2,5,0.1633,0.7273,0.2667,0.7930,0.1873,0.2978
AVRO,NaiveBayes,SMOTE,None,2,6,0.2250,0.8182,0.3529,0.8765,0.2860,0.5791
AVRO,NaiveBayes,SMOTE,None,2,7,0.2857,0.9091,0.4348,0.8923,0.3782,0.8182
AVRO,NaiveBayes,SMOTE,None,2,8,0.2222,0.7273,0.3404,0.8305,0.2739,0.5455
AVRO,NaiveBayes,SMOTE,None,2,9,0.2188,0.6364,0.3256,0.8224,0.2597,0.7273
AVRO,NaiveBayes,SMOTE,None,2,10,0.1707,0.6364,0.2692,0.6729,0.1932,0.4545
AVRO,NaiveBayes,SMOTE,None,3,1,0.2045,0.8182,0.3273,0.7910,0.2565,0.6364
AVRO,NaiveBayes,SMOTE,None,3,2,0.2143,0.5455,0.3077,0.8056,0.2431,0.5455
AVRO,NaiveBayes,SMOTE,None,3,3,0.2432,0.9000,0.3830,0.9040,0.3252,0.9000
AVRO,NaiveBayes,SMOTE,None,3,4,0.1795,0.6364,0.2800,0.8324,0.2059,0.2727
AVRO,NaiveBayes,SMOTE,None,3,5,0.1628,0.6364,0.2593,0.7780,0.1813,0.4545
AVRO,NaiveBayes,SMOTE,None,3,6,0.2571,0.8182,0.3913,0.8516,0.3304,0.6897
AVRO,NaiveBayes,SMOTE,None,3,7,0.1951,0.7273,0.3077,0.7982,0.2356,0.4545
AVRO,NaiveBayes,SMOTE,None,3,8,0.2250,0.8182,0.3529,0.8366,0.2860,0.3636
AVRO,NaiveBayes,SMOTE,None,3,9,0.1522,0.6364,0.2456,0.7698,0.1650,0.1818
AVRO,NaiveBayes,SMOTE,None,3,10,0.2500,0.7273,0.3721,0.8681,0.3108,0.5518
AVRO,NaiveBayes,SMOTE,None,4,1,0.2368,0.8182,0.3673,0.8725,0.3031,0.5455
AVRO,NaiveBayes,SMOTE,None,4,2,0.1957,0.8182,0.3158,0.8851,0.2432,0.3636
AVRO,NaiveBayes,SMOTE,None,4,3,0.1395,0.6000,0.2264,0.7261,0.1516,0.4154
AVRO,NaiveBayes,SMOTE,None,4,4,0.2000,0.5455,0.2927,0.6603,0.2249,0.6364
AVRO,NaiveBayes,SMOTE,None,4,5,0.1935,0.5455,0.2857,0.7693,0.2166,0.5284
AVRO,NaiveBayes,SMOTE,None,4,6,0.2222,0.9091,0.3571,0.8933,0.2888,0.5455
AVRO,NaiveBayes,SMOTE,None,4,7,0.1707,0.6364,0.2692,0.7814,0.1932,0.3636
AVRO,NaiveBayes,SMOTE,None,4,8,0.2414,0.6364,0.3500,0.8531,0.2883,0.7018
AVRO,NaiveBayes,SMOTE,None,4,9,0.2051,0.7273,0.3200,0.8150,0.2501,0.5455
AVRO,NaiveBayes,SMOTE,None,4,10,0.2105,0.7273,0.3265,0.8802,0.2577,0.2727
AVRO,NaiveBayes,SMOTE,None,5,1,0.1860,0.7273,0.2963,0.8114,0.2227,0.4689
AVRO,NaiveBayes,SMOTE,None,5,2,0.1750,0.6364,0.2745,0.7821,0.1999,0.4545
AVRO,NaiveBayes,SMOTE,None,5,3,0.1935,0.6000,0.2927,0.8305,0.2293,0.5227
AVRO,NaiveBayes,SMOTE,None,5,4,0.2353,0.7273,0.3556,0.7872,0.2916,0.7273
AVRO,NaiveBayes,SMOTE,None,5,5,0.1579,0.5455,0.2449,0.8200,0.1677,0.3636
AVRO,NaiveBayes,SMOTE,None,5,6,0.2571,0.8182,0.3913,0.8255,0.3304,0.5603
AVRO,NaiveBayes,SMOTE,None,5,7,0.2286,0.7273,0.3478,0.7599,0.2826,0.6364
AVRO,NaiveBayes,SMOTE,None,5,8,0.2647,0.8182,0.4000,0.9220,0.3404,0.4545
AVRO,NaiveBayes,SMOTE,None,5,9,0.1860,0.7273,0.2963,0.7935,0.2222,0.5455
AVRO,NaiveBayes,SMOTE,None,5,10,0.1951,0.7273,0.3077,0.8221,0.2356,0.3636
AVRO,NaiveBayes,SMOTE,None,6,1,0.2069,0.5455,0.3000,0.7840,0.2340,0.4545
AVRO,NaiveBayes,SMOTE,None,6,2,0.2273,0.9091,0.3636,0.8887,0.2967,0.4545
AVRO,NaiveBayes,SMOTE,None,6,3,0.1481,0.4000,0.2162,0.6422,0.1487,0.4000
AVRO,NaiveBayes,SMOTE,None,6,4,0.1463,0.5455,0.2308,0.7567,0.1507,0.5455
AVRO,NaiveBayes,SMOTE,None,6,5,0.2778,0.9091,0.4255,0.8917,0.3676,0.7273
AVRO,NaiveBayes,SMOTE,None,6,6,0.2424,0.7273,0.3636,0.8760,0.3009,0.3636
AVRO,NaiveBayes,SMOTE,None,6,7,0.2432,0.8182,0.3750,0.8718,0.3115,0.6364
AVRO,NaiveBayes,SMOTE,None,6,8,0.1818,0.7273,0.2909,0.7903,0.2159,0.8182
AVRO,NaiveBayes,SMOTE,None,6,9,0.1957,0.8182,0.3158,0.8092,0.2427,0.4545
AVRO,NaiveBayes,SMOTE,None,6,10,0.1538,0.5455,0.2400,0.8048,0.1618,0.2655
AVRO,NaiveBayes,SMOTE,None,7,1,0.1212,0.3636,0.1818,0.6463,0.1017,0.2727
AVRO,NaiveBayes,SMOTE,None,7,2,0.1778,0.7273,0.2857,0.7450,0.2102,0.4545
AVRO,NaiveBayes,SMOTE,None,7,3,0.1579,0.6000,0.2500,0.8009,0.1794,0.3000
AVRO,NaiveBayes,SMOTE,None,7,4,0.2667,0.7273,0.3902,0.8881,0.3318,0.7273
AVRO,NaiveBayes,SMOTE,None,7,5,0.2439,0.9091,0.3846,0.8894,0.3206,0.4545
AVRO,NaiveBayes,SMOTE,None,7,6,0.2051,0.7273,0.3200,0.8487,0.2501,0.5455
AVRO,NaiveBayes,SMOTE,None,7,7,0.1905,0.7273,0.3019,0.8182,0.2288,0.1818
AVRO,NaiveBayes,SMOTE,None,7,8,0.2432,0.8182,0.3750,0.8589,0.3115,0.7273
AVRO,NaiveBayes,SMOTE,None,7,9,0.1944,0.6364,0.2979,0.8442,0.2271,0.6364
AVRO,NaiveBayes,SMOTE,None,7,10,0.1951,0.7273,0.3077,0.8071,0.2356,0.6364
AVRO,NaiveBayes,SMOTE,None,8,1,0.2414,0.6364,0.3500,0.8200,0.2887,0.5725
AVRO,NaiveBayes,SMOTE,None,8,2,0.1333,0.5455,0.2143,0.7806,0.1313,0.2727
AVRO,NaiveBayes,SMOTE,None,8,3,0.1892,0.7000,0.2979,0.8302,0.2322,0.5851
AVRO,NaiveBayes,SMOTE,None,8,4,0.2162,0.7273,0.3333,0.7530,0.2657,0.3636
AVRO,NaiveBayes,SMOTE,None,8,5,0.1944,0.6364,0.2979,0.8484,0.2271,0.5455
AVRO,NaiveBayes,SMOTE,None,8,6,0.1935,0.5455,0.2857,0.6534,0.2166,0.5838
AVRO,NaiveBayes,SMOTE,None,8,7,0.1429,0.5455,0.2264,0.7738,0.1454,0.3636
AVRO,NaiveBayes,SMOTE,None,8,8,0.2308,0.8182,0.3600,0.8810,0.2942,0.4545
AVRO,NaiveBayes,SMOTE,None,8,9,0.2195,0.8182,0.3462,0.8271,0.2781,0.5455
AVRO,NaiveBayes,SMOTE,None,8,10,0.2619,1.0000,0.4151,0.9249,0.3539,0.8182
AVRO,NaiveBayes,SMOTE,None,9,1,0.2381,0.9091,0.3774,0.8749,0.3126,0.7273
AVRO,NaiveBayes,SMOTE,None,9,2,0.1842,0.6364,0.2857,0.7445,0.2131,0.4545
AVRO,NaiveBayes,SMOTE,None,9,3,0.2333,0.7000,0.3500,0.8851,0.2923,0.7000
AVRO,NaiveBayes,SMOTE,None,9,4,0.2250,0.8182,0.3529,0.8786,0.2860,0.6364
AVRO,NaiveBayes,SMOTE,None,9,5,0.1628,0.6364,0.2593,0.8029,0.1813,0.3636
AVRO,NaiveBayes,SMOTE,None,9,6,0.1795,0.6364,0.2800,0.8489,0.2059,0.3636
AVRO,NaiveBayes,SMOTE,None,9,7,0.2059,0.6364,0.3111,0.7383,0.2427,0.6294
AVRO,NaiveBayes,SMOTE,None,9,8,0.2121,0.6364,0.3182,0.7935,0.2510,0.4559
AVRO,NaiveBayes,SMOTE,None,9,9,0.2045,0.8182,0.3273,0.8500,0.2561,0.6364
AVRO,NaiveBayes,SMOTE,None,9,10,0.1500,0.5455,0.2353,0.7173,0.1562,0.3636
AVRO,NaiveBayes,SMOTE,None,10,1,0.1935,0.5455,0.2857,0.7419,0.2170,0.4545
AVRO,NaiveBayes,SMOTE,None,10,2,0.2000,0.8182,0.3214,0.8276,0.2497,0.4239
AVRO,NaiveBayes,SMOTE,None,10,3,0.1905,0.8000,0.3077,0.8977,0.2411,0.4901
AVRO,NaiveBayes,SMOTE,None,10,4,0.1702,0.7273,0.2759,0.7977,0.1982,0.4545
AVRO,NaiveBayes,SMOTE,None,10,5,0.2759,0.7273,0.4000,0.9030,0.3431,0.7273
AVRO,NaiveBayes,SMOTE,None,10,6,0.1944,0.6364,0.2979,0.8413,0.2271,0.6168
AVRO,NaiveBayes,SMOTE,None,10,7,0.2195,0.8182,0.3462,0.8707,0.2781,0.7273
AVRO,NaiveBayes,SMOTE,None,10,8,0.2424,0.7273,0.3636,0.8387,0.3009,0.6364
AVRO,NaiveBayes,SMOTE,None,10,9,0.1724,0.4545,0.2500,0.6316,0.1788,0.3576
AVRO,NaiveBayes,SMOTE,None,10,10,0.2093,0.8182,0.3333,0.8852,0.2632,0.4904
AVRO,NaiveBayes,None,InfoGain,1,1,0.2381,0.4545,0.3125,0.8751,0.2543,0.5455
AVRO,NaiveBayes,None,InfoGain,1,2,0.2500,0.3636,0.2963,0.8388,0.2429,0.5455
AVRO,NaiveBayes,None,InfoGain,1,3,0.2800,0.7000,0.4000,0.8943,0.3495,0.7000
AVRO,NaiveBayes,None,InfoGain,1,4,0.1304,0.2727,0.1765,0.6153,0.1040,0.2727
AVRO,NaiveBayes,None,InfoGain,1,5,0.2222,0.5455,0.3158,0.8823,0.2523,0.5455
AVRO,NaiveBayes,None,InfoGain,1,6,0.1765,0.2727,0.2143,0.8345,0.1528,0.4545
AVRO,NaiveBayes,None,InfoGain,1,7,0.3600,0.8182,0.5000,0.9285,0.4547,0.5455
AVRO,NaiveBayes,None,InfoGain,1,8,0.3200,0.7273,0.4444,0.9143,0.3941,0.8182
AVRO,NaiveBayes,None,InfoGain,1,9,0.2500,0.4545,0.3226,0.7832,0.2660,0.5584
AVRO,NaiveBayes,None,InfoGain,1,10,0.2381,0.4545,0.3125,0.8418,0.2540,0.4032
AVRO,NaiveBayes,None,InfoGain,2,1,0.2414,0.6364,0.3500,0.8952,0.2887,0.5455
AVRO,NaiveBayes,None,InfoGain,2,2,0.2692,0.6364,0.3784,0.8051,0.3217,0.4545
AVRO,NaiveBayes,None,InfoGain,2,3,0.2941,0.5000,0.3704,0.8333,0.3241,0.5000
AVRO,NaiveBayes,None,InfoGain,2,4,0.2353,0.3636,0.2857,0.7467,0.2298,0.5223
AVRO,NaiveBayes,None,InfoGain,2,5,0.1818,0.3636,0.2424,0.8321,0.1768,0.4545
AVRO,NaiveBayes,None,InfoGain,2,6,0.3333,0.6364,0.4375,0.9185,0.3896,0.7273
AVRO,NaiveBayes,None,InfoGain,2,7,0.2800,0.6364,0.3889,0.8970,0.3336,0.5455
AVRO,NaiveBayes,None,InfoGain,2,8,0.3077,0.7273,0.4324,0.8442,0.3804,0.5908
AVRO,NaiveBayes,None,InfoGain,2,9,0.2000,0.2727,0.2308,0.8497,0.1738,0.4545
AVRO,NaiveBayes,None,InfoGain,2,10,0.1818,0.3636,0.2424,0.7646,0.1768,0.4545
AVRO,NaiveBayes,None,InfoGain,3,1,0.2258,0.6364,0.3333,0.8098,0.2692,0.5735
AVRO,NaiveBayes,None,InfoGain,3,2,0.1333,0.1818,0.1538,0.8020,0.0915,0.3636
AVRO,NaiveBayes,None,InfoGain,3,3,0.2353,0.4000,0.2963,0.9046,0.2446,0.7000
AVRO,NaiveBayes,None,InfoGain,3,4,0.2353,0.3636,0.2857,0.8655,0.2298,0.4594
AVRO,NaiveBayes,None,InfoGain,3,5,0.3571,0.4545,0.4000,0.8200,0.3569,0.4545
AVRO,NaiveBayes,None,InfoGain,3,6,0.3500,0.6364,0.4516,0.8615,0.4058,0.7273
AVRO,NaiveBayes,None,InfoGain,3,7,0.2222,0.5455,0.3158,0.8297,0.2523,0.4545
AVRO,NaiveBayes,None,InfoGain,3,8,0.3077,0.7273,0.4324,0.8565,0.3804,0.6364
AVRO,NaiveBayes,None,InfoGain,3,9,0.2800,0.6364,0.3889,0.8255,0.3336,0.5227
AVRO,NaiveBayes,None,InfoGain,3,10,0.2941,0.4545,0.3571,0.8681,0.3068,0.5455
AVRO,NaiveBayes,None,InfoGain,4,1,0.3333,0.6364,0.4375,0.9080,0.3899,0.6364
AVRO,NaiveBayes,None,InfoGain,4,2,0.3333,0.6364,0.4375,0.8918,0.3899,0.6470
AVRO,NaiveBayes,None,InfoGain,4,3,0.1724,0.5000,0.2564,0.7356,0.1910,0.5000
AVRO,NaiveBayes,None,InfoGain,4,4,0.1765,0.2727,0.2143,0.7785,0.1528,0.2727
AVRO,NaiveBayes,None,InfoGain,4,5,0.3125,0.4545,0.3704,0.8271,0.3224,0.5455
AVRO,NaiveBayes,None,InfoGain,4,6,0.3158,0.5455,0.4000,0.8812,0.3508,0.8120
AVRO,NaiveBayes,None,InfoGain,4,7,0.1724,0.4545,0.2500,0.7969,0.1788,0.3636
AVRO,NaiveBayes,None,InfoGain,4,8,0.2174,0.4545,0.2941,0.8568,0.2320,0.6364
AVRO,NaiveBayes,None,InfoGain,4,9,0.2083,0.4545,0.2857,0.8140,0.2219,0.4545
AVRO,NaiveBayes,None,InfoGain,4,10,0.3684,0.6364,0.4667,0.9075,0.4230,0.6133
AVRO,NaiveBayes,None,InfoGain,5,1,0.2692,0.6364,0.3784,0.8673,0.3217,0.6364
AVRO,NaiveBayes,None,InfoGain,5,2,0.2500,0.4545,0.3226,0.8004,0.2663,0.4545
AVRO,NaiveBayes,None,InfoGain,5,3,0.2174,0.5000,0.3030,0.8132,0.2459,0.5000
AVRO,NaiveBayes,None,InfoGain,5,4,0.2083,0.4545,0.2857,0.8145,0.2219,0.4545
AVRO,NaiveBayes,None,InfoGain,5,5,0.2857,0.5455,0.3750,0.8318,0.3218,0.5455
AVRO,NaiveBayes,None,InfoGain,5,6,0.2917,0.6364,0.4000,0.8870,0.3464,0.6364
AVRO,NaiveBayes,None,InfoGain,5,7,0.2500,0.3636,0.2963,0.8119,0.2426,0.4545
AVRO,NaiveBayes,None,InfoGain,5,8,0.3333,0.4545,0.3846,0.9033,0.3390,0.6364
AVRO,NaiveBayes,None,InfoGain,5,9,0.2500,0.6364,0.3590,0.8397,0.2988,0.5455
AVRO,NaiveBayes,None,InfoGain,5,10,0.3182,0.6364,0.4242,0.8334,0.3744,0.6824
AVRO,NaiveBayes,None,InfoGain,6,1,0.3077,0.3636,0.3333,0.8101,0.2874,0.5455
AVRO,NaiveBayes,None,InfoGain,6,2,0.3000,0.8182,0.4390,0.8966,0.3856,0.6364
AVRO,NaiveBayes,None,InfoGain,6,3,0.1111,0.2000,0.1429,0.8336,0.0785,0.4000
AVRO,NaiveBayes,None,InfoGain,6,4,0.1786,0.4545,0.2564,0.7719,0.1866,0.4545
AVRO,NaiveBayes,None,InfoGain,6,5,0.4000,0.7273,0.5161,0.9354,0.4757,0.7273
AVRO,NaiveBayes,None,InfoGain,6,6,0.3810,0.7273,0.5000,0.9138,0.4574,0.6364
AVRO,NaiveBayes,None,InfoGain,6,7,0.2917,0.6364,0.4000,0.8757,0.3464,0.6343
AVRO,NaiveBayes,None,InfoGain,6,8,0.1053,0.1818,0.1333,0.8156,0.0623,0.2727
AVRO,NaiveBayes,None,InfoGain,6,9,0.2800,0.6364,0.3889,0.8161,0.3336,0.6364
AVRO,NaiveBayes,None,InfoGain,6,10,0.1852,0.4545,0.2632,0.8177,0.1947,0.4545
AVRO,NaiveBayes,None,InfoGain,7,1,0.0952,0.1818,0.1250,0.7884,0.0509,0.1818
AVRO,NaiveBayes,None,InfoGain,7,2,0.1935,0.5455,0.2857,0.7853,0.2170,0.4617
AVRO,NaiveBayes,None,InfoGain,7,3,0.3571,0.5000,0.4167,0.8092,0.3772,0.6000
AVRO,NaiveBayes,None,InfoGain,7,4,0.2857,0.3636,0.3200,0.8749,0.2712,0.4545
AVRO,NaiveBayes,None,InfoGain,7,5,0.3462,0.8182,0.4865,0.9333,0.4394,0.7806
AVRO,NaiveBayes,None,InfoGain,7,6,0.3200,0.7273,0.4444,0.8886,0.3941,0.5978
AVRO,NaiveBayes,None,InfoGain,7,7,0.3182,0.6364,0.4242,0.8279,0.3744,0.4545
AVRO,NaiveBayes,None,InfoGain,7,8,0.2500,0.5455,0.3429,0.8718,0.2842,0.7273
AVRO,NaiveBayes,None,InfoGain,7,9,0.2727,0.5455,0.3636,0.8387,0.3085,0.5455
AVRO,NaiveBayes,None,InfoGain,7,10,0.1579,0.2727,0.2000,0.8192,0.1345,0.4545
AVRO,NaiveBayes,None,InfoGain,8,1,0.2778,0.4545,0.3448,0.8592,0.2926,0.4545
AVRO,NaiveBayes,None,InfoGain,8,2,0.1786,0.4545,0.2564,0.8234,0.1870,0.4545
AVRO,NaiveBayes,None,InfoGain,8,3,0.2174,0.5000,0.3030,0.8652,0.2459,0.6000
AVRO,NaiveBayes,None,InfoGain,8,4,0.2857,0.5455,0.3750,0.7567,0.3218,0.5559
AVRO,NaiveBayes,None,InfoGain,8,5,0.3182,0.6364,0.4242,0.8487,0.3744,0.6364
AVRO,NaiveBayes,None,InfoGain,8,6,0.2308,0.2727,0.2500,0.7325,0.1981,0.3636
AVRO,NaiveBayes,None,InfoGain,8,7,0.2000,0.3636,0.2581,0.7890,0.1960,0.5455
AVRO,NaiveBayes,None,InfoGain,8,8,0.2778,0.4545,0.3448,0.9138,0.2923,0.6364
AVRO,NaiveBayes,None,InfoGain,8,9,0.2308,0.5455,0.3243,0.8760,0.2623,0.5455
AVRO,NaiveBayes,None,InfoGain,8,10,0.2857,0.7273,0.4103,0.9212,0.3549,0.8182
AVRO,NaiveBayes,None,InfoGain,9,1,0.2692,0.6364,0.3784,0.8757,0.3217,0.6364
AVRO,NaiveBayes,None,InfoGain,9,2,0.1500,0.2727,0.1935,0.8380,0.1265,0.3440
AVRO,NaiveBayes,None,InfoGain,9,3,0.2500,0.5000,0.3333,0.8983,0.2812,0.6000
AVRO,NaiveBayes,None,InfoGain,9,4,0.3158,0.5455,0.4000,0.8828,0.3508,0.6364
AVRO,NaiveBayes,None,InfoGain,9,5,0.2069,0.5455,0.3000,0.8245,0.2336,0.4347
AVRO,NaiveBayes,None,InfoGain,9,6,0.2727,0.5455,0.3636,0.8466,0.3085,0.5369
AVRO,NaiveBayes,None,InfoGain,9,7,0.2381,0.4545,0.3125,0.7798,0.2540,0.5455
AVRO,NaiveBayes,None,InfoGain,9,8,0.3043,0.6364,0.4118,0.8466,0.3600,0.6364
AVRO,NaiveBayes,None,InfoGain,9,9,0.2857,0.5455,0.3750,0.8602,0.3218,0.7273
AVRO,NaiveBayes,None,InfoGain,9,10,0.2105,0.3636,0.2667,0.7572,0.2066,0.4545
AVRO,NaiveBayes,None,InfoGain,10,1,0.2273,0.4545,0.3030,0.7921,0.2430,0.4545
AVRO,NaiveBayes,None,InfoGain,10,2,0.2759,0.7273,0.4000,0.8367,0.3434,0.5455
AVRO,NaiveBayes,None,InfoGain,10,3,0.2917,0.7000,0.4118,0.9299,0.3629,0.8000
AVRO,NaiveBayes,None,InfoGain,10,4,0.2000,0.4545,0.2778,0.8466,0.2124,0.2957
AVRO,NaiveBayes,None,InfoGain,10,5,0.2143,0.2727,0.2400,0.8770,0.1855,0.4545
AVRO,NaiveBayes,None,InfoGain,10,6,0.1818,0.3636,0.2424,0.8255,0.1768,0.5455
AVRO,NaiveBayes,None,InfoGain,10,7,0.2500,0.5455,0.3429,0.8676,0.2842,0.6364
AVRO,NaiveBayes,None,InfoGain,10,8,0.2857,0.5455,0.3750,0.8568,0.3218,0.5455
AVRO,NaiveBayes,None,InfoGain,10,9,0.2941,0.4545,0.3571,0.7013,0.3068,0.4545
AVRO,NaiveBayes,None,InfoGain,10,10,0.3200,0.7273,0.4444,0.9191,0.3941,0.7273
AVRO,NaiveBayes,Undersampling,InfoGain,1,1,0.2143,0.5455,0.3077,0.8582,0.2431,0.4713
AVRO,NaiveBayes,Undersampling,InfoGain,1,2,0.2500,0.5455,0.3429,0.8344,0.2845,0.4656
AVRO,NaiveBayes,Undersampling,InfoGain,1,3,0.2162,0.8000,0.3404,0.8678,0.2787,0.4892
AVRO,NaiveBayes,Undersampling,InfoGain,1,4,0.1071,0.2727,0.1538,0.6127,0.0744,0.2727
AVRO,NaiveBayes,Undersampling,InfoGain,1,5,0.2286,0.7273,0.3478,0.8865,0.2826,0.7273
AVRO,NaiveBayes,Undersampling,InfoGain,1,6,0.1923,0.4545,0.2703,0.7903,0.2033,0.5455
AVRO,NaiveBayes,Undersampling,InfoGain,1,7,0.2000,0.8182,0.3214,0.9327,0.2493,0.4085
AVRO,NaiveBayes,Undersampling,InfoGain,1,8,0.3030,0.9091,0.4545,0.9170,0.4008,0.7273
AVRO,NaiveBayes,Undersampling,InfoGain,1,9,0.2188,0.6364,0.3256,0.8079,0.2597,0.6364
AVRO,NaiveBayes,Undersampling,InfoGain,1,10,0.1818,0.5455,0.2727,0.8132,0.2011,0.4545
AVRO,NaiveBayes,Undersampling,InfoGain,2,1,0.1522,0.6364,0.2456,0.8477,0.1655,0.3636
AVRO,NaiveBayes,Undersampling,InfoGain,2,2,0.1702,0.7273,0.2759,0.8221,0.1986,0.1886
AVRO,NaiveBayes,Undersampling,InfoGain,2,3,0.3043,0.7000,0.4242,0.8483,0.3770,0.7000
AVRO,NaiveBayes,Undersampling,InfoGain,2,4,0.2000,0.5455,0.2927,0.7357,0.2249,0.5455
AVRO,NaiveBayes,Undersampling,InfoGain,2,5,0.1277,0.5455,0.2069,0.7969,0.1218,0.1818
AVRO,NaiveBayes,Undersampling,InfoGain,2,6,0.2105,0.7273,0.3265,0.8770,0.2577,0.6364
AVRO,NaiveBayes,Undersampling,InfoGain,2,7,0.2105,0.7273,0.3265,0.8644,0.2577,0.8182
AVRO,NaiveBayes,Undersampling,InfoGain,2,8,0.2222,0.7273,0.3404,0.8363,0.2739,0.5455
AVRO,NaiveBayes,Undersampling,InfoGain,2,9,0.1563,0.4545,0.2326,0.8171,0.1576,0.5455
AVRO,NaiveBayes,Undersampling,InfoGain,2,10,0.1818,0.5455,0.2727,0.7796,0.2011,0.5455
AVRO,NaiveBayes,Undersampling,InfoGain,3,1,0.1957,0.8182,0.3158,0.7827,0.2432,0.6364
AVRO,NaiveBayes,Undersampling,InfoGain,3,2,0.1071,0.2727,0.1538,0.7482,0.0749,0.3636
AVRO,NaiveBayes,Undersampling,InfoGain,3,3,0.1591,0.7000,0.2593,0.8322,0.1873,0.7000
AVRO,NaiveBayes,Undersampling,InfoGain,3,4,0.2000,0.5455,0.2927,0.8713,0.2249,0.4545
AVRO,NaiveBayes,Undersampling,InfoGain,3,5,0.2059,0.6364,0.3111,0.7990,0.2427,0.5146
AVRO,NaiveBayes,Undersampling,InfoGain,3,6,0.2571,0.8182,0.3913,0.8631,0.3304,0.5455
AVRO,NaiveBayes,Undersampling,InfoGain,3,7,0.1818,0.7273,0.2909,0.8145,0.2159,0.5320
AVRO,NaiveBayes,Undersampling,InfoGain,3,8,0.2162,0.7273,0.3333,0.8665,0.2657,0.3636
AVRO,NaiveBayes,Undersampling,InfoGain,3,9,0.1429,0.6364,0.2333,0.7898,0.1504,0.1818
AVRO,NaiveBayes,Undersampling,InfoGain,3,10,0.2500,0.5455,0.3429,0.8589,0.2842,0.6364
AVRO,NaiveBayes,Undersampling,InfoGain,4,1,0.2941,0.9091,0.4444,0.9117,0.3896,0.8182
AVRO,NaiveBayes,Undersampling,InfoGain,4,2,0.2432,0.8182,0.3750,0.8647,0.3119,0.3636
AVRO,NaiveBayes,Undersampling,InfoGain,4,3,0.1395,0.6000,0.2264,0.7155,0.1516,0.5116
AVRO,NaiveBayes,Undersampling,InfoGain,4,4,0.1765,0.5455,0.2667,0.7417,0.1938,0.4545
AVRO,NaiveBayes,Undersampling,InfoGain,4,5,0.2069,0.5455,0.3000,0.8292,0.2336,0.6364
AVRO,NaiveBayes,Undersampling,InfoGain,4,6,0.1961,0.9091,0.3226,0.9049,0.2487,0.4807
AVRO,NaiveBayes,Undersampling,InfoGain,4,7,0.1522,0.6364,0.2456,0.7995,0.1650,0.3636
AVRO,NaiveBayes,Undersampling,InfoGain,4,8,0.3000,0.8182,0.4390,0.8689,0.3852,0.7498
AVRO,NaiveBayes,Undersampling,InfoGain,4,9,0.1892,0.6364,0.2917,0.8308,0.2198,0.7173
AVRO,NaiveBayes,Undersampling,InfoGain,4,10,0.2059,0.6364,0.3111,0.8770,0.2427,0.3636
AVRO,NaiveBayes,Undersampling,InfoGain,5,1,0.2353,0.7273,0.3556,0.8647,0.2919,0.7241
AVRO,NaiveBayes,Undersampling,InfoGain,5,2,0.1667,0.4545,0.2439,0.7889,0.1718,0.4072
AVRO,NaiveBayes,Undersampling,InfoGain,5,3,0.1395,0.6000,0.2264,0.8259,0.1516,0.5000
AVRO,NaiveBayes,Undersampling,InfoGain,5,4,0.2188,0.6364,0.3256,0.8053,0.2597,0.6364
AVRO,NaiveBayes,Undersampling,InfoGain,5,5,0.1765,0.5455,0.2667,0.8245,0.1938,0.5725
AVRO,NaiveBayes,Undersampling,InfoGain,5,6,0.2813,0.8182,0.4186,0.8849,0.3618,0.6058
AVRO,NaiveBayes,Undersampling,InfoGain,5,7,0.2069,0.5455,0.3000,0.8082,0.2336,0.5455
AVRO,NaiveBayes,Undersampling,InfoGain,5,8,0.3600,0.8182,0.5000,0.9185,0.4547,0.6541
AVRO,NaiveBayes,Undersampling,InfoGain,5,9,0.1892,0.6364,0.2917,0.8408,0.2198,0.5455
AVRO,NaiveBayes,Undersampling,InfoGain,5,10,0.1667,0.7273,0.2712,0.8339,0.1927,0.2727
AVRO,NaiveBayes,Undersampling,InfoGain,6,1,0.2727,0.5455,0.3636,0.8007,0.3088,0.5455
AVRO,NaiveBayes,Undersampling,InfoGain,6,2,0.2326,0.9091,0.3704,0.8892,0.3045,0.4545
AVRO,NaiveBayes,Undersampling,InfoGain,6,3,0.1923,0.5000,0.2778,0.8138,0.2163,0.5000
AVRO,NaiveBayes,Undersampling,InfoGain,6,4,0.1373,0.6364,0.2258,0.7809,0.1414,0.4874
AVRO,NaiveBayes,Undersampling,InfoGain,6,5,0.2500,0.9091,0.3922,0.9291,0.3293,0.6364
AVRO,NaiveBayes,Undersampling,InfoGain,6,6,0.2727,0.8182,0.4091,0.9070,0.3509,0.4545
AVRO,NaiveBayes,Undersampling,InfoGain,6,7,0.1944,0.6364,0.2979,0.8833,0.2271,0.6364
AVRO,NaiveBayes,Undersampling,InfoGain,6,8,0.1176,0.3636,0.1778,0.8219,0.0961,0.6364
AVRO,NaiveBayes,Undersampling,InfoGain,6,9,0.2143,0.8182,0.3396,0.8135,0.2705,0.4545
AVRO,NaiveBayes,Undersampling,InfoGain,6,10,0.1316,0.4545,0.2041,0.8216,0.1227,0.4282
AVRO,NaiveBayes,Undersampling,InfoGain,7,1,0.1212,0.3636,0.1818,0.7827,0.1017,0.4545
AVRO,NaiveBayes,Undersampling,InfoGain,7,2,0.1622,0.5455,0.2500,0.7811,0.1743,0.3700
AVRO,NaiveBayes,Undersampling,InfoGain,7,3,0.2222,0.6000,0.3243,0.8078,0.2661,0.4205
AVRO,NaiveBayes,Undersampling,InfoGain,7,4,0.1538,0.3636,0.2162,0.8392,0.1443,0.4863
AVRO,NaiveBayes,Undersampling,InfoGain,7,5,0.2500,0.9091,0.3922,0.9298,0.3293,0.6364
AVRO,NaiveBayes,Undersampling,InfoGain,7,6,0.2286,0.7273,0.3478,0.8744,0.2826,0.5455
AVRO,NaiveBayes,Undersampling,InfoGain,7,7,0.2188,0.6364,0.3256,0.8250,0.2597,0.4164
AVRO,NaiveBayes,Undersampling,InfoGain,7,8,0.2051,0.7273,0.3200,0.8342,0.2501,0.7273
AVRO,NaiveBayes,Undersampling,InfoGain,7,9,0.1500,0.5455,0.2353,0.8182,0.1562,0.4545
AVRO,NaiveBayes,Undersampling,InfoGain,7,10,0.1842,0.6364,0.2857,0.8297,0.2127,0.7273
AVRO,NaiveBayes,Undersampling,InfoGain,8,1,0.1923,0.4545,0.2703,0.8639,0.2037,0.4545
AVRO,NaiveBayes,Undersampling,InfoGain,8,2,0.1429,0.5455,0.2264,0.8187,0.1459,0.2727
AVRO,NaiveBayes,Undersampling,InfoGain,8,3,0.2258,0.7000,0.3415,0.8739,0.2825,0.7000
AVRO,NaiveBayes,Undersampling,InfoGain,8,4,0.1429,0.6364,0.2333,0.7231,0.1504,0.3636
AVRO,NaiveBayes,Undersampling,InfoGain,8,5,0.1915,0.8182,0.3103,0.8823,0.2364,0.6364
AVRO,NaiveBayes,Undersampling,InfoGain,8,6,0.1538,0.3636,0.2162,0.7105,0.1443,0.4545
AVRO,NaiveBayes,Undersampling,InfoGain,8,7,0.1429,0.5455,0.2264,0.7922,0.1454,0.3636
AVRO,NaiveBayes,Undersampling,InfoGain,8,8,0.2564,0.9091,0.4000,0.9196,0.3383,0.5455
AVRO,NaiveBayes,Undersampling,InfoGain,8,9,0.2051,0.7273,0.3200,0.8713,0.2501,0.6364
AVRO,NaiveBayes,Undersampling,InfoGain,8,10,0.1778,0.7273,0.2857,0.8597,0.2098,0.7273
AVRO,NaiveBayes,Undersampling,InfoGain,9,1,0.1818,0.9091,0.3030,0.8793,0.2264,0.6178
AVRO,NaiveBayes,Undersampling,InfoGain,9,2,0.1778,0.7273,0.2857,0.8124,0.2102,0.5455
AVRO,NaiveBayes,Undersampling,InfoGain,9,3,0.2069,0.6000,0.3077,0.9000,0.2468,0.6000
AVRO,NaiveBayes,Undersampling,InfoGain,9,4,0.2813,0.8182,0.4186,0.8823,0.3618,0.6364
AVRO,NaiveBayes,Undersampling,InfoGain,9,5,0.1707,0.6364,0.2692,0.8219,0.1932,0.2727
AVRO,NaiveBayes,Undersampling,InfoGain,9,6,0.2424,0.7273,0.3636,0.8460,0.3009,0.4545
AVRO,NaiveBayes,Undersampling,InfoGain,9,7,0.1875,0.5455,0.2791,0.7882,0.2087,0.4718
AVRO,NaiveBayes,Undersampling,InfoGain,9,8,0.2188,0.6364,0.3256,0.8523,0.2597,0.3636
AVRO,NaiveBayes,Undersampling,InfoGain,9,9,0.2353,0.7273,0.3556,0.8786,0.2916,0.6784
AVRO,NaiveBayes,Undersampling,InfoGain,9,10,0.2000,0.5455,0.2927,0.7693,0.2249,0.4545
AVRO,NaiveBayes,Undersampling,InfoGain,10,1,0.2083,0.4545,0.2857,0.7738,0.2223,0.4551
AVRO,NaiveBayes,Undersampling,InfoGain,10,2,0.2045,0.8182,0.3273,0.8435,0.2565,0.3636
AVRO,NaiveBayes,Undersampling,InfoGain,10,3,0.2439,1.0000,0.3922,0.9316,0.3340,0.6825
AVRO,NaiveBayes,Undersampling,InfoGain,10,4,0.2000,0.7273,0.3137,0.8418,0.2427,0.4545
AVRO,NaiveBayes,Undersampling,InfoGain,10,5,0.2400,0.5455,0.3333,0.8681,0.2730,0.6364
AVRO,NaiveBayes,Undersampling,InfoGain,10,6,0.2000,0.5455,0.2927,0.8187,0.2249,0.6493
AVRO,NaiveBayes,Undersampling,InfoGain,10,7,0.1892,0.6364,0.2917,0.8571,0.2198,0.6232
AVRO,NaiveBayes,Undersampling,InfoGain,10,8,0.2692,0.6364,0.3784,0.8439,0.3214,0.6364
AVRO,NaiveBayes,Undersampling,InfoGain,10,9,0.1613,0.4545,0.2381,0.6965,0.1643,0.4279
AVRO,NaiveBayes,Undersampling,InfoGain,10,10,0.2222,0.9091,0.3571,0.9322,0.2888,0.5455
AVRO,NaiveBayes,Oversampling,InfoGain,1,1,0.2059,0.6364,0.3111,0.8767,0.2431,0.5455
AVRO,NaiveBayes,Oversampling,InfoGain,1,2,0.2333,0.6364,0.3415,0.8388,0.2787,0.5129
AVRO,NaiveBayes,Oversampling,InfoGain,1,3,0.2353,0.8000,0.3636,0.8920,0.3053,0.5074
AVRO,NaiveBayes,Oversampling,InfoGain,1,4,0.1034,0.2727,0.1500,0.6232,0.0693,0.2727
AVRO,NaiveBayes,Oversampling,InfoGain,1,5,0.2286,0.7273,0.3478,0.8791,0.2826,0.6771
AVRO,NaiveBayes,Oversampling,InfoGain,1,6,0.1724,0.4545,0.2500,0.8424,0.1788,0.4545
AVRO,NaiveBayes,Oversampling,InfoGain,1,7,0.2432,0.8182,0.3750,0.9322,0.3115,0.3915
AVRO,NaiveBayes,Oversampling,InfoGain,1,8,0.3226,0.9091,0.4762,0.9170,0.4255,0.7273
AVRO,NaiveBayes,Oversampling,InfoGain,1,9,0.2188,0.6364,0.3256,0.7864,0.2597,0.6364
AVRO,NaiveBayes,Oversampling,InfoGain,1,10,0.1622,0.5455,0.2500,0.8350,0.1739,0.5482
AVRO,NaiveBayes,Oversampling,InfoGain,2,1,0.2121,0.6364,0.3182,0.8968,0.2514,0.6364
AVRO,NaiveBayes,Oversampling,InfoGain,2,2,0.2059,0.6364,0.3111,0.8067,0.2431,0.1818
AVRO,NaiveBayes,Oversampling,InfoGain,2,3,0.2174,0.5000,0.3030,0.8322,0.2459,0.6000
AVRO,NaiveBayes,Oversampling,InfoGain,2,4,0.2069,0.5455,0.3000,0.7472,0.2336,0.5455
AVRO,NaiveBayes,Oversampling,InfoGain,2,5,0.1500,0.5455,0.2353,0.8337,0.1562,0.2727
AVRO,NaiveBayes,Oversampling,InfoGain,2,6,0.2222,0.7273,0.3404,0.9154,0.2739,0.7273
AVRO,NaiveBayes,Oversampling,InfoGain,2,7,0.2857,0.9091,0.4348,0.8970,0.3782,0.8182
AVRO,NaiveBayes,Oversampling,InfoGain,2,8,0.2222,0.7273,0.3404,0.8452,0.2739,0.5455
AVRO,NaiveBayes,Oversampling,InfoGain,2,9,0.2222,0.5455,0.3158,0.8508,0.2523,0.6364
AVRO,NaiveBayes,Oversampling,InfoGain,2,10,0.1500,0.5455,0.2353,0.7798,0.1562,0.4545
AVRO,NaiveBayes,Oversampling,InfoGain,3,1,0.2093,0.8182,0.3333,0.7994,0.2636,0.6364
AVRO,NaiveBayes,Oversampling,InfoGain,3,2,0.1481,0.3636,0.2105,0.7910,0.1377,0.4545
AVRO,NaiveBayes,Oversampling,InfoGain,3,3,0.2500,0.8000,0.3810,0.9069,0.3251,0.9000
AVRO,NaiveBayes,Oversampling,InfoGain,3,4,0.2222,0.5455,0.3158,0.8623,0.2523,0.3292
AVRO,NaiveBayes,Oversampling,InfoGain,3,5,0.2000,0.4545,0.2778,0.8184,0.2124,0.6364
AVRO,NaiveBayes,Oversampling,InfoGain,3,6,0.2581,0.7273,0.3810,0.8615,0.3210,0.7529
AVRO,NaiveBayes,Oversampling,InfoGain,3,7,0.2162,0.7273,0.3333,0.8276,0.2657,0.4545
AVRO,NaiveBayes,Oversampling,InfoGain,3,8,0.2667,0.7273,0.3902,0.8555,0.3318,0.3876
AVRO,NaiveBayes,Oversampling,InfoGain,3,9,0.1944,0.6364,0.2979,0.8219,0.2271,0.3530
AVRO,NaiveBayes,Oversampling,InfoGain,3,10,0.2609,0.5455,0.3529,0.8686,0.2960,0.6364
AVRO,NaiveBayes,Oversampling,InfoGain,4,1,0.2500,0.7273,0.3721,0.9013,0.3111,0.6364
AVRO,NaiveBayes,Oversampling,InfoGain,4,2,0.2647,0.8182,0.4000,0.9013,0.3408,0.3636
AVRO,NaiveBayes,Oversampling,InfoGain,4,3,0.1622,0.6000,0.2553,0.7276,0.1856,0.6000
AVRO,NaiveBayes,Oversampling,InfoGain,4,4,0.1923,0.4545,0.2703,0.7727,0.2033,0.4545
AVRO,NaiveBayes,Oversampling,InfoGain,4,5,0.2400,0.5455,0.3333,0.8255,0.2730,0.7273
AVRO,NaiveBayes,Oversampling,InfoGain,4,6,0.2647,0.8182,0.4000,0.8849,0.3404,0.6959
AVRO,NaiveBayes,Oversampling,InfoGain,4,7,0.1333,0.5455,0.2143,0.7937,0.1308,0.3246
AVRO,NaiveBayes,Oversampling,InfoGain,4,8,0.2857,0.7273,0.4103,0.8594,0.3549,0.8182
AVRO,NaiveBayes,Oversampling,InfoGain,4,9,0.1842,0.6364,0.2857,0.8192,0.2127,0.7273
AVRO,NaiveBayes,Oversampling,InfoGain,4,10,0.2414,0.6364,0.3500,0.9086,0.2883,0.2963
AVRO,NaiveBayes,Oversampling,InfoGain,5,1,0.2500,0.7273,0.3721,0.8673,0.3111,0.7273
AVRO,NaiveBayes,Oversampling,InfoGain,5,2,0.1667,0.4545,0.2439,0.8004,0.1718,0.4072
AVRO,NaiveBayes,Oversampling,InfoGain,5,3,0.2069,0.6000,0.3077,0.8190,0.2468,0.4508
AVRO,NaiveBayes,Oversampling,InfoGain,5,4,0.2258,0.6364,0.3333,0.8082,0.2688,0.6364
AVRO,NaiveBayes,Oversampling,InfoGain,5,5,0.1667,0.5455,0.2553,0.8329,0.1802,0.5455
AVRO,NaiveBayes,Oversampling,InfoGain,5,6,0.2059,0.6364,0.3111,0.8870,0.2427,0.6364
AVRO,NaiveBayes,Oversampling,InfoGain,5,7,0.2000,0.5455,0.2927,0.8119,0.2249,0.5455
AVRO,NaiveBayes,Oversampling,InfoGain,5,8,0.2963,0.7273,0.4211,0.9007,0.3673,0.6056
AVRO,NaiveBayes,Oversampling,InfoGain,5,9,0.1892,0.6364,0.2917,0.8445,0.2198,0.4545
AVRO,NaiveBayes,Oversampling,InfoGain,5,10,0.2000,0.7273,0.3137,0.8329,0.2427,0.3636
AVRO,NaiveBayes,Oversampling,InfoGain,6,1,0.2727,0.5455,0.3636,0.8085,0.3088,0.5455
AVRO,NaiveBayes,Oversampling,InfoGain,6,2,0.2222,0.9091,0.3571,0.8971,0.2892,0.4545
AVRO,NaiveBayes,Oversampling,InfoGain,6,3,0.2083,0.5000,0.2941,0.8368,0.2355,0.5000
AVRO,NaiveBayes,Oversampling,InfoGain,6,4,0.1538,0.5455,0.2400,0.7683,0.1618,0.5455
AVRO,NaiveBayes,Oversampling,InfoGain,6,5,0.3125,0.9091,0.4651,0.9317,0.4129,0.7178
AVRO,NaiveBayes,Oversampling,InfoGain,6,6,0.2581,0.7273,0.3810,0.9170,0.3210,0.6016
AVRO,NaiveBayes,Oversampling,InfoGain,6,7,0.2121,0.6364,0.3182,0.8765,0.2510,0.6364
AVRO,NaiveBayes,Oversampling,InfoGain,6,8,0.1333,0.3636,0.1951,0.8166,0.1180,0.6364
AVRO,NaiveBayes,Oversampling,InfoGain,6,9,0.2250,0.8182,0.3529,0.8171,0.2860,0.4545
AVRO,NaiveBayes,Oversampling,InfoGain,6,10,0.1351,0.4545,0.2083,0.8198,0.1280,0.3636
AVRO,NaiveBayes,Oversampling,InfoGain,7,1,0.1143,0.3636,0.1739,0.7785,0.0917,0.4545
AVRO,NaiveBayes,Oversampling,InfoGain,7,2,0.1463,0.5455,0.2308,0.7868,0.1512,0.4545
AVRO,NaiveBayes,Oversampling,InfoGain,7,3,0.2727,0.6000,0.3750,0.8069,0.3245,0.5000
AVRO,NaiveBayes,Oversampling,InfoGain,7,4,0.2727,0.5455,0.3636,0.8755,0.3085,0.6364
AVRO,NaiveBayes,Oversampling,InfoGain,7,5,0.2326,0.9091,0.3704,0.9338,0.3041,0.4545
AVRO,NaiveBayes,Oversampling,InfoGain,7,6,0.2162,0.7273,0.3333,0.8896,0.2657,0.6364
AVRO,NaiveBayes,Oversampling,InfoGain,7,7,0.1905,0.7273,0.3019,0.8284,0.2288,0.1818
AVRO,NaiveBayes,Oversampling,InfoGain,7,8,0.2222,0.7273,0.3404,0.8739,0.2739,0.7273
AVRO,NaiveBayes,Oversampling,InfoGain,7,9,0.1818,0.5455,0.2727,0.8434,0.2011,0.5455
AVRO,NaiveBayes,Oversampling,InfoGain,7,10,0.1818,0.5455,0.2727,0.8313,0.2011,0.6364
AVRO,NaiveBayes,Oversampling,InfoGain,8,1,0.2400,0.5455,0.3333,0.8545,0.2733,0.6364
AVRO,NaiveBayes,Oversampling,InfoGain,8,2,0.1579,0.5455,0.2449,0.8177,0.1682,0.3636
AVRO,NaiveBayes,Oversampling,InfoGain,8,3,0.2121,0.7000,0.3256,0.8652,0.2642,0.7000
AVRO,NaiveBayes,Oversampling,InfoGain,8,4,0.2051,0.7273,0.3200,0.7546,0.2501,0.3636
AVRO,NaiveBayes,Oversampling,InfoGain,8,5,0.1892,0.6364,0.2917,0.8487,0.2198,0.5455
AVRO,NaiveBayes,Oversampling,InfoGain,8,6,0.2083,0.4545,0.2857,0.7136,0.2219,0.4545
AVRO,NaiveBayes,Oversampling,InfoGain,8,7,0.2069,0.5455,0.3000,0.7911,0.2336,0.4317
AVRO,NaiveBayes,Oversampling,InfoGain,8,8,0.2500,0.6364,0.3590,0.9196,0.2988,0.7007
AVRO,NaiveBayes,Oversampling,InfoGain,8,9,0.2222,0.7273,0.3404,0.8749,0.2739,0.4714
AVRO,NaiveBayes,Oversampling,InfoGain,8,10,0.2703,0.9091,0.4167,0.9201,0.3574,0.8182
AVRO,NaiveBayes,Oversampling,InfoGain,9,1,0.2051,0.7273,0.3200,0.8804,0.2505,0.6364
AVRO,NaiveBayes,Oversampling,InfoGain,9,2,0.1765,0.5455,0.2667,0.8391,0.1943,0.4545
AVRO,NaiveBayes,Oversampling,InfoGain,9,3,0.1935,0.6000,0.2927,0.8983,0.2293,0.6000
AVRO,NaiveBayes,Oversampling,InfoGain,9,4,0.2692,0.6364,0.3784,0.8828,0.3214,0.7273
AVRO,NaiveBayes,Oversampling,InfoGain,9,5,0.1842,0.6364,0.2857,0.8261,0.2127,0.1818
AVRO,NaiveBayes,Oversampling,InfoGain,9,6,0.2143,0.5455,0.3077,0.8484,0.2427,0.5455
AVRO,NaiveBayes,Oversampling,InfoGain,9,7,0.1935,0.5455,0.2857,0.7856,0.2166,0.5455
AVRO,NaiveBayes,Oversampling,InfoGain,9,8,0.2414,0.6364,0.3500,0.8502,0.2883,0.5491
AVRO,NaiveBayes,Oversampling,InfoGain,9,9,0.2222,0.7273,0.3404,0.8623,0.2739,0.7273
AVRO,NaiveBayes,Oversampling,InfoGain,9,10,0.2400,0.5455,0.3333,0.7509,0.2730,0.4545
AVRO,NaiveBayes,Oversampling,InfoGain,10,1,0.1923,0.4545,0.2703,0.7947,0.2037,0.4545
AVRO,NaiveBayes,Oversampling,InfoGain,10,2,0.2143,0.8182,0.3396,0.8378,0.2709,0.5083
AVRO,NaiveBayes,Oversampling,InfoGain,10,3,0.2105,0.8000,0.3333,0.9305,0.2706,0.7000
AVRO,NaiveBayes,Oversampling,InfoGain,10,4,0.2051,0.7273,0.3200,0.8455,0.2501,0.5455
AVRO,NaiveBayes,Oversampling,InfoGain,10,5,0.2500,0.5455,0.3429,0.8760,0.2842,0.6364
AVRO,NaiveBayes,Oversampling,InfoGain,10,6,0.1875,0.5455,0.2791,0.8261,0.2087,0.6602
AVRO,NaiveBayes,Oversampling,InfoGain,10,7,0.2059,0.6364,0.3111,0.8692,0.2427,0.5455
AVRO,NaiveBayes,Oversampling,InfoGain,10,8,0.2800,0.6364,0.3889,0.8552,0.3336,0.6364
AVRO,NaiveBayes,Oversampling,InfoGain,10,9,0.1667,0.4545,0.2439,0.6986,0.1714,0.3636
AVRO,NaiveBayes,Oversampling,InfoGain,10,10,0.2051,0.7273,0.3200,0.9212,0.2501,0.5893
AVRO,NaiveBayes,SMOTE,InfoGain,1,1,0.2000,0.6364,0.3043,0.8824,0.2351,0.5455
AVRO,NaiveBayes,SMOTE,InfoGain,1,2,0.2414,0.6364,0.3500,0.8425,0.2887,0.5455
AVRO,NaiveBayes,SMOTE,InfoGain,1,3,0.2581,0.8000,0.3902,0.8925,0.3356,0.4947
AVRO,NaiveBayes,SMOTE,InfoGain,1,4,0.1071,0.2727,0.1538,0.6043,0.0744,0.2727
AVRO,NaiveBayes,SMOTE,InfoGain,1,5,0.2286,0.7273,0.3478,0.8812,0.2826,0.6771
AVRO,NaiveBayes,SMOTE,InfoGain,1,6,0.1852,0.4545,0.2632,0.8119,0.1947,0.4545
AVRO,NaiveBayes,SMOTE,InfoGain,1,7,0.2308,0.8182,0.3600,0.9259,0.2942,0.4545
AVRO,NaiveBayes,SMOTE,InfoGain,1,8,0.3226,0.9091,0.4762,0.9183,0.4255,0.7273
AVRO,NaiveBayes,SMOTE,InfoGain,1,9,0.2258,0.6364,0.3333,0.7806,0.2688,0.6364
AVRO,NaiveBayes,SMOTE,InfoGain,1,10,0.1765,0.5455,0.2667,0.8403,0.1938,0.4947
AVRO,NaiveBayes,SMOTE,InfoGain,2,1,0.2059,0.6364,0.3111,0.8999,0.2431,0.6364
AVRO,NaiveBayes,SMOTE,InfoGain,2,2,0.2000,0.6364,0.3043,0.8088,0.2351,0.1818
AVRO,NaiveBayes,SMOTE,InfoGain,2,3,0.2174,0.5000,0.3030,0.8356,0.2459,0.7000
AVRO,NaiveBayes,SMOTE,InfoGain,2,4,0.2222,0.5455,0.3158,0.7488,0.2523,0.5455
AVRO,NaiveBayes,SMOTE,InfoGain,2,5,0.1538,0.5455,0.2400,0.8332,0.1618,0.3116
AVRO,NaiveBayes,SMOTE,InfoGain,2,6,0.2222,0.7273,0.3404,0.9154,0.2739,0.7273
AVRO,NaiveBayes,SMOTE,InfoGain,2,7,0.2857,0.9091,0.4348,0.9028,0.3782,0.8182
AVRO,NaiveBayes,SMOTE,InfoGain,2,8,0.2353,0.7273,0.3556,0.8458,0.2916,0.5455
AVRO,NaiveBayes,SMOTE,InfoGain,2,9,0.2308,0.5455,0.3243,0.8576,0.2623,0.6364
AVRO,NaiveBayes,SMOTE,InfoGain,2,10,0.1500,0.5455,0.2353,0.7409,0.1562,0.4545
AVRO,NaiveBayes,SMOTE,InfoGain,3,1,0.2093,0.8182,0.3333,0.8114,0.2636,0.6364
AVRO,NaiveBayes,SMOTE,InfoGain,3,2,0.1600,0.3636,0.2222,0.8182,0.1522,0.4545
AVRO,NaiveBayes,SMOTE,InfoGain,3,3,0.2500,0.8000,0.3810,0.9086,0.3251,0.9000
AVRO,NaiveBayes,SMOTE,InfoGain,3,4,0.2069,0.5455,0.3000,0.8665,0.2336,0.2545
AVRO,NaiveBayes,SMOTE,InfoGain,3,5,0.2308,0.5455,0.3243,0.8127,0.2623,0.6364
AVRO,NaiveBayes,SMOTE,InfoGain,3,6,0.2667,0.7273,0.3902,0.8600,0.3318,0.7273
AVRO,NaiveBayes,SMOTE,InfoGain,3,7,0.2051,0.7273,0.3200,0.8255,0.2501,0.4545
AVRO,NaiveBayes,SMOTE,InfoGain,3,8,0.2667,0.7273,0.3902,0.8571,0.3318,0.3644
AVRO,NaiveBayes,SMOTE,InfoGain,3,9,0.1944,0.6364,0.2979,0.8114,0.2271,0.2727
AVRO,NaiveBayes,SMOTE,InfoGain,3,10,0.2609,0.5455,0.3529,0.8650,0.2960,0.6364
AVRO,NaiveBayes,SMOTE,InfoGain,4,1,0.2667,0.7273,0.3902,0.9096,0.3321,0.7273
AVRO,NaiveBayes,SMOTE,InfoGain,4,2,0.2813,0.8182,0.4186,0.8851,0.3622,0.4305
AVRO,NaiveBayes,SMOTE,InfoGain,4,3,0.1579,0.6000,0.2500,0.7333,0.1794,0.6000
AVRO,NaiveBayes,SMOTE,InfoGain,4,4,0.1739,0.3636,0.2353,0.7706,0.1680,0.4545
AVRO,NaiveBayes,SMOTE,InfoGain,4,5,0.2400,0.5455,0.3333,0.8308,0.2730,0.7273
AVRO,NaiveBayes,SMOTE,InfoGain,4,6,0.2727,0.8182,0.4091,0.8870,0.3509,0.7861
AVRO,NaiveBayes,SMOTE,InfoGain,4,7,0.1364,0.5455,0.2182,0.7927,0.1355,0.3102
AVRO,NaiveBayes,SMOTE,InfoGain,4,8,0.2667,0.7273,0.3902,0.8605,0.3318,0.8182
AVRO,NaiveBayes,SMOTE,InfoGain,4,9,0.1842,0.6364,0.2857,0.8261,0.2127,0.7273
AVRO,NaiveBayes,SMOTE,InfoGain,4,10,0.2414,0.6364,0.3500,0.9028,0.2883,0.3027
AVRO,NaiveBayes,SMOTE,InfoGain,5,1,0.2424,0.7273,0.3636,0.8595,0.3013,0.8101
AVRO,NaiveBayes,SMOTE,InfoGain,5,2,0.1613,0.4545,0.2381,0.7926,0.1648,0.3636
AVRO,NaiveBayes,SMOTE,InfoGain,5,3,0.2069,0.6000,0.3077,0.8190,0.2468,0.4896
AVRO,NaiveBayes,SMOTE,InfoGain,5,4,0.2414,0.6364,0.3500,0.8145,0.2883,0.6364
AVRO,NaiveBayes,SMOTE,InfoGain,5,5,0.1714,0.5455,0.2609,0.8376,0.1869,0.5455
AVRO,NaiveBayes,SMOTE,InfoGain,5,6,0.2727,0.8182,0.4091,0.8860,0.3509,0.6364
AVRO,NaiveBayes,SMOTE,InfoGain,5,7,0.2069,0.5455,0.3000,0.8087,0.2336,0.5455
AVRO,NaiveBayes,SMOTE,InfoGain,5,8,0.3462,0.8182,0.4865,0.9107,0.4394,0.6364
AVRO,NaiveBayes,SMOTE,InfoGain,5,9,0.1892,0.6364,0.2917,0.8392,0.2198,0.4545
AVRO,NaiveBayes,SMOTE,InfoGain,5,10,0.2000,0.7273,0.3137,0.8355,0.2427,0.3636
AVRO,NaiveBayes,SMOTE,InfoGain,6,1,0.2857,0.5455,0.3750,0.8148,0.3221,0.5455
AVRO,NaiveBayes,SMOTE,InfoGain,6,2,0.2326,0.9091,0.3704,0.8966,0.3045,0.4545
AVRO,NaiveBayes,SMOTE,InfoGain,6,3,0.1739,0.4000,0.2424,0.8267,0.1803,0.4000
AVRO,NaiveBayes,SMOTE,InfoGain,6,4,0.1538,0.5455,0.2400,0.7798,0.1618,0.5455
AVRO,NaiveBayes,SMOTE,InfoGain,6,5,0.3333,0.9091,0.4878,0.9254,0.4387,0.7273
AVRO,NaiveBayes,SMOTE,InfoGain,6,6,0.2581,0.7273,0.3810,0.9096,0.3210,0.5493
AVRO,NaiveBayes,SMOTE,InfoGain,6,7,0.2121,0.6364,0.3182,0.8757,0.2510,0.6364
AVRO,NaiveBayes,SMOTE,InfoGain,6,8,0.1333,0.3636,0.1951,0.8192,0.1180,0.5526
AVRO,NaiveBayes,SMOTE,InfoGain,6,9,0.2195,0.8182,0.3462,0.8166,0.2781,0.4545
AVRO,NaiveBayes,SMOTE,InfoGain,6,10,0.1351,0.4545,0.2083,0.8171,0.1280,0.3692
AVRO,NaiveBayes,SMOTE,InfoGain,7,1,0.1250,0.3636,0.1860,0.7774,0.1070,0.4545
AVRO,NaiveBayes,SMOTE,InfoGain,7,2,0.1750,0.6364,0.2745,0.7858,0.1999,0.4545
AVRO,NaiveBayes,SMOTE,InfoGain,7,3,0.2727,0.6000,0.3750,0.7983,0.3245,0.5000
AVRO,NaiveBayes,SMOTE,InfoGain,7,4,0.2857,0.5455,0.3750,0.8844,0.3218,0.6761
AVRO,NaiveBayes,SMOTE,InfoGain,7,5,0.2439,0.9091,0.3846,0.9322,0.3206,0.4545
AVRO,NaiveBayes,SMOTE,InfoGain,7,6,0.2162,0.7273,0.3333,0.8907,0.2657,0.6364
AVRO,NaiveBayes,SMOTE,InfoGain,7,7,0.2162,0.7273,0.3333,0.8311,0.2657,0.2431
AVRO,NaiveBayes,SMOTE,InfoGain,7,8,0.2222,0.7273,0.3404,0.8739,0.2739,0.7273
AVRO,NaiveBayes,SMOTE,InfoGain,7,9,0.1818,0.5455,0.2727,0.8445,0.2011,0.5455
AVRO,NaiveBayes,SMOTE,InfoGain,7,10,0.1765,0.5455,0.2667,0.8198,0.1938,0.6364
AVRO,NaiveBayes,SMOTE,InfoGain,8,1,0.2400,0.5455,0.3333,0.8524,0.2733,0.6177
AVRO,NaiveBayes,SMOTE,InfoGain,8,2,0.1579,0.5455,0.2449,0.8182,0.1682,0.3636
AVRO,NaiveBayes,SMOTE,InfoGain,8,3,0.2059,0.7000,0.3182,0.8681,0.2557,0.5000
AVRO,NaiveBayes,SMOTE,InfoGain,8,4,0.2105,0.7273,0.3265,0.7535,0.2577,0.3636
AVRO,NaiveBayes,SMOTE,InfoGain,8,5,0.1842,0.6364,0.2857,0.8571,0.2127,0.5455
AVRO,NaiveBayes,SMOTE,InfoGain,8,6,0.2083,0.4545,0.2857,0.6963,0.2219,0.4545
AVRO,NaiveBayes,SMOTE,InfoGain,8,7,0.2069,0.5455,0.3000,0.7880,0.2336,0.4545
AVRO,NaiveBayes,SMOTE,InfoGain,8,8,0.2414,0.6364,0.3500,0.9164,0.2883,0.6159
AVRO,NaiveBayes,SMOTE,InfoGain,8,9,0.2286,0.7273,0.3478,0.8744,0.2826,0.5455
AVRO,NaiveBayes,SMOTE,InfoGain,8,10,0.2778,0.9091,0.4255,0.9264,0.3676,0.8182
AVRO,NaiveBayes,SMOTE,InfoGain,9,1,0.2439,0.9091,0.3846,0.8809,0.3209,0.7273
AVRO,NaiveBayes,SMOTE,InfoGain,9,2,0.2059,0.6364,0.3111,0.8281,0.2431,0.4545
AVRO,NaiveBayes,SMOTE,InfoGain,9,3,0.2000,0.6000,0.3000,0.8983,0.2379,0.6000
AVRO,NaiveBayes,SMOTE,InfoGain,9,4,0.2857,0.7273,0.4103,0.8860,0.3549,0.7273
AVRO,NaiveBayes,SMOTE,InfoGain,9,5,0.1842,0.6364,0.2857,0.8287,0.2127,0.2727
AVRO,NaiveBayes,SMOTE,InfoGain,9,6,0.2258,0.6364,0.3333,0.8468,0.2688,0.5455
AVRO,NaiveBayes,SMOTE,InfoGain,9,7,0.2000,0.5455,0.2927,0.7846,0.2249,0.5455
AVRO,NaiveBayes,SMOTE,InfoGain,9,8,0.2188,0.6364,0.3256,0.8455,0.2597,0.4545
AVRO,NaiveBayes,SMOTE,InfoGain,9,9,0.2162,0.7273,0.3333,0.8544,0.2657,0.6649
AVRO,NaiveBayes,SMOTE,InfoGain,9,10,0.2400,0.5455,0.3333,0.7541,0.2730,0.4545
AVRO,NaiveBayes,SMOTE,InfoGain,10,1,0.2222,0.5455,0.3158,0.7806,0.2526,0.5455
AVRO,NaiveBayes,SMOTE,InfoGain,10,2,0.2093,0.8182,0.3333,0.8362,0.2636,0.3850
AVRO,NaiveBayes,SMOTE,InfoGain,10,3,0.2051,0.8000,0.3265,0.9316,0.2627,0.7000
AVRO,NaiveBayes,SMOTE,InfoGain,10,4,0.2105,0.7273,0.3265,0.8434,0.2577,0.5455
AVRO,NaiveBayes,SMOTE,InfoGain,10,5,0.2174,0.4545,0.2941,0.8807,0.2320,0.6364
AVRO,NaiveBayes,SMOTE,InfoGain,10,6,0.1765,0.5455,0.2667,0.8308,0.1938,0.6959
AVRO,NaiveBayes,SMOTE,InfoGain,10,7,0.2368,0.8182,0.3673,0.8776,0.3027,0.5455
AVRO,NaiveBayes,SMOTE,InfoGain,10,8,0.2800,0.6364,0.3889,0.8579,0.3336,0.7273
AVRO,NaiveBayes,SMOTE,InfoGain,10,9,0.1613,0.4545,0.2381,0.6976,0.1643,0.3636
AVRO,NaiveBayes,SMOTE,InfoGain,10,10,0.2143,0.8182,0.3396,0.9191,0.2705,0.5455
AVRO,IBk,None,None,1,1,0.7000,0.6364,0.6667,0.9323,0.6467,0.9091
AVRO,IBk,None,None,1,2,0.6667,0.5455,0.6000,0.7205,0.5774,0.6364
AVRO,IBk,None,None,1,3,0.6667,0.8000,0.7273,0.9920,0.7101,1.0000
AVRO,IBk,None,None,1,4,0.8000,0.3636,0.5000,0.8820,0.4806,0.8182
AVRO,IBk,None,None,1,5,0.7000,0.6364,0.6667,0.9372,0.6465,0.9091
AVRO,IBk,None,None,1,6,0.6667,0.5455,0.6000,0.9503,0.5773,0.8182
AVRO,IBk,None,None,1,7,1.0000,0.5455,0.7059,0.9771,0.6929,0.9091
AVRO,IBk,None,None,1,8,0.9000,0.8182,0.8571,0.9792,0.8485,0.9091
AVRO,IBk,None,None,1,9,0.7500,0.2727,0.4000,0.8279,0.3802,0.7273
AVRO,IBk,None,None,1,10,0.8182,0.8182,0.8182,0.9086,0.8066,0.9091
AVRO,IBk,None,None,2,1,0.6667,0.5455,0.6000,0.9451,0.5774,0.7273
AVRO,IBk,None,None,2,2,0.7778,0.6364,0.7000,0.8942,0.6830,0.8182
AVRO,IBk,None,None,2,3,0.8571,0.6000,0.7059,0.9891,0.6921,1.0000
AVRO,IBk,None,None,2,4,1.0000,0.3636,0.5333,0.8965,0.5180,0.9091
AVRO,IBk,None,None,2,5,1.0000,0.5455,0.7059,0.9354,0.6929,0.9091
AVRO,IBk,None,None,2,6,0.7333,1.0000,0.8462,1.0000,0.8348,1.0000
AVRO,IBk,None,None,2,7,0.5385,0.6364,0.5833,0.9514,0.5545,0.9091
AVRO,IBk,None,None,2,8,0.8750,0.6364,0.7368,0.8573,0.7229,0.7273
AVRO,IBk,None,None,2,9,1.0000,0.4545,0.6250,0.8802,0.6104,0.7273
AVRO,IBk,None,None,2,10,0.6667,0.5455,0.6000,0.9354,0.5773,0.9091
AVRO,IBk,None,None,3,1,0.8333,0.4545,0.5882,0.9026,0.5702,0.9091
AVRO,IBk,None,None,3,2,0.7500,0.5455,0.6316,0.8835,0.6122,0.9091
AVRO,IBk,None,None,3,3,0.6000,0.6000,0.6000,0.9624,0.5770,0.9000
AVRO,IBk,None,None,3,4,1.0000,0.4545,0.6250,0.9120,0.6104,0.8182
AVRO,IBk,None,None,3,5,0.7143,0.4545,0.5556,0.9488,0.5339,0.8182
AVRO,IBk,None,None,3,6,1.0000,0.7273,0.8421,0.9769,0.8337,0.9091
AVRO,IBk,None,None,3,7,0.6667,0.7273,0.6957,0.9729,0.6754,0.9091
AVRO,IBk,None,None,3,8,0.7500,0.8182,0.7826,0.9235,0.7681,0.9091
AVRO,IBk,None,None,3,9,0.8000,0.7273,0.7619,0.8970,0.7475,0.8182
AVRO,IBk,None,None,3,10,0.7778,0.6364,0.7000,0.9362,0.6829,0.9091
AVRO,IBk,None,None,4,1,1.0000,0.7273,0.8421,0.9773,0.8338,0.9091
AVRO,IBk,None,None,4,2,1.0000,0.7273,0.8421,0.9125,0.8338,0.9091
AVRO,IBk,None,None,4,3,0.8333,0.5000,0.6250,0.8529,0.6091,0.7000
AVRO,IBk,None,None,4,4,0.6000,0.2727,0.3750,0.8129,0.3507,0.7273
AVRO,IBk,None,None,4,5,1.0000,0.5455,0.7059,0.9396,0.6929,0.9091
AVRO,IBk,None,None,4,6,0.8000,0.7273,0.7619,0.9900,0.7475,1.0000
AVRO,IBk,None,None,4,7,0.6000,0.5455,0.5714,0.8455,0.5456,0.6364
AVRO,IBk,None,None,4,8,0.6000,0.5455,0.5714,0.9753,0.5456,1.0000
AVRO,IBk,None,None,4,9,0.6667,0.5455,0.6000,0.9369,0.5773,0.8182
AVRO,IBk,None,None,4,10,0.7778,0.6364,0.7000,0.9877,0.6829,1.0000
AVRO,IBk,None,None,5,1,0.7273,0.7273,0.7273,0.9943,0.7100,1.0000
AVRO,IBk,None,None,5,2,0.6923,0.8182,0.7500,0.9911,0.7328,1.0000
AVRO,IBk,None,None,5,3,1.0000,0.4000,0.5714,0.9069,0.5577,0.8000
AVRO,IBk,None,None,5,4,0.8571,0.5455,0.6667,0.9740,0.6504,0.9091
AVRO,IBk,None,None,5,5,0.6154,0.7273,0.6667,0.8841,0.6436,0.8182
AVRO,IBk,None,None,5,6,0.8750,0.6364,0.7368,0.9761,0.7229,0.9091
AVRO,IBk,None,None,5,7,0.6000,0.5455,0.5714,0.9062,0.5456,0.9091
AVRO,IBk,None,None,5,8,0.6667,0.5455,0.6000,0.8815,0.5773,0.8182
AVRO,IBk,None,None,5,9,0.6250,0.4545,0.5263,0.9398,0.5012,0.8182
AVRO,IBk,None,None,5,10,0.5000,0.3636,0.4211,0.8397,0.3904,0.7273
AVRO,IBk,None,None,6,1,0.7778,0.6364,0.7000,0.9619,0.6830,0.8182
AVRO,IBk,None,None,6,2,0.8889,0.7273,0.8000,0.9768,0.7887,0.9091
AVRO,IBk,None,None,6,3,0.7143,0.5000,0.5882,0.7744,0.5689,0.5000
AVRO,IBk,None,None,6,4,0.6667,0.5455,0.6000,0.8781,0.5773,0.8182
AVRO,IBk,None,None,6,5,0.8889,0.7273,0.8000,0.9745,0.7886,0.9091
AVRO,IBk,None,None,6,6,0.5833,0.6364,0.6087,0.8673,0.5827,0.7273
AVRO,IBk,None,None,6,7,0.7778,0.6364,0.7000,0.9740,0.6829,0.9091
AVRO,IBk,None,None,6,8,0.6667,0.1818,0.2857,0.7307,0.2669,0.6364
AVRO,IBk,None,None,6,9,0.8750,0.6364,0.7368,0.9162,0.7229,0.9091
AVRO,IBk,None,None,6,10,0.7778,0.6364,0.7000,0.9569,0.6829,0.8182
AVRO,IBk,None,None,7,1,1.0000,0.6364,0.7778,0.9953,0.7670,1.0000
AVRO,IBk,None,None,7,2,0.4615,0.5455,0.5000,0.9334,0.4656,0.8182
AVRO,IBk,None,None,7,3,0.8571,0.6000,0.7059,0.9649,0.6921,0.9000
AVRO,IBk,None,None,7,4,0.5000,0.2727,0.3529,0.8602,0.3244,0.7273
AVRO,IBk,None,None,7,5,1.0000,0.7273,0.8421,0.9974,0.8337,1.0000
AVRO,IBk,None,None,7,6,0.8750,0.6364,0.7368,0.8865,0.7229,0.8182
AVRO,IBk,None,None,7,7,0.8000,0.7273,0.7619,0.8891,0.7475,0.8182
AVRO,IBk,None,None,7,8,0.6667,0.5455,0.6000,0.9666,0.5773,0.9091
AVRO,IBk,None,None,7,9,0.6250,0.4545,0.5263,0.8797,0.5012,0.8182
AVRO,IBk,None,None,7,10,0.6000,0.5455,0.5714,0.9199,0.5456,0.9091
AVRO,IBk,None,None,8,1,0.6250,0.4545,0.5263,0.9415,0.5013,0.8182
AVRO,IBk,None,None,8,2,1.0000,0.5455,0.7059,0.9914,0.6930,1.0000
AVRO,IBk,None,None,8,3,0.8333,0.5000,0.6250,0.9552,0.6091,0.8000
AVRO,IBk,None,None,8,4,0.7500,0.5455,0.6316,0.7683,0.6120,0.7273
AVRO,IBk,None,None,8,5,0.7000,0.6364,0.6667,0.8318,0.6465,0.8116
AVRO,IBk,None,None,8,6,0.7500,0.2727,0.4000,0.9475,0.3802,0.8182
AVRO,IBk,None,None,8,7,0.7500,0.5455,0.6316,0.9133,0.6120,0.9091
AVRO,IBk,None,None,8,8,0.6667,0.9091,0.7692,0.9924,0.7521,1.0000
AVRO,IBk,None,None,8,9,1.0000,0.5455,0.7059,0.9104,0.6929,0.9091
AVRO,IBk,None,None,8,10,0.8889,0.7273,0.8000,0.8849,0.7886,0.8182
AVRO,IBk,None,None,9,1,0.6000,0.5455,0.5714,0.8749,0.5457,0.8182
AVRO,IBk,None,None,9,2,0.8333,0.4545,0.5882,0.9073,0.5702,0.9091
AVRO,IBk,None,None,9,3,0.7500,0.6000,0.6667,0.9908,0.6497,1.0000
AVRO,IBk,None,None,9,4,0.7500,0.8182,0.7826,0.9942,0.7681,1.0000
AVRO,IBk,None,None,9,5,0.6000,0.5455,0.5714,0.9333,0.5456,0.9091
AVRO,IBk,None,None,9,6,0.8571,0.5455,0.6667,0.8786,0.6504,0.7273
AVRO,IBk,None,None,9,7,0.7143,0.4545,0.5556,0.9735,0.5339,0.9091
AVRO,IBk,None,None,9,8,0.7000,0.6364,0.6667,0.8489,0.6465,0.7273
AVRO,IBk,None,None,9,9,0.8182,0.8182,0.8182,0.9067,0.8066,0.9091
AVRO,IBk,None,None,9,10,0.8571,0.5455,0.6667,0.9009,0.6504,0.8182
AVRO,IBk,None,None,10,1,0.8000,0.3636,0.5000,0.9880,0.4807,1.0000
AVRO,IBk,None,None,10,2,0.7500,0.8182,0.7826,0.9765,0.7682,0.9091
AVRO,IBk,None,None,10,3,0.8889,0.8000,0.8421,0.9744,0.8335,0.9000
AVRO,IBk,None,None,10,4,0.7778,0.6364,0.7000,0.9690,0.6829,0.9091
AVRO,IBk,None,None,10,5,1.0000,0.2727,0.4286,0.7924,0.4135,0.7273
AVRO,IBk,None,None,10,6,0.7273,0.7273,0.7273,0.9890,0.7099,1.0000
AVRO,IBk,None,None,10,7,0.7500,0.5455,0.6316,0.9235,0.6120,0.8182
AVRO,IBk,None,None,10,8,0.6364,0.6364,0.6364,0.9112,0.6132,0.8182
AVRO,IBk,None,None,10,9,0.6364,0.6364,0.6364,0.8282,0.6132,0.8182
AVRO,IBk,None,None,10,10,0.7000,0.6364,0.6667,0.9624,0.6465,0.9091
AVRO,IBk,Undersampling,None,1,1,0.2292,1.0000,0.3729,0.9415,0.3057,0.7273
AVRO,IBk,Undersampling,None,1,2,0.1702,0.7273,0.2759,0.7996,0.1986,0.4545
AVRO,IBk,Undersampling,None,1,3,0.1695,1.0000,0.2899,0.9339,0.2171,0.5000
AVRO,IBk,Undersampling,None,1,4,0.1957,0.8182,0.3158,0.7982,0.2427,0.6364
AVRO,IBk,Undersampling,None,1,5,0.1786,0.9091,0.2985,0.8881,0.2206,0.7273
AVRO,IBk,Undersampling,None,1,6,0.1622,0.5455,0.2500,0.8586,0.1739,0.6311
AVRO,IBk,Undersampling,None,1,7,0.1746,1.0000,0.2973,0.8739,0.2177,0.2727
AVRO,IBk,Undersampling,None,1,8,0.2391,1.0000,0.3860,0.9448,0.3204,0.5546
AVRO,IBk,Undersampling,None,1,9,0.2045,0.8182,0.3273,0.8618,0.2561,0.8182
AVRO,IBk,Undersampling,None,1,10,0.1818,0.9091,0.3030,0.8718,0.2259,0.6364
AVRO,IBk,Undersampling,None,2,1,0.1961,0.9091,0.3226,0.8720,0.2491,0.5455
AVRO,IBk,Undersampling,None,2,2,0.1786,0.9091,0.2985,0.8422,0.2211,0.3636
AVRO,IBk,Undersampling,None,2,3,0.1600,0.8000,0.2667,0.8790,0.1936,0.6000
AVRO,IBk,Undersampling,None,2,4,0.2000,0.7273,0.3137,0.7995,0.2427,0.5455
AVRO,IBk,Undersampling,None,2,5,0.1800,0.8182,0.2951,0.8744,0.2185,0.4545
AVRO,IBk,Undersampling,None,2,6,0.1930,1.0000,0.3235,0.9545,0.2482,0.6364
AVRO,IBk,Undersampling,None,2,7,0.2037,1.0000,0.3385,0.9482,0.2655,0.9091
AVRO,IBk,Undersampling,None,2,8,0.1961,0.9091,0.3226,0.8807,0.2487,0.4566
AVRO,IBk,Undersampling,None,2,9,0.2083,0.9091,0.3390,0.8529,0.2678,0.8364
AVRO,IBk,Undersampling,None,2,10,0.1400,0.6364,0.2295,0.8382,0.1458,0.4545
AVRO,IBk,Undersampling,None,3,1,0.1702,0.7273,0.2759,0.8184,0.1986,0.5455
AVRO,IBk,Undersampling,None,3,2,0.1698,0.8182,0.2813,0.8203,0.2027,0.7273
AVRO,IBk,Undersampling,None,3,3,0.1525,0.9000,0.2609,0.8365,0.1851,0.8000
AVRO,IBk,Undersampling,None,3,4,0.2000,0.8182,0.3214,0.8776,0.2493,0.4986
AVRO,IBk,Undersampling,None,3,5,0.1887,0.9091,0.3125,0.8702,0.2369,0.5457
AVRO,IBk,Undersampling,None,3,6,0.1837,0.8182,0.3000,0.8741,0.2243,0.6364
AVRO,IBk,Undersampling,None,3,7,0.1786,0.9091,0.2985,0.8602,0.2206,0.5455
AVRO,IBk,Undersampling,None,3,8,0.2083,0.9091,0.3390,0.8789,0.2678,0.4545
AVRO,IBk,Undersampling,None,3,9,0.1818,0.9091,0.3030,0.9065,0.2259,0.4545
AVRO,IBk,Undersampling,None,3,10,0.1964,1.0000,0.3284,0.9314,0.2538,0.7273
AVRO,IBk,Undersampling,None,4,1,0.1774,1.0000,0.3014,0.9585,0.2229,0.5455
AVRO,IBk,Undersampling,None,4,2,0.2174,0.9091,0.3509,0.8642,0.2820,0.2727
AVRO,IBk,Undersampling,None,4,3,0.1552,0.9000,0.2647,0.8003,0.1896,0.6000
AVRO,IBk,Undersampling,None,4,4,0.2093,0.8182,0.3333,0.7885,0.2632,0.5455
AVRO,IBk,Undersampling,None,4,5,0.2195,0.8182,0.3462,0.8657,0.2781,0.6745
AVRO,IBk,Undersampling,None,4,6,0.1667,0.9091,0.2817,0.8873,0.2010,0.3636
AVRO,IBk,Undersampling,None,4,7,0.1538,0.7273,0.2540,0.8008,0.1723,0.4545
AVRO,IBk,Undersampling,None,4,8,0.1818,0.9091,0.3030,0.8794,0.2259,0.8182
AVRO,IBk,Undersampling,None,4,9,0.1852,0.9091,0.3077,0.8970,0.2313,0.7273
AVRO,IBk,Undersampling,None,4,10,0.2000,0.9091,0.3279,0.8931,0.2548,0.5455
AVRO,IBk,Undersampling,None,5,1,0.1833,1.0000,0.3099,0.8811,0.2328,0.6364
AVRO,IBk,Undersampling,None,5,2,0.1587,0.9091,0.2703,0.8851,0.1881,0.7273
AVRO,IBk,Undersampling,None,5,3,0.2105,0.8000,0.3333,0.8902,0.2706,0.6000
AVRO,IBk,Undersampling,None,5,4,0.1667,0.8182,0.2769,0.8744,0.1972,0.8300
AVRO,IBk,Undersampling,None,5,5,0.1754,0.9091,0.2941,0.8516,0.2155,0.6364
AVRO,IBk,Undersampling,None,5,6,0.1692,1.0000,0.2895,0.8728,0.2085,0.4842
AVRO,IBk,Undersampling,None,5,7,0.1923,0.9091,0.3175,0.8805,0.2427,0.6364
AVRO,IBk,Undersampling,None,5,8,0.2128,0.9091,0.3448,0.9277,0.2745,0.6364
AVRO,IBk,Undersampling,None,5,9,0.1852,0.9091,0.3077,0.8505,0.2313,0.4545
AVRO,IBk,Undersampling,None,5,10,0.1207,0.6364,0.2029,0.7102,0.1138,0.2727
AVRO,IBk,Undersampling,None,6,1,0.3103,0.8182,0.4500,0.9373,0.3981,0.8599
AVRO,IBk,Undersampling,None,6,2,0.2439,0.9091,0.3846,0.8835,0.3209,0.3636
AVRO,IBk,Undersampling,None,6,3,0.2143,0.9000,0.3462,0.8563,0.2832,0.8000
AVRO,IBk,Undersampling,None,6,4,0.1587,0.9091,0.2703,0.8410,0.1876,0.4545
AVRO,IBk,Undersampling,None,6,5,0.2245,1.0000,0.3667,0.9291,0.2981,0.5455
AVRO,IBk,Undersampling,None,6,6,0.1957,0.8182,0.3158,0.9038,0.2427,0.4545
AVRO,IBk,Undersampling,None,6,7,0.1833,1.0000,0.3099,0.9212,0.2323,0.6364
AVRO,IBk,Undersampling,None,6,8,0.1633,0.7273,0.2667,0.8171,0.1873,0.6364
AVRO,IBk,Undersampling,None,6,9,0.1765,0.8182,0.2903,0.8184,0.2129,0.4545
AVRO,IBk,Undersampling,None,6,10,0.1591,0.6364,0.2545,0.8329,0.1757,0.4545
AVRO,IBk,Undersampling,None,7,1,0.1837,0.8182,0.3000,0.8694,0.2247,0.7273
AVRO,IBk,Undersampling,None,7,2,0.1754,0.9091,0.2941,0.8080,0.2160,0.3636
AVRO,IBk,Undersampling,None,7,3,0.1739,0.8000,0.2857,0.8560,0.2157,0.4000
AVRO,IBk,Undersampling,None,7,4,0.1905,0.7273,0.3019,0.7817,0.2288,0.5938
AVRO,IBk,Undersampling,None,7,5,0.2222,0.9091,0.3571,0.9432,0.2888,0.4545
AVRO,IBk,Undersampling,None,7,6,0.1961,0.9091,0.3226,0.8794,0.2487,0.7273
AVRO,IBk,Undersampling,None,7,7,0.2222,0.9091,0.3571,0.9107,0.2888,0.4545
AVRO,IBk,Undersampling,None,7,8,0.1961,0.9091,0.3226,0.9256,0.2487,0.7273
AVRO,IBk,Undersampling,None,7,9,0.1538,0.7273,0.2540,0.8208,0.1723,0.5922
AVRO,IBk,Undersampling,None,7,10,0.1667,0.7273,0.2712,0.8636,0.1927,0.6364
AVRO,IBk,Undersampling,None,8,1,0.1607,0.8182,0.2687,0.8286,0.1879,0.5455
AVRO,IBk,Undersampling,None,8,2,0.2045,0.8182,0.3273,0.8984,0.2565,0.6364
AVRO,IBk,Undersampling,None,8,3,0.1538,0.8000,0.2581,0.8422,0.1836,0.5000
AVRO,IBk,Undersampling,None,8,4,0.1429,0.7273,0.2388,0.7848,0.1543,0.3636
AVRO,IBk,Undersampling,None,8,5,0.1875,0.8182,0.3051,0.7985,0.2302,0.6364
AVRO,IBk,Undersampling,None,8,6,0.2045,0.8182,0.3273,0.8539,0.2561,0.5455
AVRO,IBk,Undersampling,None,8,7,0.2174,0.9091,0.3509,0.8710,0.2816,0.7273
AVRO,IBk,Undersampling,None,8,8,0.2444,1.0000,0.3929,0.9015,0.3283,0.3636
AVRO,IBk,Undersampling,None,8,9,0.1964,1.0000,0.3284,0.9212,0.2538,0.6364
AVRO,IBk,Undersampling,None,8,10,0.1636,0.8182,0.2727,0.8634,0.1922,0.5455
AVRO,IBk,Undersampling,None,9,1,0.1639,0.9091,0.2778,0.8796,0.1969,0.6364
AVRO,IBk,Undersampling,None,9,2,0.1864,1.0000,0.3143,0.9005,0.2379,0.5455
AVRO,IBk,Undersampling,None,9,3,0.2093,0.9000,0.3396,0.9195,0.2758,0.7000
AVRO,IBk,Undersampling,None,9,4,0.1642,1.0000,0.2821,0.9136,0.1999,0.8182
AVRO,IBk,Undersampling,None,9,5,0.1833,1.0000,0.3099,0.8891,0.2323,0.4545
AVRO,IBk,Undersampling,None,9,6,0.1346,0.6364,0.2222,0.7877,0.1371,0.3636
AVRO,IBk,Undersampling,None,9,7,0.1957,0.8182,0.3158,0.8429,0.2427,0.5455
AVRO,IBk,Undersampling,None,9,8,0.1887,0.9091,0.3125,0.8668,0.2369,0.5455
AVRO,IBk,Undersampling,None,9,9,0.1923,0.9091,0.3175,0.8655,0.2427,0.7273
AVRO,IBk,Undersampling,None,9,10,0.2174,0.9091,0.3509,0.8707,0.2816,0.5800
AVRO,IBk,Undersampling,None,10,1,0.2195,0.8182,0.3462,0.8691,0.2785,0.5455
AVRO,IBk,Undersampling,None,10,2,0.1452,0.8182,0.2466,0.8036,0.1619,0.4545
AVRO,IBk,Undersampling,None,10,3,0.1724,1.0000,0.2941,0.9066,0.2220,0.5000
AVRO,IBk,Undersampling,None,10,4,0.2157,1.0000,0.3548,0.9094,0.2845,0.5455
AVRO,IBk,Undersampling,None,10,5,0.1892,0.6364,0.2917,0.6960,0.2198,0.5455
AVRO,IBk,Undersampling,None,10,6,0.2037,1.0000,0.3385,0.9524,0.2655,0.8182
AVRO,IBk,Undersampling,None,10,7,0.2683,1.0000,0.4231,0.9222,0.3630,0.9091
AVRO,IBk,Undersampling,None,10,8,0.2083,0.9091,0.3390,0.8634,0.2678,0.6364
AVRO,IBk,Undersampling,None,10,9,0.1860,0.7273,0.2963,0.8245,0.2222,0.3636
AVRO,IBk,Undersampling,None,10,10,0.1667,0.8182,0.2769,0.8999,0.1972,0.4051
AVRO,IBk,Oversampling,None,1,1,0.4545,0.9091,0.6061,0.9660,0.5721,0.9091
AVRO,IBk,Oversampling,None,1,2,0.4118,0.6364,0.5000,0.7965,0.4611,0.6364
AVRO,IBk,Oversampling,None,1,3,0.3846,1.0000,0.5556,0.9914,0.5177,1.0000
AVRO,IBk,Oversampling,None,1,4,0.3889,0.6364,0.4828,0.9298,0.4413,0.7273
AVRO,IBk,Oversampling,None,1,5,0.5882,0.9091,0.7143,0.9811,0.6919,0.9091
AVRO,IBk,Oversampling,None,1,6,0.6429,0.8182,0.7200,0.9346,0.6999,0.8182
AVRO,IBk,Oversampling,None,1,7,0.5556,0.9091,0.6897,0.9291,0.6648,0.9091
AVRO,IBk,Oversampling,None,1,8,0.6667,0.9091,0.7692,0.9834,0.7521,0.9091
AVRO,IBk,Oversampling,None,1,9,0.5714,0.7273,0.6400,0.7953,0.6142,0.7273
AVRO,IBk,Oversampling,None,1,10,0.4000,0.9091,0.5556,0.9766,0.5153,0.9091
AVRO,IBk,Oversampling,None,2,1,0.5294,0.8182,0.6429,0.8874,0.6151,0.8182
AVRO,IBk,Oversampling,None,2,2,0.3913,0.8182,0.5294,0.9342,0.4882,0.8102
AVRO,IBk,Oversampling,None,2,3,0.5263,1.0000,0.6897,0.9931,0.6659,1.0000
AVRO,IBk,Oversampling,None,2,4,0.5625,0.8182,0.6667,0.8978,0.6412,0.8182
AVRO,IBk,Oversampling,None,2,5,0.5882,0.9091,0.7143,0.9456,0.6919,0.9091
AVRO,IBk,Oversampling,None,2,6,0.5238,1.0000,0.6875,0.9953,0.6609,1.0000
AVRO,IBk,Oversampling,None,2,7,0.3704,0.9091,0.5263,0.9249,0.4823,0.8182
AVRO,IBk,Oversampling,None,2,8,0.5000,0.7273,0.5926,0.8799,0.5615,0.7273
AVRO,IBk,Oversampling,None,2,9,0.6000,0.8182,0.6923,0.9249,0.6695,0.8182
AVRO,IBk,Oversampling,None,2,10,0.6250,0.9091,0.7407,0.9498,0.7210,0.9091
AVRO,IBk,Oversampling,None,3,1,0.5882,0.9091,0.7143,0.9809,0.6921,0.9091
AVRO,IBk,Oversampling,None,3,2,0.4500,0.8182,0.5806,0.8866,0.5458,0.8182
AVRO,IBk,Oversampling,None,3,3,0.4737,0.9000,0.6207,0.9000,0.5916,0.9000
AVRO,IBk,Oversampling,None,3,4,0.4545,0.9091,0.6061,0.9335,0.5719,0.8712
AVRO,IBk,Oversampling,None,3,5,0.4286,0.8182,0.5625,0.8886,0.5252,0.8182
AVRO,IBk,Oversampling,None,3,6,0.5556,0.9091,0.6897,0.9769,0.6648,0.9091
AVRO,IBk,Oversampling,None,3,7,0.4167,0.9091,0.5714,0.9803,0.5332,0.9088
AVRO,IBk,Oversampling,None,3,8,0.7143,0.9091,0.8000,0.9834,0.7856,0.9091
AVRO,IBk,Oversampling,None,3,9,0.6250,0.9091,0.7407,0.9075,0.7210,0.9091
AVRO,IBk,Oversampling,None,3,10,0.5000,0.9091,0.6452,0.9385,0.6155,0.9091
AVRO,IBk,Oversampling,None,4,1,0.5556,0.9091,0.6897,0.9543,0.6649,0.9091
AVRO,IBk,Oversampling,None,4,2,0.4762,0.9091,0.6250,0.9164,0.5933,0.8392
AVRO,IBk,Oversampling,None,4,3,0.4667,0.7000,0.5600,0.8793,0.5293,0.7000
AVRO,IBk,Oversampling,None,4,4,0.4667,0.6364,0.5385,0.7872,0.5043,0.6364
AVRO,IBk,Oversampling,None,4,5,0.5625,0.8182,0.6667,0.8991,0.6412,0.8182
AVRO,IBk,Oversampling,None,4,6,0.4783,1.0000,0.6471,0.9903,0.6160,1.0000
AVRO,IBk,Oversampling,None,4,7,0.4118,0.6364,0.5000,0.7793,0.4609,0.6364
AVRO,IBk,Oversampling,None,4,8,0.4583,1.0000,0.6286,0.9900,0.5954,1.0000
AVRO,IBk,Oversampling,None,4,9,0.4286,0.8182,0.5625,0.9025,0.5252,0.8182
AVRO,IBk,Oversampling,None,4,10,0.5238,1.0000,0.6875,0.9908,0.6609,0.9320
AVRO,IBk,Oversampling,None,5,1,0.4783,1.0000,0.6471,0.9953,0.6162,1.0000
AVRO,IBk,Oversampling,None,5,2,0.4400,1.0000,0.6111,0.9937,0.5761,1.0000
AVRO,IBk,Oversampling,None,5,3,0.4444,0.8000,0.5714,0.9069,0.5392,0.8000
AVRO,IBk,Oversampling,None,5,4,0.4762,0.9091,0.6250,0.9346,0.5931,0.9091
AVRO,IBk,Oversampling,None,5,5,0.3600,0.8182,0.5000,0.9446,0.4547,0.8182
AVRO,IBk,Oversampling,None,5,6,0.5263,0.9091,0.6667,0.9756,0.6394,0.9091
AVRO,IBk,Oversampling,None,5,7,0.4348,0.9091,0.5882,0.9138,0.5520,0.9091
AVRO,IBk,Oversampling,None,5,8,0.5000,0.8182,0.6207,0.8847,0.5903,0.8182
AVRO,IBk,Oversampling,None,5,9,0.3600,0.8182,0.5000,0.9109,0.4547,0.8182
AVRO,IBk,Oversampling,None,5,10,0.5000,0.7273,0.5926,0.8368,0.5615,0.7273
AVRO,IBk,Oversampling,None,6,1,0.5714,0.7273,0.6400,0.9459,0.6143,0.7273
AVRO,IBk,Oversampling,None,6,2,0.4762,0.9091,0.6250,0.9002,0.5933,0.9091
AVRO,IBk,Oversampling,None,6,3,0.5385,0.7000,0.6087,0.9103,0.5831,0.7000
AVRO,IBk,Oversampling,None,6,4,0.4500,0.8182,0.5806,0.8563,0.5456,0.8182
AVRO,IBk,Oversampling,None,6,5,0.5625,0.8182,0.6667,0.9283,0.6412,0.8182
AVRO,IBk,Oversampling,None,6,6,0.3810,0.7273,0.5000,0.8883,0.4574,0.7273
AVRO,IBk,Oversampling,None,6,7,0.5882,0.9091,0.7143,0.9832,0.6919,0.9091
AVRO,IBk,Oversampling,None,6,8,0.5385,0.6364,0.5833,0.7830,0.5545,0.7273
AVRO,IBk,Oversampling,None,6,9,0.4762,0.9091,0.6250,0.9304,0.5931,0.9091
AVRO,IBk,Oversampling,None,6,10,0.4737,0.8182,0.6000,0.8290,0.5672,0.8182
AVRO,IBk,Oversampling,None,7,1,0.6667,0.9091,0.7692,0.9846,0.7522,0.9091
AVRO,IBk,Oversampling,None,7,2,0.2581,0.7273,0.3810,0.8838,0.3214,0.7273
AVRO,IBk,Oversampling,None,7,3,0.5294,0.9000,0.6667,0.8948,0.6422,0.9000
AVRO,IBk,Oversampling,None,7,4,0.4444,0.7273,0.5517,0.8833,0.5158,0.7273
AVRO,IBk,Oversampling,None,7,5,0.6471,1.0000,0.7857,0.9908,0.7689,1.0000
AVRO,IBk,Oversampling,None,7,6,0.3750,0.8182,0.5143,0.8952,0.4709,0.8182
AVRO,IBk,Oversampling,None,7,7,0.5000,0.8182,0.6207,0.9277,0.5903,0.8182
AVRO,IBk,Oversampling,None,7,8,0.4286,0.8182,0.5625,0.9406,0.5252,0.8182
AVRO,IBk,Oversampling,None,7,9,0.3750,0.8182,0.5143,0.9080,0.4709,0.8182
AVRO,IBk,Oversampling,None,7,10,0.5238,1.0000,0.6875,0.9877,0.6609,1.0000
AVRO,IBk,Oversampling,None,8,1,0.3750,0.8182,0.5143,0.8937,0.4712,0.8182
AVRO,IBk,Oversampling,None,8,2,0.6471,1.0000,0.7857,0.9882,0.7690,1.0000
AVRO,IBk,Oversampling,None,8,3,0.4444,0.8000,0.5714,0.8756,0.5392,0.8000
AVRO,IBk,Oversampling,None,8,4,0.3333,0.7273,0.4571,0.9309,0.4087,0.7273
AVRO,IBk,Oversampling,None,8,5,0.4211,0.7273,0.5333,0.8594,0.4951,0.7273
AVRO,IBk,Oversampling,None,8,6,0.3913,0.8182,0.5294,0.9472,0.4880,0.8182
AVRO,IBk,Oversampling,None,8,7,0.4762,0.9091,0.6250,0.9566,0.5931,0.9091
AVRO,IBk,Oversampling,None,8,8,0.5238,1.0000,0.6875,0.9903,0.6609,1.0000
AVRO,IBk,Oversampling,None,8,9,0.3846,0.9091,0.5405,0.9740,0.4984,0.9091
AVRO,IBk,Oversampling,None,8,10,0.4500,0.8182,0.5806,0.8833,0.5456,0.8182
AVRO,IBk,Oversampling,None,9,1,0.3214,0.8182,0.4615,0.8918,0.4113,0.8182
AVRO,IBk,Oversampling,None,9,2,0.7143,0.9091,0.8000,0.9817,0.7857,0.9091
AVRO,IBk,Oversampling,None,9,3,0.4167,1.0000,0.5882,0.9902,0.5540,1.0000
AVRO,IBk,Oversampling,None,9,4,0.4400,1.0000,0.6111,0.9913,0.5759,1.0000
AVRO,IBk,Oversampling,None,9,5,0.3600,0.8182,0.5000,0.9015,0.4547,0.8182
AVRO,IBk,Oversampling,None,9,6,0.4444,0.7273,0.5517,0.8663,0.5158,0.7273
AVRO,IBk,Oversampling,None,9,7,0.5263,0.9091,0.6667,0.9333,0.6394,0.9091
AVRO,IBk,Oversampling,None,9,8,0.5000,0.8182,0.6207,0.8860,0.5903,0.8182
AVRO,IBk,Oversampling,None,9,9,0.3704,0.9091,0.5263,0.9073,0.4823,0.9091
AVRO,IBk,Oversampling,None,9,10,0.6000,0.8182,0.6923,0.9664,0.6695,0.8182
AVRO,IBk,Oversampling,None,10,1,0.5238,1.0000,0.6875,0.9877,0.6610,1.0000
AVRO,IBk,Oversampling,None,10,2,0.4545,0.9091,0.6061,0.9407,0.5721,0.9091
AVRO,IBk,Oversampling,None,10,3,0.4286,0.9000,0.5806,0.9759,0.5473,0.9000
AVRO,IBk,Oversampling,None,10,4,0.4545,0.9091,0.6061,0.9199,0.5719,0.9091
AVRO,IBk,Oversampling,None,10,5,0.5385,0.6364,0.5833,0.7853,0.5545,0.6364
AVRO,IBk,Oversampling,None,10,6,0.5000,1.0000,0.6667,0.9929,0.6378,1.0000
AVRO,IBk,Oversampling,None,10,7,0.6000,0.8182,0.6923,0.8789,0.6695,0.8182
AVRO,IBk,Oversampling,None,10,8,0.4706,0.7273,0.5714,0.9393,0.5379,0.8057
AVRO,IBk,Oversampling,None,10,9,0.5000,0.8182,0.6207,0.8581,0.5903,0.8182
AVRO,IBk,Oversampling,None,10,10,0.3793,1.0000,0.5500,0.9624,0.5073,0.9362
AVRO,IBk,SMOTE,None,1,1,0.5556,0.9091,0.6897,0.9368,0.6649,0.9091
AVRO,IBk,SMOTE,None,1,2,0.5833,0.6364,0.6087,0.8054,0.5828,0.7273
AVRO,IBk,SMOTE,None,1,3,0.4762,1.0000,0.6452,0.9954,0.6170,1.0000
AVRO,IBk,SMOTE,None,1,4,0.6250,0.4545,0.5263,0.8757,0.5012,0.8182
AVRO,IBk,SMOTE,None,1,5,0.6250,0.9091,0.7407,0.9367,0.7210,0.9091
AVRO,IBk,SMOTE,None,1,6,0.7000,0.6364,0.6667,0.9538,0.6465,0.8182
AVRO,IBk,SMOTE,None,1,7,0.9000,0.8182,0.8571,0.9750,0.8485,0.9091
AVRO,IBk,SMOTE,None,1,8,0.7143,0.9091,0.8000,0.9790,0.7856,0.9091
AVRO,IBk,SMOTE,None,1,9,0.5455,0.5455,0.5455,0.8250,0.5166,0.7273
AVRO,IBk,SMOTE,None,1,10,0.5000,0.9091,0.6452,0.9078,0.6155,0.9091
AVRO,IBk,SMOTE,None,2,1,0.6154,0.7273,0.6667,0.9420,0.6437,0.7273
AVRO,IBk,SMOTE,None,2,2,0.4500,0.8182,0.5806,0.8838,0.5458,0.8182
AVRO,IBk,SMOTE,None,2,3,0.6923,0.9000,0.7826,0.9922,0.7684,1.0000
AVRO,IBk,SMOTE,None,2,4,0.6923,0.8182,0.7500,0.8954,0.7327,0.8182
AVRO,IBk,SMOTE,None,2,5,0.7692,0.9091,0.8333,0.9393,0.8218,0.9091
AVRO,IBk,SMOTE,None,2,6,0.6471,1.0000,0.7857,0.9976,0.7689,1.0000
AVRO,IBk,SMOTE,None,2,7,0.4348,0.9091,0.5882,0.9698,0.5520,0.9091
AVRO,IBk,SMOTE,None,2,8,0.7273,0.7273,0.7273,0.9130,0.7099,0.8182
AVRO,IBk,SMOTE,None,2,9,0.8000,0.7273,0.7619,0.9159,0.7475,0.9091
AVRO,IBk,SMOTE,None,2,10,0.6364,0.6364,0.6364,0.9312,0.6132,0.9091
AVRO,IBk,SMOTE,None,3,1,0.6667,0.7273,0.6957,0.9101,0.6755,0.9091
AVRO,IBk,SMOTE,None,3,2,0.7500,0.8182,0.7826,0.8864,0.7682,0.9091
AVRO,IBk,SMOTE,None,3,3,0.5625,0.9000,0.6923,0.9739,0.6703,0.9000
AVRO,IBk,SMOTE,None,3,4,0.5714,0.7273,0.6400,0.9120,0.6142,0.8182
AVRO,IBk,SMOTE,None,3,5,0.5000,0.8182,0.6207,0.9490,0.5903,0.8182
AVRO,IBk,SMOTE,None,3,6,0.8182,0.8182,0.8182,0.9756,0.8066,0.9091
AVRO,IBk,SMOTE,None,3,7,0.6667,0.9091,0.7692,0.9766,0.7521,0.9091
AVRO,IBk,SMOTE,None,3,8,0.7143,0.9091,0.8000,0.9241,0.7856,0.9091
AVRO,IBk,SMOTE,None,3,9,0.6429,0.8182,0.7200,0.8954,0.6999,0.8182
AVRO,IBk,SMOTE,None,3,10,0.7500,0.8182,0.7826,0.9364,0.7681,0.9091
AVRO,IBk,SMOTE,None,4,1,0.7692,0.9091,0.8333,0.9749,0.8219,0.9091
AVRO,IBk,SMOTE,None,4,2,0.6667,0.9091,0.7692,0.9125,0.7522,0.9091
AVRO,IBk,SMOTE,None,4,3,0.4615,0.6000,0.5217,0.8489,0.4904,0.7000
AVRO,IBk,SMOTE,None,4,4,0.4167,0.4545,0.4348,0.8064,0.3972,0.7273
AVRO,IBk,SMOTE,None,4,5,0.8000,0.7273,0.7619,0.9354,0.7475,0.9091
AVRO,IBk,SMOTE,None,4,6,0.5263,0.9091,0.6667,0.9913,0.6394,1.0000
AVRO,IBk,SMOTE,None,4,7,0.5000,0.6364,0.5600,0.8445,0.5284,0.6364
AVRO,IBk,SMOTE,None,4,8,0.5294,0.8182,0.6429,0.9795,0.6149,1.0000
AVRO,IBk,SMOTE,None,4,9,0.7273,0.7273,0.7273,0.9338,0.7099,0.8182
AVRO,IBk,SMOTE,None,4,10,0.6111,1.0000,0.7586,0.9945,0.7393,1.0000
AVRO,IBk,SMOTE,None,5,1,0.5263,0.9091,0.6667,0.9898,0.6395,1.0000
AVRO,IBk,SMOTE,None,5,2,0.6111,1.0000,0.7586,0.9969,0.7394,1.0000
AVRO,IBk,SMOTE,None,5,3,0.7000,0.7000,0.7000,0.9072,0.6828,0.8000
AVRO,IBk,SMOTE,None,5,4,0.8889,0.7273,0.8000,0.9782,0.7886,0.9091
AVRO,IBk,SMOTE,None,5,5,0.6000,0.8182,0.6923,0.8865,0.6695,0.8182
AVRO,IBk,SMOTE,None,5,6,0.6429,0.8182,0.7200,0.9719,0.6999,0.9091
AVRO,IBk,SMOTE,None,5,7,0.5882,0.9091,0.7143,0.9154,0.6919,0.9091
AVRO,IBk,SMOTE,None,5,8,0.6000,0.8182,0.6923,0.8823,0.6695,0.8182
AVRO,IBk,SMOTE,None,5,9,0.5294,0.8182,0.6429,0.9453,0.6149,0.8182
AVRO,IBk,SMOTE,None,5,10,0.4706,0.7273,0.5714,0.8576,0.5379,0.7273
AVRO,IBk,SMOTE,None,6,1,0.6667,0.7273,0.6957,0.9582,0.6755,0.8182
AVRO,IBk,SMOTE,None,6,2,0.7143,0.9091,0.8000,0.9812,0.7857,0.9091
AVRO,IBk,SMOTE,None,6,3,0.6250,0.5000,0.5556,0.7687,0.5330,0.5000
AVRO,IBk,SMOTE,None,6,4,0.6429,0.8182,0.7200,0.8823,0.6999,0.8182
AVRO,IBk,SMOTE,None,6,5,0.7692,0.9091,0.8333,0.9735,0.8218,0.9091
AVRO,IBk,SMOTE,None,6,6,0.4706,0.7273,0.5714,0.8584,0.5379,0.7273
AVRO,IBk,SMOTE,None,6,7,0.7143,0.9091,0.8000,0.9953,0.7856,1.0000
AVRO,IBk,SMOTE,None,6,8,0.5833,0.6364,0.6087,0.7296,0.5827,0.6364
AVRO,IBk,SMOTE,None,6,9,0.6000,0.8182,0.6923,0.9151,0.6695,0.9091
AVRO,IBk,SMOTE,None,6,10,0.5714,0.7273,0.6400,0.9488,0.6142,0.8182
AVRO,IBk,SMOTE,None,7,1,0.8182,0.8182,0.8182,0.9937,0.8067,1.0000
AVRO,IBk,SMOTE,None,7,2,0.4737,0.8182,0.6000,0.9347,0.5674,0.8182
AVRO,IBk,SMOTE,None,7,3,0.8000,0.8000,0.8000,0.9638,0.7885,0.9000
AVRO,IBk,SMOTE,None,7,4,0.4375,0.6364,0.5185,0.8610,0.4818,0.7273
AVRO,IBk,SMOTE,None,7,5,0.7857,1.0000,0.8800,0.9971,0.8714,1.0000
AVRO,IBk,SMOTE,None,7,6,0.6154,0.7273,0.6667,0.8818,0.6436,0.8182
AVRO,IBk,SMOTE,None,7,7,0.6667,0.9091,0.7692,0.9070,0.7521,0.9091
AVRO,IBk,SMOTE,None,7,8,0.6429,0.8182,0.7200,0.9677,0.6999,0.9091
AVRO,IBk,SMOTE,None,7,9,0.5714,0.7273,0.6400,0.8807,0.6142,0.8182
AVRO,IBk,SMOTE,None,7,10,0.6667,0.9091,0.7692,0.9262,0.7521,0.9091
AVRO,IBk,SMOTE,None,8,1,0.5000,0.8182,0.6207,0.9386,0.5905,0.8182
AVRO,IBk,SMOTE,None,8,2,0.7857,1.0000,0.8800,0.9974,0.8714,1.0000
AVRO,IBk,SMOTE,None,8,3,0.6667,0.6000,0.6316,0.9569,0.6116,0.8000
AVRO,IBk,SMOTE,None,8,4,0.5000,0.6364,0.5600,0.7630,0.5284,0.7273
AVRO,IBk,SMOTE,None,8,5,0.5333,0.7273,0.6154,0.8282,0.5869,0.7273
AVRO,IBk,SMOTE,None,8,6,0.4615,0.5455,0.5000,0.9283,0.4654,0.8182
AVRO,IBk,SMOTE,None,8,7,0.7143,0.9091,0.8000,0.9143,0.7856,0.9091
AVRO,IBk,SMOTE,None,8,8,0.5789,1.0000,0.7333,0.9958,0.7115,1.0000
AVRO,IBk,SMOTE,None,8,9,0.7692,0.9091,0.8333,0.9963,0.8218,1.0000
AVRO,IBk,SMOTE,None,8,10,0.6429,0.8182,0.7200,0.8828,0.6999,0.8182
AVRO,IBk,SMOTE,None,9,1,0.5714,0.7273,0.6400,0.8793,0.6143,0.8182
AVRO,IBk,SMOTE,None,9,2,0.6923,0.8182,0.7500,0.9916,0.7328,1.0000
AVRO,IBk,SMOTE,None,9,3,0.7143,1.0000,0.8333,0.9954,0.8221,1.0000
AVRO,IBk,SMOTE,None,9,4,0.6471,1.0000,0.7857,0.9947,0.7689,1.0000
AVRO,IBk,SMOTE,None,9,5,0.6923,0.8182,0.7500,0.9380,0.7327,0.9091
AVRO,IBk,SMOTE,None,9,6,0.5000,0.5455,0.5217,0.8739,0.4899,0.7273
AVRO,IBk,SMOTE,None,9,7,0.6429,0.8182,0.7200,0.9740,0.6999,0.9091
AVRO,IBk,SMOTE,None,9,8,0.6154,0.7273,0.6667,0.8452,0.6436,0.7273
AVRO,IBk,SMOTE,None,9,9,0.5882,0.9091,0.7143,0.9104,0.6919,0.9091
AVRO,IBk,SMOTE,None,9,10,0.7500,0.8182,0.7826,0.9007,0.7681,0.8182
AVRO,IBk,SMOTE,None,10,1,0.6667,0.9091,0.7692,0.9924,0.7522,1.0000
AVRO,IBk,SMOTE,None,10,2,0.4762,0.9091,0.6250,0.9715,0.5933,0.9091
AVRO,IBk,SMOTE,None,10,3,0.6429,0.9000,0.7500,0.9739,0.7331,0.9000
AVRO,IBk,SMOTE,None,10,4,0.7143,0.9091,0.8000,0.9771,0.7856,0.9091
AVRO,IBk,SMOTE,None,10,5,0.4667,0.6364,0.5385,0.7945,0.5043,0.7273
AVRO,IBk,SMOTE,None,10,6,0.6250,0.9091,0.7407,0.9945,0.7210,1.0000
AVRO,IBk,SMOTE,None,10,7,0.8000,0.7273,0.7619,0.9277,0.7475,0.8182
AVRO,IBk,SMOTE,None,10,8,0.5714,0.7273,0.6400,0.9732,0.6142,0.9091
AVRO,IBk,SMOTE,None,10,9,0.7273,0.7273,0.7273,0.8300,0.7099,0.8182
AVRO,IBk,SMOTE,None,10,10,0.5000,0.8182,0.6207,0.9587,0.5903,0.9091
AVRO,IBk,None,InfoGain,1,1,0.6000,0.5455,0.5714,0.9235,0.5457,0.9091
AVRO,IBk,None,InfoGain,1,2,0.6667,0.5455,0.6000,0.8122,0.5774,0.6364
AVRO,IBk,None,InfoGain,1,3,0.8000,0.8000,0.8000,0.9885,0.7885,1.0000
AVRO,IBk,None,InfoGain,1,4,0.7500,0.2727,0.4000,0.8615,0.3802,0.7273
AVRO,IBk,None,InfoGain,1,5,0.6667,0.5455,0.6000,0.9679,0.5773,0.9091
AVRO,IBk,None,InfoGain,1,6,0.8333,0.4545,0.5882,0.9535,0.5701,0.8182
AVRO,IBk,None,InfoGain,1,7,0.8000,0.3636,0.5000,0.8949,0.4806,0.8182
AVRO,IBk,None,InfoGain,1,8,0.8182,0.8182,0.8182,0.9798,0.8066,0.9091
AVRO,IBk,None,InfoGain,1,9,0.6000,0.2727,0.3750,0.8140,0.3507,0.6364
AVRO,IBk,None,InfoGain,1,10,0.8182,0.8182,0.8182,0.9141,0.8066,0.9091
AVRO,IBk,None,InfoGain,2,1,0.7500,0.5455,0.6316,0.8817,0.6122,0.7273
AVRO,IBk,None,InfoGain,2,2,0.5000,0.5455,0.5217,0.8615,0.4901,0.7273
AVRO,IBk,None,InfoGain,2,3,0.8333,0.5000,0.6250,0.9684,0.6091,0.9000
AVRO,IBk,None,InfoGain,2,4,1.0000,0.2727,0.4286,0.8326,0.4135,0.8182
AVRO,IBk,None,InfoGain,2,5,0.8571,0.5455,0.6667,0.9191,0.6504,0.8182
AVRO,IBk,None,InfoGain,2,6,0.7143,0.9091,0.8000,0.9958,0.7856,1.0000
AVRO,IBk,None,InfoGain,2,7,0.6154,0.7273,0.6667,0.9609,0.6436,0.9091
AVRO,IBk,None,InfoGain,2,8,0.7778,0.6364,0.7000,0.8994,0.6829,0.7273
AVRO,IBk,None,InfoGain,2,9,0.8333,0.4545,0.5882,0.8747,0.5701,0.7273
AVRO,IBk,None,InfoGain,2,10,0.8333,0.4545,0.5882,0.8692,0.5701,0.6364
AVRO,IBk,None,InfoGain,3,1,0.8571,0.5455,0.6667,0.9080,0.6505,0.9091
AVRO,IBk,None,InfoGain,3,2,1.0000,0.5455,0.7059,0.8349,0.6930,0.8182
AVRO,IBk,None,InfoGain,3,3,0.6667,0.6000,0.6316,0.9670,0.6116,0.9000
AVRO,IBk,None,InfoGain,3,4,1.0000,0.3636,0.5333,0.9188,0.5180,0.8182
AVRO,IBk,None,InfoGain,3,5,0.6667,0.5455,0.6000,0.9496,0.5773,0.8182
AVRO,IBk,None,InfoGain,3,6,0.7273,0.7273,0.7273,0.9737,0.7099,0.9091
AVRO,IBk,None,InfoGain,3,7,1.0000,0.5455,0.7059,0.9764,0.6929,0.9091
AVRO,IBk,None,InfoGain,3,8,0.7273,0.7273,0.7273,0.9193,0.7099,0.9091
AVRO,IBk,None,InfoGain,3,9,1.0000,0.6364,0.7778,0.9012,0.7669,0.8182
AVRO,IBk,None,InfoGain,3,10,0.6667,0.7273,0.6957,0.9551,0.6754,0.8182
AVRO,IBk,None,InfoGain,4,1,0.8889,0.7273,0.8000,0.9765,0.7887,0.9091
AVRO,IBk,None,InfoGain,4,2,1.0000,0.7273,0.8421,0.9117,0.8338,0.9091
AVRO,IBk,None,InfoGain,4,3,0.5000,0.4000,0.4444,0.8399,0.4162,0.7000
AVRO,IBk,None,InfoGain,4,4,0.4000,0.1818,0.2500,0.7990,0.2209,0.6364
AVRO,IBk,None,InfoGain,4,5,1.0000,0.6364,0.7778,0.9425,0.7669,0.9091
AVRO,IBk,None,InfoGain,4,6,0.7000,0.6364,0.6667,0.9887,0.6465,1.0000
AVRO,IBk,None,InfoGain,4,7,0.5833,0.6364,0.6087,0.9049,0.5827,0.6364
AVRO,IBk,None,InfoGain,4,8,0.6250,0.4545,0.5263,0.9753,0.5012,1.0000
AVRO,IBk,None,InfoGain,4,9,0.7273,0.7273,0.7273,0.7995,0.7099,0.7273
AVRO,IBk,None,InfoGain,4,10,0.5556,0.4545,0.5000,0.9180,0.4716,0.8966
AVRO,IBk,None,InfoGain,5,1,0.7273,0.7273,0.7273,0.9914,0.7100,1.0000
AVRO,IBk,None,InfoGain,5,2,0.6667,0.7273,0.6957,0.9893,0.6755,1.0000
AVRO,IBk,None,InfoGain,5,3,0.8000,0.4000,0.5333,0.9083,0.5158,0.8000
AVRO,IBk,None,InfoGain,5,4,0.8000,0.3636,0.5000,0.9590,0.4806,0.9091
AVRO,IBk,None,InfoGain,5,5,0.6154,0.7273,0.6667,0.8631,0.6436,0.8182
AVRO,IBk,None,InfoGain,5,6,0.6667,0.3636,0.4706,0.9858,0.4473,1.0000
AVRO,IBk,None,InfoGain,5,7,0.6364,0.6364,0.6364,0.9107,0.6132,0.9091
AVRO,IBk,None,InfoGain,5,8,1.0000,0.6364,0.7778,0.8689,0.7669,0.7273
AVRO,IBk,None,InfoGain,5,9,0.7143,0.4545,0.5556,0.8316,0.5339,0.6364
AVRO,IBk,None,InfoGain,5,10,0.3636,0.3636,0.3636,0.8300,0.3232,0.6006
AVRO,IBk,None,InfoGain,6,1,0.7143,0.4545,0.5556,0.9459,0.5340,0.7273
AVRO,IBk,None,InfoGain,6,2,1.0000,0.7273,0.8421,0.9838,0.8338,0.9091
AVRO,IBk,None,InfoGain,6,3,0.7143,0.5000,0.5882,0.7661,0.5689,0.6000
AVRO,IBk,None,InfoGain,6,4,0.6000,0.5455,0.5714,0.8852,0.5456,0.8182
AVRO,IBk,None,InfoGain,6,5,0.6667,0.3636,0.4706,0.9616,0.4473,0.9091
AVRO,IBk,None,InfoGain,6,6,0.6667,0.5455,0.6000,0.8663,0.5773,0.7273
AVRO,IBk,None,InfoGain,6,7,0.8333,0.9091,0.8696,0.9792,0.8609,0.9091
AVRO,IBk,None,InfoGain,6,8,0.2500,0.0909,0.1333,0.8734,0.1048,0.8182
AVRO,IBk,None,InfoGain,6,9,0.7778,0.6364,0.7000,0.9041,0.6829,0.9091
AVRO,IBk,None,InfoGain,6,10,0.7143,0.4545,0.5556,0.8586,0.5339,0.7273
AVRO,IBk,None,InfoGain,7,1,1.0000,0.5455,0.7059,0.9739,0.6930,0.9091
AVRO,IBk,None,InfoGain,7,2,0.6000,0.5455,0.5714,0.9127,0.5457,0.7273
AVRO,IBk,None,InfoGain,7,3,0.8571,0.6000,0.7059,0.9086,0.6921,0.8000
AVRO,IBk,None,InfoGain,7,4,0.5714,0.3636,0.4444,0.8274,0.4174,0.7273
AVRO,IBk,None,InfoGain,7,5,1.0000,0.7273,0.8421,0.9937,0.8337,1.0000
AVRO,IBk,None,InfoGain,7,6,0.7500,0.5455,0.6316,0.8802,0.6120,0.8182
AVRO,IBk,None,InfoGain,7,7,0.8000,0.7273,0.7619,0.8904,0.7475,0.8182
AVRO,IBk,None,InfoGain,7,8,0.7000,0.6364,0.6667,0.9708,0.6465,0.9091
AVRO,IBk,None,InfoGain,7,9,0.7143,0.4545,0.5556,0.8805,0.5339,0.8182
AVRO,IBk,None,InfoGain,7,10,0.6667,0.3636,0.4706,0.9225,0.4473,0.9091
AVRO,IBk,None,InfoGain,8,1,0.5000,0.3636,0.4211,0.9347,0.3905,0.8182
AVRO,IBk,None,InfoGain,8,2,1.0000,0.5455,0.7059,0.9953,0.6930,1.0000
AVRO,IBk,None,InfoGain,8,3,0.7500,0.6000,0.6667,0.9621,0.6497,0.8000
AVRO,IBk,None,InfoGain,8,4,0.8571,0.5455,0.6667,0.8103,0.6504,0.7273
AVRO,IBk,None,InfoGain,8,5,0.8571,0.5455,0.6667,0.8006,0.6504,0.7273
AVRO,IBk,None,InfoGain,8,6,0.6000,0.2727,0.3750,0.9157,0.3507,0.7273
AVRO,IBk,None,InfoGain,8,7,0.6250,0.4545,0.5263,0.9062,0.5012,0.9091
AVRO,IBk,None,InfoGain,8,8,0.5294,0.8182,0.6429,0.9850,0.6149,0.9643
AVRO,IBk,None,InfoGain,8,9,1.0000,0.5455,0.7059,0.9808,0.6929,1.0000
AVRO,IBk,None,InfoGain,8,10,0.9000,0.8182,0.8571,0.9905,0.8485,1.0000
AVRO,IBk,None,InfoGain,9,1,0.6000,0.5455,0.5714,0.9104,0.5457,0.8182
AVRO,IBk,None,InfoGain,9,2,0.8333,0.4545,0.5882,0.9172,0.5702,0.8182
AVRO,IBk,None,InfoGain,9,3,0.8571,0.6000,0.7059,0.9894,0.6921,1.0000
AVRO,IBk,None,InfoGain,9,4,0.7692,0.9091,0.8333,0.9971,0.8218,1.0000
AVRO,IBk,None,InfoGain,9,5,0.6250,0.4545,0.5263,0.9280,0.5012,0.9091
AVRO,IBk,None,InfoGain,9,6,0.6000,0.5455,0.5714,0.8702,0.5456,0.7273
AVRO,IBk,None,InfoGain,9,7,1.0000,0.3636,0.5333,0.8584,0.5180,0.8182
AVRO,IBk,None,InfoGain,9,8,0.8571,0.5455,0.6667,0.8555,0.6504,0.7273
AVRO,IBk,None,InfoGain,9,9,0.8182,0.8182,0.8182,0.9086,0.8066,0.9091
AVRO,IBk,None,InfoGain,9,10,0.8000,0.3636,0.5000,0.9046,0.4806,0.8182
AVRO,IBk,None,InfoGain,10,1,0.5000,0.3636,0.4211,0.9783,0.3905,1.0000
AVRO,IBk,None,InfoGain,10,2,0.7273,0.7273,0.7273,0.9757,0.7100,0.9091
AVRO,IBk,None,InfoGain,10,3,1.0000,0.7000,0.8235,0.9704,0.8153,0.9000
AVRO,IBk,None,InfoGain,10,4,1.0000,0.4545,0.6250,0.9109,0.6104,0.7273
AVRO,IBk,None,InfoGain,10,5,0.7143,0.4545,0.5556,0.8121,0.5339,0.6364
AVRO,IBk,None,InfoGain,10,6,0.7000,0.6364,0.6667,0.9890,0.6465,1.0000
AVRO,IBk,None,InfoGain,10,7,0.7778,0.6364,0.7000,0.9580,0.6829,0.8182
AVRO,IBk,None,InfoGain,10,8,0.5000,0.4545,0.4762,0.8434,0.4446,0.7273
AVRO,IBk,None,InfoGain,10,9,1.0000,0.5455,0.7059,0.8224,0.6929,0.8182
AVRO,IBk,None,InfoGain,10,10,0.6667,0.5455,0.6000,0.9438,0.5773,0.8182
AVRO,IBk,Undersampling,InfoGain,1,1,0.2157,1.0000,0.3548,0.9389,0.2849,0.7273
AVRO,IBk,Undersampling,InfoGain,1,2,0.1702,0.7273,0.2759,0.7416,0.1986,0.3636
AVRO,IBk,Undersampling,InfoGain,1,3,0.1786,1.0000,0.3030,0.9181,0.2322,0.4000
AVRO,IBk,Undersampling,InfoGain,1,4,0.1731,0.8182,0.2857,0.7880,0.2075,0.5455
AVRO,IBk,Undersampling,InfoGain,1,5,0.1852,0.9091,0.3077,0.9033,0.2313,0.7273
AVRO,IBk,Undersampling,InfoGain,1,6,0.1538,0.5455,0.2400,0.8334,0.1618,0.4545
AVRO,IBk,Undersampling,InfoGain,1,7,0.2075,1.0000,0.3438,0.9191,0.2716,0.2727
AVRO,IBk,Undersampling,InfoGain,1,8,0.2292,1.0000,0.3729,0.9304,0.3053,0.5455
AVRO,IBk,Undersampling,InfoGain,1,9,0.2059,0.6364,0.3111,0.8395,0.2427,0.6364
AVRO,IBk,Undersampling,InfoGain,1,10,0.1818,0.9091,0.3030,0.8839,0.2259,0.6364
AVRO,IBk,Undersampling,InfoGain,2,1,0.2041,0.9091,0.3333,0.8757,0.2616,0.7273
AVRO,IBk,Undersampling,InfoGain,2,2,0.1613,0.9091,0.2740,0.7902,0.1924,0.3636
AVRO,IBk,Undersampling,InfoGain,2,3,0.1500,0.9000,0.2571,0.8701,0.1808,0.5000
AVRO,IBk,Undersampling,InfoGain,2,4,0.2286,0.7273,0.3478,0.8014,0.2826,0.5455
AVRO,IBk,Undersampling,InfoGain,2,5,0.1698,0.8182,0.2813,0.8621,0.2023,0.4545
AVRO,IBk,Undersampling,InfoGain,2,6,0.1897,1.0000,0.3188,0.9338,0.2427,0.6364
AVRO,IBk,Undersampling,InfoGain,2,7,0.1587,0.9091,0.2703,0.8973,0.1876,0.8182
AVRO,IBk,Undersampling,InfoGain,2,8,0.1961,0.9091,0.3226,0.8839,0.2487,0.5455
AVRO,IBk,Undersampling,InfoGain,2,9,0.1724,0.9091,0.2899,0.8820,0.2105,0.8469
AVRO,IBk,Undersampling,InfoGain,2,10,0.1707,0.6364,0.2692,0.8363,0.1932,0.4545
AVRO,IBk,Undersampling,InfoGain,3,1,0.1481,0.7273,0.2462,0.8352,0.1635,0.4927
AVRO,IBk,Undersampling,InfoGain,3,2,0.1667,0.8182,0.2769,0.8542,0.1977,0.8182
AVRO,IBk,Undersampling,InfoGain,3,3,0.1429,0.9000,0.2466,0.8353,0.1686,0.7000
AVRO,IBk,Undersampling,InfoGain,3,4,0.1800,0.8182,0.2951,0.8521,0.2185,0.3636
AVRO,IBk,Undersampling,InfoGain,3,5,0.1475,0.8182,0.2500,0.8169,0.1655,0.4545
AVRO,IBk,Undersampling,InfoGain,3,6,0.1875,0.8182,0.3051,0.8791,0.2302,0.6364
AVRO,IBk,Undersampling,InfoGain,3,7,0.1746,1.0000,0.2973,0.8999,0.2177,0.5455
AVRO,IBk,Undersampling,InfoGain,3,8,0.1923,0.9091,0.3175,0.8631,0.2427,0.4545
AVRO,IBk,Undersampling,InfoGain,3,9,0.1724,0.9091,0.2899,0.8736,0.2105,0.3636
AVRO,IBk,Undersampling,InfoGain,3,10,0.2245,1.0000,0.3667,0.9343,0.2981,0.7273
AVRO,IBk,Undersampling,InfoGain,4,1,0.1923,0.9091,0.3175,0.9154,0.2432,0.5455
AVRO,IBk,Undersampling,InfoGain,4,2,0.1923,0.9091,0.3175,0.8414,0.2432,0.0909
AVRO,IBk,Undersampling,InfoGain,4,3,0.1698,0.9000,0.2857,0.8029,0.2138,0.6000
AVRO,IBk,Undersampling,InfoGain,4,4,0.1163,0.4545,0.1852,0.7236,0.0994,0.5391
AVRO,IBk,Undersampling,InfoGain,4,5,0.2093,0.8182,0.3333,0.8944,0.2632,0.7394
AVRO,IBk,Undersampling,InfoGain,4,6,0.1923,0.9091,0.3175,0.8865,0.2427,0.4545
AVRO,IBk,Undersampling,InfoGain,4,7,0.1569,0.7273,0.2581,0.7885,0.1771,0.3636
AVRO,IBk,Undersampling,InfoGain,4,8,0.2000,0.9091,0.3279,0.8607,0.2548,0.8182
AVRO,IBk,Undersampling,InfoGain,4,9,0.1698,0.8182,0.2813,0.8163,0.2023,0.5455
AVRO,IBk,Undersampling,InfoGain,4,10,0.2245,1.0000,0.3667,0.9041,0.2981,0.5455
AVRO,IBk,Undersampling,InfoGain,5,1,0.1667,1.0000,0.2857,0.8785,0.2046,0.6364
AVRO,IBk,Undersampling,InfoGain,5,2,0.1429,0.8182,0.2432,0.8634,0.1580,0.6364
AVRO,IBk,Undersampling,InfoGain,5,3,0.2000,0.8000,0.3200,0.8853,0.2552,0.6000
AVRO,IBk,Undersampling,InfoGain,5,4,0.1957,0.8182,0.3158,0.8416,0.2427,0.6364
AVRO,IBk,Undersampling,InfoGain,5,5,0.1724,0.9091,0.2899,0.8321,0.2105,0.6364
AVRO,IBk,Undersampling,InfoGain,5,6,0.1897,1.0000,0.3188,0.8844,0.2427,0.6364
AVRO,IBk,Undersampling,InfoGain,5,7,0.1818,0.9091,0.3030,0.8174,0.2259,0.6364
AVRO,IBk,Undersampling,InfoGain,5,8,0.2174,0.9091,0.3509,0.9101,0.2816,0.5455
AVRO,IBk,Undersampling,InfoGain,5,9,0.1633,0.7273,0.2667,0.7696,0.1873,0.4545
AVRO,IBk,Undersampling,InfoGain,5,10,0.1765,0.8182,0.2903,0.8452,0.2129,0.4111
AVRO,IBk,Undersampling,InfoGain,6,1,0.2045,0.8182,0.3273,0.9070,0.2565,0.8182
AVRO,IBk,Undersampling,InfoGain,6,2,0.2000,0.9091,0.3279,0.8929,0.2553,0.3636
AVRO,IBk,Undersampling,InfoGain,6,3,0.2143,0.9000,0.3462,0.9227,0.2832,0.9000
AVRO,IBk,Undersampling,InfoGain,6,4,0.1449,0.9091,0.2500,0.8050,0.1638,0.4545
AVRO,IBk,Undersampling,InfoGain,6,5,0.2075,1.0000,0.3438,0.9417,0.2716,0.6364
AVRO,IBk,Undersampling,InfoGain,6,6,0.1923,0.9091,0.3175,0.8718,0.2427,0.3636
AVRO,IBk,Undersampling,InfoGain,6,7,0.2000,1.0000,0.3333,0.9388,0.2596,0.6364
AVRO,IBk,Undersampling,InfoGain,6,8,0.1481,0.7273,0.2462,0.7867,0.1630,0.5455
AVRO,IBk,Undersampling,InfoGain,6,9,0.1837,0.8182,0.3000,0.8255,0.2243,0.4545
AVRO,IBk,Undersampling,InfoGain,6,10,0.1591,0.6364,0.2545,0.8421,0.1757,0.4545
AVRO,IBk,Undersampling,InfoGain,7,1,0.2041,0.9091,0.3333,0.9060,0.2616,0.7273
AVRO,IBk,Undersampling,InfoGain,7,2,0.1452,0.8182,0.2466,0.8041,0.1619,0.3636
AVRO,IBk,Undersampling,InfoGain,7,3,0.1818,0.8000,0.2963,0.8569,0.2279,0.4000
AVRO,IBk,Undersampling,InfoGain,7,4,0.1795,0.6364,0.2800,0.7659,0.2059,0.5455
AVRO,IBk,Undersampling,InfoGain,7,5,0.2273,0.9091,0.3636,0.9372,0.2963,0.4545
AVRO,IBk,Undersampling,InfoGain,7,6,0.2083,0.9091,0.3390,0.8431,0.2678,0.6364
AVRO,IBk,Undersampling,InfoGain,7,7,0.2439,0.9091,0.3846,0.9015,0.3206,0.3636
AVRO,IBk,Undersampling,InfoGain,7,8,0.2000,0.9091,0.3279,0.9167,0.2548,0.7273
AVRO,IBk,Undersampling,InfoGain,7,9,0.1481,0.7273,0.2462,0.8111,0.1630,0.4182
AVRO,IBk,Undersampling,InfoGain,7,10,0.1333,0.5455,0.2143,0.7972,0.1308,0.4545
AVRO,IBk,Undersampling,InfoGain,8,1,0.1724,0.9091,0.2899,0.8793,0.2110,0.5455
AVRO,IBk,Undersampling,InfoGain,8,2,0.1800,0.8182,0.2951,0.8871,0.2189,0.5455
AVRO,IBk,Undersampling,InfoGain,8,3,0.2250,0.9000,0.3600,0.9261,0.2990,0.7000
AVRO,IBk,Undersampling,InfoGain,8,4,0.1600,0.7273,0.2623,0.7877,0.1821,0.3636
AVRO,IBk,Undersampling,InfoGain,8,5,0.1579,0.8182,0.2647,0.8024,0.1828,0.6364
AVRO,IBk,Undersampling,InfoGain,8,6,0.2391,1.0000,0.3860,0.9104,0.3204,0.6364
AVRO,IBk,Undersampling,InfoGain,8,7,0.1321,0.6364,0.2188,0.8311,0.1329,0.7273
AVRO,IBk,Undersampling,InfoGain,8,8,0.2075,1.0000,0.3438,0.9062,0.2716,0.3636
AVRO,IBk,Undersampling,InfoGain,8,9,0.1964,1.0000,0.3284,0.8949,0.2538,0.5455
AVRO,IBk,Undersampling,InfoGain,8,10,0.1636,0.8182,0.2727,0.8954,0.1922,0.5455
AVRO,IBk,Undersampling,InfoGain,9,1,0.1525,0.8182,0.2571,0.8184,0.1744,0.5455
AVRO,IBk,Undersampling,InfoGain,9,2,0.1639,0.9091,0.2778,0.8877,0.1969,0.4545
AVRO,IBk,Undersampling,InfoGain,9,3,0.1667,0.8000,0.2759,0.8787,0.2043,0.6000
AVRO,IBk,Undersampling,InfoGain,9,4,0.1746,1.0000,0.2973,0.9425,0.2177,0.8182
AVRO,IBk,Undersampling,InfoGain,9,5,0.2083,0.9091,0.3390,0.8820,0.2678,0.4545
AVRO,IBk,Undersampling,InfoGain,9,6,0.1600,0.7273,0.2623,0.7612,0.1821,0.2727
AVRO,IBk,Undersampling,InfoGain,9,7,0.1837,0.8182,0.3000,0.7974,0.2243,0.6364
AVRO,IBk,Undersampling,InfoGain,9,8,0.1636,0.8182,0.2727,0.8224,0.1922,0.5455
AVRO,IBk,Undersampling,InfoGain,9,9,0.1818,0.9091,0.3030,0.8862,0.2259,0.7273
AVRO,IBk,Undersampling,InfoGain,9,10,0.2439,0.9091,0.3846,0.8749,0.3206,0.6112
AVRO,IBk,Undersampling,InfoGain,10,1,0.1795,0.6364,0.2800,0.8271,0.2064,0.4545
AVRO,IBk,Undersampling,InfoGain,10,2,0.1471,0.9091,0.2532,0.8858,0.1680,0.5455
AVRO,IBk,Undersampling,InfoGain,10,3,0.1923,1.0000,0.3226,0.9210,0.2546,0.5000
AVRO,IBk,Undersampling,InfoGain,10,4,0.1800,0.8182,0.2951,0.8678,0.2185,0.4446
AVRO,IBk,Undersampling,InfoGain,10,5,0.2647,0.8182,0.4000,0.8290,0.3404,0.6364
AVRO,IBk,Undersampling,InfoGain,10,6,0.1803,1.0000,0.3056,0.9207,0.2273,0.8182
AVRO,IBk,Undersampling,InfoGain,10,7,0.2083,0.9091,0.3390,0.8762,0.2678,0.7273
AVRO,IBk,Undersampling,InfoGain,10,8,0.2222,0.9091,0.3571,0.8455,0.2888,0.5494
AVRO,IBk,Undersampling,InfoGain,10,9,0.1778,0.7273,0.2857,0.8245,0.2098,0.3636
AVRO,IBk,Undersampling,InfoGain,10,10,0.1481,0.7273,0.2462,0.8652,0.1630,0.3636
AVRO,IBk,Oversampling,InfoGain,1,1,0.4167,0.9091,0.5714,0.9639,0.5334,0.8854
AVRO,IBk,Oversampling,InfoGain,1,2,0.4118,0.6364,0.5000,0.8440,0.4611,0.6364
AVRO,IBk,Oversampling,InfoGain,1,3,0.4348,1.0000,0.6061,0.9876,0.5738,1.0000
AVRO,IBk,Oversampling,InfoGain,1,4,0.3889,0.6364,0.4828,0.8807,0.4413,0.6364
AVRO,IBk,Oversampling,InfoGain,1,5,0.5882,0.9091,0.7143,0.9771,0.6919,0.9091
AVRO,IBk,Oversampling,InfoGain,1,6,0.6154,0.7273,0.6667,0.9461,0.6436,0.7273
AVRO,IBk,Oversampling,InfoGain,1,7,0.5625,0.8182,0.6667,0.8663,0.6412,0.8182
AVRO,IBk,Oversampling,InfoGain,1,8,0.6250,0.9091,0.7407,0.9811,0.7210,0.9091
AVRO,IBk,Oversampling,InfoGain,1,9,0.6154,0.7273,0.6667,0.8108,0.6436,0.7273
AVRO,IBk,Oversampling,InfoGain,1,10,0.4167,0.9091,0.5714,0.9782,0.5332,0.9091
AVRO,IBk,Oversampling,InfoGain,2,1,0.5000,0.7273,0.5926,0.8414,0.5617,0.7273
AVRO,IBk,Oversampling,InfoGain,2,2,0.3478,0.7273,0.4706,0.8871,0.4243,0.7273
AVRO,IBk,Oversampling,InfoGain,2,3,0.5294,0.9000,0.6667,0.9767,0.6422,0.9000
AVRO,IBk,Oversampling,InfoGain,2,4,0.4737,0.8182,0.6000,0.8891,0.5672,0.8182
AVRO,IBk,Oversampling,InfoGain,2,5,0.6250,0.9091,0.7407,0.9485,0.7210,0.9091
AVRO,IBk,Oversampling,InfoGain,2,6,0.5000,1.0000,0.6667,0.9955,0.6378,1.0000
AVRO,IBk,Oversampling,InfoGain,2,7,0.3704,0.9091,0.5263,0.9593,0.4823,0.9091
AVRO,IBk,Oversampling,InfoGain,2,8,0.5000,0.8182,0.6207,0.9162,0.5903,0.8182
AVRO,IBk,Oversampling,InfoGain,2,9,0.4500,0.8182,0.5806,0.8962,0.5456,0.8182
AVRO,IBk,Oversampling,InfoGain,2,10,0.5000,0.7273,0.5926,0.8684,0.5615,0.7273
AVRO,IBk,Oversampling,InfoGain,3,1,0.6667,0.9091,0.7692,0.9804,0.7522,0.9091
AVRO,IBk,Oversampling,InfoGain,3,2,0.6000,0.8182,0.6923,0.8568,0.6696,0.8182
AVRO,IBk,Oversampling,InfoGain,3,3,0.4286,0.9000,0.5806,0.9063,0.5473,0.9000
AVRO,IBk,Oversampling,InfoGain,3,4,0.4167,0.9091,0.5714,0.9241,0.5332,0.6982
AVRO,IBk,Oversampling,InfoGain,3,5,0.3913,0.8182,0.5294,0.9333,0.4880,0.8182
AVRO,IBk,Oversampling,InfoGain,3,6,0.5263,0.9091,0.6667,0.9364,0.6394,0.9091
AVRO,IBk,Oversampling,InfoGain,3,7,0.4167,0.9091,0.5714,0.9813,0.5332,0.9091
AVRO,IBk,Oversampling,InfoGain,3,8,0.5882,0.9091,0.7143,0.9813,0.6919,0.9091
AVRO,IBk,Oversampling,InfoGain,3,9,0.7500,0.8182,0.7826,0.9049,0.7681,0.8182
AVRO,IBk,Oversampling,InfoGain,3,10,0.6667,0.9091,0.7692,0.9585,0.7521,0.9091
AVRO,IBk,Oversampling,InfoGain,4,1,0.5556,0.9091,0.6897,0.9556,0.6649,0.9091
AVRO,IBk,Oversampling,InfoGain,4,2,0.5263,0.9091,0.6667,0.9117,0.6395,0.9091
AVRO,IBk,Oversampling,InfoGain,4,3,0.4118,0.7000,0.5185,0.8802,0.4831,0.7000
AVRO,IBk,Oversampling,InfoGain,4,4,0.4167,0.4545,0.4348,0.7801,0.3972,0.4545
AVRO,IBk,Oversampling,InfoGain,4,5,0.4737,0.8182,0.6000,0.8986,0.5672,0.8182
AVRO,IBk,Oversampling,InfoGain,4,6,0.5500,1.0000,0.7097,0.9974,0.6854,1.0000
AVRO,IBk,Oversampling,InfoGain,4,7,0.3684,0.6364,0.4667,0.8213,0.4230,0.6364
AVRO,IBk,Oversampling,InfoGain,4,8,0.5789,1.0000,0.7333,0.9916,0.7115,1.0000
AVRO,IBk,Oversampling,InfoGain,4,9,0.3333,0.7273,0.4571,0.7980,0.4087,0.7273
AVRO,IBk,Oversampling,InfoGain,4,10,0.4545,0.9091,0.6061,0.9359,0.5719,0.8671
AVRO,IBk,Oversampling,InfoGain,5,1,0.4231,1.0000,0.5946,0.9888,0.5576,1.0000
AVRO,IBk,Oversampling,InfoGain,5,2,0.4400,1.0000,0.6111,0.9937,0.5761,1.0000
AVRO,IBk,Oversampling,InfoGain,5,3,0.4500,0.9000,0.6000,0.9526,0.5688,0.9000
AVRO,IBk,Oversampling,InfoGain,5,4,0.5000,0.9091,0.6452,0.9551,0.6155,0.9091
AVRO,IBk,Oversampling,InfoGain,5,5,0.4286,0.8182,0.5625,0.9566,0.5252,0.8182
AVRO,IBk,Oversampling,InfoGain,5,6,0.5500,1.0000,0.7097,0.9877,0.6854,1.0000
AVRO,IBk,Oversampling,InfoGain,5,7,0.4737,0.8182,0.6000,0.8597,0.5672,0.8182
AVRO,IBk,Oversampling,InfoGain,5,8,0.5294,0.8182,0.6429,0.9193,0.6149,0.8182
AVRO,IBk,Oversampling,InfoGain,5,9,0.3600,0.8182,0.5000,0.8715,0.4547,0.8182
AVRO,IBk,Oversampling,InfoGain,5,10,0.5333,0.7273,0.6154,0.8539,0.5869,0.7273
AVRO,IBk,Oversampling,InfoGain,6,1,0.8000,0.7273,0.7619,0.9305,0.7476,0.7273
AVRO,IBk,Oversampling,InfoGain,6,2,0.4348,0.9091,0.5882,0.9015,0.5522,0.9091
AVRO,IBk,Oversampling,InfoGain,6,3,0.4118,0.7000,0.5185,0.8546,0.4831,0.7000
AVRO,IBk,Oversampling,InfoGain,6,4,0.4286,0.8182,0.5625,0.8713,0.5252,0.8182
AVRO,IBk,Oversampling,InfoGain,6,5,0.4286,0.8182,0.5625,0.9233,0.5252,0.8182
AVRO,IBk,Oversampling,InfoGain,6,6,0.4091,0.8182,0.5455,0.9498,0.5061,0.7779
AVRO,IBk,Oversampling,InfoGain,6,7,0.6250,0.9091,0.7407,0.9837,0.7210,0.9091
AVRO,IBk,Oversampling,InfoGain,6,8,0.5294,0.8182,0.6429,0.9033,0.6149,0.8182
AVRO,IBk,Oversampling,InfoGain,6,9,0.4348,0.9091,0.5882,0.9348,0.5520,0.9091
AVRO,IBk,Oversampling,InfoGain,6,10,0.4000,0.7273,0.5161,0.7743,0.4757,0.7273
AVRO,IBk,Oversampling,InfoGain,7,1,0.5882,0.9091,0.7143,0.9825,0.6921,0.9091
AVRO,IBk,Oversampling,InfoGain,7,2,0.3478,0.7273,0.4706,0.8898,0.4243,0.7273
AVRO,IBk,Oversampling,InfoGain,7,3,0.6923,0.9000,0.7826,0.9491,0.7684,0.9000
AVRO,IBk,Oversampling,InfoGain,7,4,0.4706,0.7273,0.5714,0.8382,0.5379,0.7273
AVRO,IBk,Oversampling,InfoGain,7,5,0.5789,1.0000,0.7333,0.9958,0.7115,1.0000
AVRO,IBk,Oversampling,InfoGain,7,6,0.5000,0.8182,0.6207,0.9033,0.5903,0.8182
AVRO,IBk,Oversampling,InfoGain,7,7,0.4286,0.8182,0.5625,0.9122,0.5252,0.8182
AVRO,IBk,Oversampling,InfoGain,7,8,0.4091,0.8182,0.5455,0.9369,0.5061,0.8182
AVRO,IBk,Oversampling,InfoGain,7,9,0.3750,0.8182,0.5143,0.9151,0.4709,0.8182
AVRO,IBk,Oversampling,InfoGain,7,10,0.4762,0.9091,0.6250,0.9301,0.5931,0.9091
AVRO,IBk,Oversampling,InfoGain,8,1,0.4286,0.8182,0.5625,0.8336,0.5255,0.8182
AVRO,IBk,Oversampling,InfoGain,8,2,0.6111,1.0000,0.7586,0.9864,0.7394,1.0000
AVRO,IBk,Oversampling,InfoGain,8,3,0.6154,0.8000,0.6957,0.9417,0.6757,0.8000
AVRO,IBk,Oversampling,InfoGain,8,4,0.4000,0.7273,0.5161,0.9364,0.4757,0.7273
AVRO,IBk,Oversampling,InfoGain,8,5,0.4286,0.8182,0.5625,0.8350,0.5252,0.8182
AVRO,IBk,Oversampling,InfoGain,8,6,0.3810,0.7273,0.5000,0.9306,0.4574,0.7273
AVRO,IBk,Oversampling,InfoGain,8,7,0.4000,0.9091,0.5556,0.9577,0.5153,0.9091
AVRO,IBk,Oversampling,InfoGain,8,8,0.4783,1.0000,0.6471,0.9866,0.6160,1.0000
AVRO,IBk,Oversampling,InfoGain,8,9,0.4348,0.9091,0.5882,0.9748,0.5520,0.9091
AVRO,IBk,Oversampling,InfoGain,8,10,0.5500,1.0000,0.7097,0.9961,0.6854,1.0000
AVRO,IBk,Oversampling,InfoGain,9,1,0.3333,0.8182,0.4737,0.8921,0.4251,0.8182
AVRO,IBk,Oversampling,InfoGain,9,2,0.6429,0.8182,0.7200,0.9666,0.7000,0.8182
AVRO,IBk,Oversampling,InfoGain,9,3,0.4167,1.0000,0.5882,0.9810,0.5540,1.0000
AVRO,IBk,Oversampling,InfoGain,9,4,0.5000,1.0000,0.6667,0.9929,0.6378,1.0000
AVRO,IBk,Oversampling,InfoGain,9,5,0.3462,0.8182,0.4865,0.8973,0.4394,0.8182
AVRO,IBk,Oversampling,InfoGain,9,6,0.4000,0.7273,0.5161,0.8466,0.4757,0.7273
AVRO,IBk,Oversampling,InfoGain,9,7,0.5556,0.9091,0.6897,0.9054,0.6648,0.9091
AVRO,IBk,Oversampling,InfoGain,9,8,0.6000,0.8182,0.6923,0.9104,0.6695,0.8182
AVRO,IBk,Oversampling,InfoGain,9,9,0.4762,0.9091,0.6250,0.9151,0.5931,0.9091
AVRO,IBk,Oversampling,InfoGain,9,10,0.5294,0.8182,0.6429,0.9648,0.6149,0.8182
AVRO,IBk,Oversampling,InfoGain,10,1,0.4762,0.9091,0.6250,0.9744,0.5933,0.9091
AVRO,IBk,Oversampling,InfoGain,10,2,0.4762,0.9091,0.6250,0.9415,0.5933,0.9091
AVRO,IBk,Oversampling,InfoGain,10,3,0.4286,0.9000,0.5806,0.9721,0.5473,0.9000
AVRO,IBk,Oversampling,InfoGain,10,4,0.5000,0.8182,0.6207,0.9180,0.5903,0.8182
AVRO,IBk,Oversampling,InfoGain,10,5,0.5833,0.6364,0.6087,0.7809,0.5827,0.6364
AVRO,IBk,Oversampling,InfoGain,10,6,0.4400,1.0000,0.6111,0.9919,0.5759,1.0000
AVRO,IBk,Oversampling,InfoGain,10,7,0.5000,0.8182,0.6207,0.9459,0.5903,0.8182
AVRO,IBk,Oversampling,InfoGain,10,8,0.3810,0.7273,0.5000,0.9125,0.4574,0.7273
AVRO,IBk,Oversampling,InfoGain,10,9,0.3913,0.8182,0.5294,0.8623,0.4880,0.8182
AVRO,IBk,Oversampling,InfoGain,10,10,0.4000,0.9091,0.5556,0.9422,0.5153,0.9091
AVRO,IBk,SMOTE,InfoGain,1,1,0.5263,0.9091,0.6667,0.9339,0.6395,0.9091
AVRO,IBk,SMOTE,InfoGain,1,2,0.6364,0.6364,0.6364,0.8655,0.6134,0.7273
AVRO,IBk,SMOTE,InfoGain,1,3,0.4762,1.0000,0.6452,0.9931,0.6170,1.0000
AVRO,IBk,SMOTE,InfoGain,1,4,0.5556,0.4545,0.5000,0.8794,0.4716,0.8182
AVRO,IBk,SMOTE,InfoGain,1,5,0.5882,0.9091,0.7143,0.9693,0.6919,0.9091
AVRO,IBk,SMOTE,InfoGain,1,6,0.7000,0.6364,0.6667,0.9496,0.6465,0.8182
AVRO,IBk,SMOTE,InfoGain,1,7,0.7273,0.7273,0.7273,0.8994,0.7099,0.8182
AVRO,IBk,SMOTE,InfoGain,1,8,0.6923,0.8182,0.7500,0.9774,0.7327,0.9091
AVRO,IBk,SMOTE,InfoGain,1,9,0.5833,0.6364,0.6087,0.8297,0.5827,0.7273
AVRO,IBk,SMOTE,InfoGain,1,10,0.5556,0.9091,0.6897,0.9122,0.6648,0.9091
AVRO,IBk,SMOTE,InfoGain,2,1,0.6667,0.7273,0.6957,0.8790,0.6755,0.7273
AVRO,IBk,SMOTE,InfoGain,2,2,0.4500,0.8182,0.5806,0.8892,0.5458,0.7845
AVRO,IBk,SMOTE,InfoGain,2,3,0.6429,0.9000,0.7500,0.9931,0.7331,1.0000
AVRO,IBk,SMOTE,InfoGain,2,4,0.6000,0.8182,0.6923,0.8332,0.6695,0.8182
AVRO,IBk,SMOTE,InfoGain,2,5,0.6429,0.8182,0.7200,0.9217,0.6999,0.8182
AVRO,IBk,SMOTE,InfoGain,2,6,0.6471,1.0000,0.7857,0.9976,0.7689,1.0000
AVRO,IBk,SMOTE,InfoGain,2,7,0.4762,0.9091,0.6250,0.9643,0.5931,0.9091
AVRO,IBk,SMOTE,InfoGain,2,8,0.6667,0.7273,0.6957,0.9149,0.6754,0.8182
AVRO,IBk,SMOTE,InfoGain,2,9,0.6667,0.7273,0.6957,0.8747,0.6754,0.7273
AVRO,IBk,SMOTE,InfoGain,2,10,0.6364,0.6364,0.6364,0.8660,0.6132,0.6364
AVRO,IBk,SMOTE,InfoGain,3,1,0.7273,0.7273,0.7273,0.9104,0.7100,0.9091
AVRO,IBk,SMOTE,InfoGain,3,2,0.7500,0.8182,0.7826,0.8352,0.7682,0.8182
AVRO,IBk,SMOTE,InfoGain,3,3,0.5000,0.8000,0.6154,0.9695,0.5878,0.9000
AVRO,IBk,SMOTE,InfoGain,3,4,0.5333,0.7273,0.6154,0.9136,0.5869,0.8182
AVRO,IBk,SMOTE,InfoGain,3,5,0.6000,0.8182,0.6923,0.9624,0.6695,0.9091
AVRO,IBk,SMOTE,InfoGain,3,6,0.6429,0.8182,0.7200,0.9716,0.6999,0.9091
AVRO,IBk,SMOTE,InfoGain,3,7,0.6667,0.9091,0.7692,0.9764,0.7521,0.9091
AVRO,IBk,SMOTE,InfoGain,3,8,0.7143,0.9091,0.8000,0.9220,0.7856,0.9091
AVRO,IBk,SMOTE,InfoGain,3,9,0.7273,0.7273,0.7273,0.8981,0.7099,0.8182
AVRO,IBk,SMOTE,InfoGain,3,10,0.6923,0.8182,0.7500,0.9727,0.7327,0.9091
AVRO,IBk,SMOTE,InfoGain,4,1,0.5263,0.9091,0.6667,0.9720,0.6395,0.9091
AVRO,IBk,SMOTE,InfoGain,4,2,0.7143,0.9091,0.8000,0.9133,0.7857,0.9091
AVRO,IBk,SMOTE,InfoGain,4,3,0.4615,0.6000,0.5217,0.8422,0.4904,0.7000
AVRO,IBk,SMOTE,InfoGain,4,4,0.5000,0.5455,0.5217,0.8437,0.4899,0.7273
AVRO,IBk,SMOTE,InfoGain,4,5,0.8182,0.8182,0.8182,0.9396,0.8066,0.9091
AVRO,IBk,SMOTE,InfoGain,4,6,0.6111,1.0000,0.7586,0.9974,0.7393,1.0000
AVRO,IBk,SMOTE,InfoGain,4,7,0.5385,0.6364,0.5833,0.8996,0.5545,0.6364
AVRO,IBk,SMOTE,InfoGain,4,8,0.6471,1.0000,0.7857,0.9963,0.7689,1.0000
AVRO,IBk,SMOTE,InfoGain,4,9,0.6154,0.7273,0.6667,0.7964,0.6436,0.7273
AVRO,IBk,SMOTE,InfoGain,4,10,0.6111,1.0000,0.7586,0.9924,0.7393,0.9940
AVRO,IBk,SMOTE,InfoGain,5,1,0.4545,0.9091,0.6061,0.9862,0.5721,1.0000
AVRO,IBk,SMOTE,InfoGain,5,2,0.5556,0.9091,0.6897,0.9890,0.6649,1.0000
AVRO,IBk,SMOTE,InfoGain,5,3,0.5000,0.7000,0.5833,0.9043,0.5551,0.8000
AVRO,IBk,SMOTE,InfoGain,5,4,0.7778,0.6364,0.7000,0.9687,0.6829,0.9091
AVRO,IBk,SMOTE,InfoGain,5,5,0.5625,0.8182,0.6667,0.8628,0.6412,0.8182
AVRO,IBk,SMOTE,InfoGain,5,6,0.6250,0.9091,0.7407,0.9884,0.7210,1.0000
AVRO,IBk,SMOTE,InfoGain,5,7,0.5882,0.9091,0.7143,0.9130,0.6919,0.9091
AVRO,IBk,SMOTE,InfoGain,5,8,0.6667,0.7273,0.6957,0.8852,0.6754,0.8182
AVRO,IBk,SMOTE,InfoGain,5,9,0.4375,0.6364,0.5185,0.8516,0.4818,0.7273
AVRO,IBk,SMOTE,InfoGain,5,10,0.4706,0.7273,0.5714,0.8610,0.5379,0.8182
AVRO,IBk,SMOTE,InfoGain,6,1,0.5333,0.7273,0.6154,0.9561,0.5871,0.8182
AVRO,IBk,SMOTE,InfoGain,6,2,0.7692,0.9091,0.8333,0.9822,0.8219,0.9091
AVRO,IBk,SMOTE,InfoGain,6,3,0.5556,0.5000,0.5263,0.8207,0.5006,0.7000
AVRO,IBk,SMOTE,InfoGain,6,4,0.5294,0.8182,0.6429,0.8776,0.6149,0.8182
AVRO,IBk,SMOTE,InfoGain,6,5,0.7143,0.9091,0.8000,0.9695,0.7856,0.9091
AVRO,IBk,SMOTE,InfoGain,6,6,0.4211,0.7273,0.5333,0.8597,0.4951,0.7273
AVRO,IBk,SMOTE,InfoGain,6,7,0.7692,0.9091,0.8333,0.9958,0.8218,1.0000
AVRO,IBk,SMOTE,InfoGain,6,8,0.5333,0.7273,0.6154,0.8836,0.5869,0.8182
AVRO,IBk,SMOTE,InfoGain,6,9,0.5556,0.9091,0.6897,0.9167,0.6648,0.9091
AVRO,IBk,SMOTE,InfoGain,6,10,0.6154,0.7273,0.6667,0.8628,0.6436,0.7273
AVRO,IBk,SMOTE,InfoGain,7,1,0.8462,1.0000,0.9167,0.9982,0.9109,1.0000
AVRO,IBk,SMOTE,InfoGain,7,2,0.5625,0.8182,0.6667,0.9444,0.6414,0.8182
AVRO,IBk,SMOTE,InfoGain,7,3,0.7500,0.9000,0.8182,0.9316,0.8067,0.9000
AVRO,IBk,SMOTE,InfoGain,7,4,0.5000,0.7273,0.5926,0.8303,0.5615,0.7273
AVRO,IBk,SMOTE,InfoGain,7,5,0.7692,0.9091,0.8333,0.9953,0.8218,1.0000
AVRO,IBk,SMOTE,InfoGain,7,6,0.5333,0.7273,0.6154,0.8826,0.5869,0.8182
AVRO,IBk,SMOTE,InfoGain,7,7,0.6000,0.8182,0.6923,0.9049,0.6695,0.8182
AVRO,IBk,SMOTE,InfoGain,7,8,0.6250,0.9091,0.7407,0.9672,0.7210,0.9091
AVRO,IBk,SMOTE,InfoGain,7,9,0.5333,0.7273,0.6154,0.8854,0.5869,0.8182
AVRO,IBk,SMOTE,InfoGain,7,10,0.5882,0.9091,0.7143,0.9317,0.6919,0.9091
AVRO,IBk,SMOTE,InfoGain,8,1,0.4211,0.7273,0.5333,0.9323,0.4953,0.7273
AVRO,IBk,SMOTE,InfoGain,8,2,0.7692,0.9091,0.8333,0.9945,0.8219,1.0000
AVRO,IBk,SMOTE,InfoGain,8,3,0.7500,0.6000,0.6667,0.9552,0.6497,0.8000
AVRO,IBk,SMOTE,InfoGain,8,4,0.8000,0.7273,0.7619,0.8114,0.7475,0.7273
AVRO,IBk,SMOTE,InfoGain,8,5,0.8000,0.7273,0.7619,0.8008,0.7475,0.7273
AVRO,IBk,SMOTE,InfoGain,8,6,0.3750,0.5455,0.4444,0.9030,0.4021,0.7273
AVRO,IBk,SMOTE,InfoGain,8,7,0.6250,0.9091,0.7407,0.9130,0.7210,0.9091
AVRO,IBk,SMOTE,InfoGain,8,8,0.6111,1.0000,0.7586,0.9968,0.7393,1.0000
AVRO,IBk,SMOTE,InfoGain,8,9,0.5500,1.0000,0.7097,0.9976,0.6854,1.0000
AVRO,IBk,SMOTE,InfoGain,8,10,0.6875,1.0000,0.8148,0.9968,0.8007,1.0000
AVRO,IBk,SMOTE,InfoGain,9,1,0.4211,0.7273,0.5333,0.9067,0.4953,0.8182
AVRO,IBk,SMOTE,InfoGain,9,2,0.6923,0.8182,0.7500,0.9901,0.7328,1.0000
AVRO,IBk,SMOTE,InfoGain,9,3,0.7143,1.0000,0.8333,0.9920,0.8221,1.0000
AVRO,IBk,SMOTE,InfoGain,9,4,0.6471,1.0000,0.7857,0.9953,0.7689,1.0000
AVRO,IBk,SMOTE,InfoGain,9,5,0.5294,0.8182,0.6429,0.9298,0.6149,0.9091
AVRO,IBk,SMOTE,InfoGain,9,6,0.4211,0.7273,0.5333,0.8692,0.4951,0.7273
AVRO,IBk,SMOTE,InfoGain,9,7,0.8182,0.8182,0.8182,0.9122,0.8066,0.9091
AVRO,IBk,SMOTE,InfoGain,9,8,0.6429,0.8182,0.7200,0.8660,0.6999,0.8182
AVRO,IBk,SMOTE,InfoGain,9,9,0.6250,0.9091,0.7407,0.9122,0.7210,0.9091
AVRO,IBk,SMOTE,InfoGain,9,10,0.5833,0.6364,0.6087,0.8896,0.5827,0.7273
AVRO,IBk,SMOTE,InfoGain,10,1,0.6471,1.0000,0.7857,0.9953,0.7690,1.0000
AVRO,IBk,SMOTE,InfoGain,10,2,0.6250,0.9091,0.7407,0.9752,0.7211,0.9091
AVRO,IBk,SMOTE,InfoGain,10,3,0.5625,0.9000,0.6923,0.9727,0.6703,0.9000
AVRO,IBk,SMOTE,InfoGain,10,4,0.5625,0.8182,0.6667,0.9743,0.6412,0.9091
AVRO,IBk,SMOTE,InfoGain,10,5,0.5385,0.6364,0.5833,0.8258,0.5545,0.7273
AVRO,IBk,SMOTE,InfoGain,10,6,0.6111,1.0000,0.7586,0.9966,0.7393,1.0000
AVRO,IBk,SMOTE,InfoGain,10,7,0.6923,0.8182,0.7500,0.9611,0.7327,0.8182
AVRO,IBk,SMOTE,InfoGain,10,8,0.5714,0.7273,0.6400,0.9059,0.6142,0.9091
AVRO,IBk,SMOTE,InfoGain,10,9,0.5625,0.8182,0.6667,0.8316,0.6412,0.8182
AVRO,IBk,SMOTE,InfoGain,10,10,0.4500,0.8182,0.5806,0.9362,0.5456,0.8182
