Project,Release,File,Normalized_File,Size_LOC,NR,NAuth,NFix,Age_in_Days,Weighted_Age,LOC_Added,Max_LOC_Added,Average_LOC_Added,LOC_Deleted,Max_LOC_Deleted,Average_LOC_Deleted,Churn,Max_Churn,Average_Churn,Change_Set_Size,Max_Change_Set_Size,Average_Change_Set_Size,Average_ND,Average_Entropy,NSmells,Buggy
AVRO,1.0.0,src/java/org/apache/avro/specific/SpecificRequestor.java,org/apache/avro/specific/SpecificRequestor.java,49,4,1,1,5,870,115,53,28,59,53,14,174,53,43,353,110,88,18,5.1291,0,No
AVRO,1.0.0,src/java/org/apache/avro/specific/ProtocolTask.java,org/apache/avro/specific/ProtocolTask.java,94,4,1,1,5,1435,196,84,49,91,84,22,287,84,71,355,110,88,18,5.1605,0,No
AVRO,1.0.0,src/java/org/apache/avro/specific/SpecificRecordBase.java,org/apache/avro/specific/SpecificRecordBase.java,55,1,1,1,0,0,64,64,64,0,0,0,64,64,64,146,146,146,25,5.9581,0,No
AVRO,1.0.0,src/java/org/apache/avro/specific/SpecificExceptionBase.java,org/apache/avro/specific/SpecificExceptionBase.java,33,1,1,1,0,0,40,40,40,0,0,0,40,40,40,146,146,146,25,5.9581,0,No
AVRO,1.0.0,src/java/org/apache/avro/specific/SpecificCompiler.java,org/apache/avro/specific/SpecificCompiler.java,243,12,1,9,53,41393,525,225,43,256,225,21,781,225,65,561,110,46,12.0833,3.7749,0,No
AVRO,1.0.0,src/java/org/apache/avro/util/Utf8.java,org/apache/avro/util/Utf8.java,69,3,1,0,0,0,160,80,53,80,80,26,240,80,80,330,110,110,21,5.4979,0,No
AVRO,1.0.0,src/java/org/apache/avro/file/DataFileReader.java,org/apache/avro/file/DataFileReader.java,188,6,1,3,75,50550,446,208,74,228,208,38,674,208,112,610,174,101,19.8333,4.9818,0,No
AVRO,1.0.0,src/java/org/apache/avro/file/DataFileWriter.java,org/apache/avro/file/DataFileWriter.java,167,6,1,3,75,43875,389,183,64,196,183,32,585,183,97,610,174,101,19.8333,4.9818,0,No
AVRO,1.0.0,src/java/org/apache/avro/Schema.java,org/apache/avro/Schema.java,663,16,1,12,71,149029,1412,451,88,687,451,42,2099,451,131,677,111,42,11.125,3.4041,0,No
AVRO,1.0.0,src/java/org/apache/avro/Protocol.java,org/apache/avro/Protocol.java,294,13,1,9,71,79023,726,300,55,387,300,29,1113,300,85,674,110,51,12.9231,3.9502,0,No
AVRO,1.0.0,src/java/org/apache/avro/reflect/ReflectDatumReader.java,org/apache/avro/reflect/ReflectDatumReader.java,104,8,1,5,60,25680,273,92,34,155,92,19,428,92,53,595,131,74,16,4.7538,0,No
AVRO,1.0.0,src/java/org/apache/avro/reflect/ReflectDatumWriter.java,org/apache/avro/reflect/ReflectDatumWriter.java,57,8,1,5,75,18600,158,61,19,90,61,11,248,61,31,657,137,82,17.125,4.6565,0,No
AVRO,1.0.0,src/java/org/apache/avro/reflect/ReflectResponder.java,org/apache/avro/reflect/ReflectResponder.java,109,8,1,5,75,30000,262,118,32,138,118,17,400,118,50,668,131,83,17.5,4.7965,0,No
AVRO,1.0.0,src/java/org/apache/avro/reflect/ReflectData.java,org/apache/avro/reflect/ReflectData.java,225,9,1,5,60,41640,469,194,52,225,194,25,694,194,77,623,131,69,15.6667,4.4745,0,No
AVRO,1.0.0,src/java/org/apache/avro/reflect/ReflectRequestor.java,org/apache/avro/reflect/ReflectRequestor.java,73,5,1,2,75,19725,174,77,34,89,77,17,263,77,52,575,222,115,20.8,5.276,0,No
AVRO,1.0.0,src/java/org/apache/avro/io/ResolvingDecoder.java,org/apache/avro/io/ResolvingDecoder.java,211,1,1,1,0,0,223,223,223,0,0,0,223,223,223,241,241,241,36,6.4052,0,No
AVRO,1.0.0,src/java/org/apache/avro/io/BinaryDecoder.java,org/apache/avro/io/BinaryDecoder.java,263,2,1,2,1,310,305,305,152,5,5,2,310,305,155,260,229,130,21,5.2015,0,No
AVRO,1.0.0,src/java/org/apache/avro/io/Decoder.java,org/apache/avro/io/Decoder.java,257,2,1,2,1,291,289,279,144,2,2,1,291,279,145,260,229,130,21,5.2015,0,No
AVRO,1.0.0,src/java/org/apache/avro/io/ValidatingEncoder.java,org/apache/avro/io/ValidatingEncoder.java,199,1,1,1,0,0,225,225,225,0,0,0,225,225,225,241,241,241,36,6.4052,0,No
AVRO,1.0.0,src/java/org/apache/avro/io/BinaryEncoder.java,org/apache/avro/io/BinaryEncoder.java,213,2,1,2,1,282,266,266,133,16,16,8,282,266,141,260,229,130,21,5.2015,0,No
AVRO,1.0.0,src/java/org/apache/avro/io/ParsingTable.java,org/apache/avro/io/ParsingTable.java,333,1,1,1,0,0,383,383,383,0,0,0,383,383,383,241,241,241,36,6.4052,0,No
AVRO,1.0.0,src/java/org/apache/avro/io/BlockingBinaryEncoder.java,org/apache/avro/io/BlockingBinaryEncoder.java,536,2,1,2,18,11376,627,622,313,5,5,2,632,622,316,298,205,149,25.5,4.7283,0,No
AVRO,1.0.0,src/java/org/apache/avro/io/ResolvingTable.java,org/apache/avro/io/ResolvingTable.java,434,1,1,1,0,0,489,489,489,0,0,0,489,489,489,241,241,241,36,6.4052,0,No
AVRO,1.0.0,src/java/org/apache/avro/io/ValidatingDecoder.java,org/apache/avro/io/ValidatingDecoder.java,323,1,1,1,0,0,358,358,358,0,0,0,358,358,358,241,241,241,36,6.4052,0,No
AVRO,1.0.0,src/java/org/apache/avro/io/Encoder.java,org/apache/avro/io/Encoder.java,249,2,1,2,1,281,278,269,139,3,3,1,281,269,140,260,229,130,21,5.2015,0,No
AVRO,1.0.0,src/java/org/apache/avro/generic/GenericFixed.java,org/apache/avro/generic/GenericFixed.java,23,1,1,1,0,0,24,24,24,0,0,0,24,24,24,141,141,141,24,5.8972,0,No
AVRO,1.0.0,src/java/org/apache/avro/generic/GenericRequestor.java,org/apache/avro/generic/GenericRequestor.java,48,6,1,3,75,15075,129,57,21,72,57,12,201,57,33,609,178,101,19.6667,4.9578,0,No
AVRO,1.0.0,src/java/org/apache/avro/generic/GenericData.java,org/apache/avro/generic/GenericData.java,261,10,1,6,60,49140,549,250,54,270,250,27,819,250,81,639,110,63,14.7,4.4269,0,No
AVRO,1.0.0,src/java/org/apache/avro/generic/GenericDatumReader.java,org/apache/avro/generic/GenericDatumReader.java,426,15,1,11,82,143336,1105,265,73,643,265,42,1748,265,116,778,115,51,12.6,3.7724,0,No
AVRO,1.0.0,src/java/org/apache/avro/generic/GenericDatumWriter.java,org/apache/avro/generic/GenericDatumWriter.java,221,9,1,6,75,52875,479,164,53,226,164,25,705,164,78,695,118,77,16.8889,4.5378,0,No
AVRO,1.0.0,src/java/org/apache/avro/ipc/ByteBufferOutputStream.java,org/apache/avro/ipc/ByteBufferOutputStream.java,76,4,1,1,56,14728,175,87,43,88,87,22,263,87,65,504,174,126,23,5.7227,0,No
AVRO,1.0.0,src/java/org/apache/avro/ipc/AvroRemoteException.java,org/apache/avro/ipc/AvroRemoteException.java,33,4,1,1,60,8160,88,44,22,48,44,12,136,44,34,511,181,127,23,5.7287,0,No
AVRO,1.0.0,src/java/org/apache/avro/ipc/SocketTransceiver.java,org/apache/avro/ipc/SocketTransceiver.java,80,4,1,1,53,14151,180,87,45,87,87,21,267,87,66,442,112,110,21,5.6123,0,No
AVRO,1.0.0,src/java/org/apache/avro/ipc/Requestor.java,org/apache/avro/ipc/Requestor.java,159,8,1,5,83,40421,335,105,41,152,105,19,487,107,60,672,112,84,17.25,4.8928,0,No
AVRO,1.0.0,src/java/org/apache/avro/ipc/SocketServer.java,org/apache/avro/ipc/SocketServer.java,92,5,1,2,60,24720,261,118,52,151,118,30,412,118,82,537,112,107,20.2,5.5225,0,No
AVRO,1.0.0,src/java/org/apache/avro/ipc/ByteBufferInputStream.java,org/apache/avro/ipc/ByteBufferInputStream.java,78,6,1,3,56,14448,172,69,28,86,69,14,258,69,43,526,168,87,17.1667,4.7623,0,No
AVRO,1.0.0,src/java/org/apache/avro/ipc/Responder.java,org/apache/avro/ipc/Responder.java,149,9,1,6,84,42168,338,124,37,164,124,18,502,124,55,751,110,83,17.2222,4.8227,0,No
AVRO,1.0.0,src/java/org/apache/avro/AvroRuntimeException.java,org/apache/avro/AvroRuntimeException.java,22,3,1,0,0,0,48,24,16,24,24,8,72,24,24,330,110,110,21,5.4979,0,No
AVRO,1.1.0,src/java/org/apache/avro/specific/SpecificData.java,org/apache/avro/specific/SpecificData.java,59,2,1,2,1,83,77,67,38,6,6,3,83,67,41,332,307,166,24,5.1448,0,No
AVRO,1.1.0,src/java/org/apache/avro/specific/SpecificRequestor.java,org/apache/avro/specific/SpecificRequestor.java,68,9,1,6,145,32045,151,53,16,70,53,7,221,53,24,758,299,84,16.6667,4.6585,0,No
AVRO,1.1.0,src/java/org/apache/avro/specific/ProtocolTask.java,org/apache/avro/specific/ProtocolTask.java,94,5,1,2,109,31828,199,84,39,93,84,18,292,84,58,654,299,130,21.8,5.4319,0,No
AVRO,1.1.0,src/java/org/apache/avro/specific/SpecificRecordBase.java,org/apache/avro/specific/SpecificRecordBase.java,60,3,1,3,92,7544,77,64,25,5,5,1,82,64,27,505,277,168,27.3333,5.7888,0,No
AVRO,1.1.0,src/java/org/apache/avro/specific/SpecificExceptionBase.java,org/apache/avro/specific/SpecificExceptionBase.java,33,3,1,3,92,3956,42,40,14,1,1,0,43,40,14,505,277,168,27.3333,5.7888,0,No
AVRO,1.1.0,src/java/org/apache/avro/specific/SpecificCompiler.java,org/apache/avro/specific/SpecificCompiler.java,259,16,1,13,145,117160,548,225,34,260,225,16,808,225,50,932,270,58,13.4375,3.9636,0,No
AVRO,1.1.0,src/java/org/apache/avro/util/Utf8.java,org/apache/avro/util/Utf8.java,74,5,1,2,145,37265,172,80,34,85,80,17,257,80,51,710,298,142,24.6,5.6691,0,No
AVRO,1.1.0,src/java/org/apache/avro/file/DataFileReader.java,org/apache/avro/file/DataFileReader.java,188,7,1,4,109,73793,448,208,64,229,208,32,677,208,96,826,216,118,21.1429,5.1691,0,No
AVRO,1.1.0,src/java/org/apache/avro/file/DataFileWriter.java,org/apache/avro/file/DataFileWriter.java,179,8,1,5,131,78731,404,183,50,197,183,24,601,183,75,873,216,109,20.125,5.1248,0,No
AVRO,1.1.0,src/java/org/apache/avro/Schema.java,org/apache/avro/Schema.java,663,20,1,16,147,318843,1449,451,72,720,451,36,2169,451,108,1043,243,52,12.7,3.6456,0,No
AVRO,1.1.0,src/java/org/apache/avro/Protocol.java,org/apache/avro/Protocol.java,296,15,1,11,140,156800,731,300,48,389,300,25,1120,300,74,985,243,65,14.6667,4.1464,0,No
AVRO,1.1.0,src/java/org/apache/avro/reflect/ReflectDatumReader.java,org/apache/avro/reflect/ReflectDatumReader.java,101,11,1,8,124,55800,284,92,25,166,92,15,450,92,40,925,217,84,16.4545,4.7604,0,No
AVRO,1.1.0,src/java/org/apache/avro/reflect/ReflectResponder.java,org/apache/avro/reflect/ReflectResponder.java,112,11,1,8,145,59305,269,118,24,140,118,12,409,118,37,979,216,89,18.1818,4.8373,0,No
AVRO,1.1.0,src/java/org/apache/avro/reflect/ReflectData.java,org/apache/avro/reflect/ReflectData.java,273,13,1,9,145,118755,562,194,43,257,194,19,819,194,63,1012,217,77,16.6154,4.519,0,Yes
AVRO,1.1.0,src/java/org/apache/avro/reflect/ReflectRequestor.java,org/apache/avro/reflect/ReflectRequestor.java,96,9,1,6,145,43790,208,77,23,94,77,10,302,77,33,893,222,99,18.8889,4.9674,0,No
AVRO,1.1.0,src/java/org/apache/avro/io/ResolvingDecoder.java,org/apache/avro/io/ResolvingDecoder.java,190,3,1,3,32,12352,295,223,98,91,91,30,386,223,128,481,241,160,24.3333,5.4877,0,No
AVRO,1.1.0,src/java/org/apache/avro/io/BinaryDecoder.java,org/apache/avro/io/BinaryDecoder.java,263,4,1,4,56,17640,308,305,77,7,5,1,315,305,78,530,229,132,21.5,5.4161,0,No
AVRO,1.1.0,src/java/org/apache/avro/io/BinaryData.java,org/apache/avro/io/BinaryData.java,181,3,1,3,3,1110,281,190,93,89,88,29,370,190,123,355,305,118,18.3333,4.6074,0,No
AVRO,1.1.0,src/java/org/apache/avro/io/Decoder.java,org/apache/avro/io/Decoder.java,251,5,1,5,56,17248,294,279,58,14,10,2,308,279,61,555,229,111,18.8,5.0892,0,No
AVRO,1.1.0,src/java/org/apache/avro/io/ValidatingEncoder.java,org/apache/avro/io/ValidatingEncoder.java,174,3,1,3,32,13152,307,225,102,104,104,34,411,225,137,481,241,160,24.3333,5.4877,0,No
AVRO,1.1.0,src/java/org/apache/avro/io/ParsingEncoder.java,org/apache/avro/io/ParsingEncoder.java,60,3,1,2,43,3010,70,52,23,0,0,0,70,52,23,460,294,153,24.3333,5.362,0,No
AVRO,1.1.0,src/java/org/apache/avro/io/JsonDecoder.java,org/apache/avro/io/JsonDecoder.java,361,3,1,3,26,11258,416,397,138,17,9,5,433,397,144,402,294,134,20.3333,5.0514,0,No
AVRO,1.1.0,src/java/org/apache/avro/io/BinaryEncoder.java,org/apache/avro/io/BinaryEncoder.java,213,3,1,3,34,9758,269,266,89,18,16,6,287,266,95,475,229,158,23.6667,5.5598,0,No
AVRO,1.1.0,src/java/org/apache/avro/io/BlockingBinaryEncoder.java,org/apache/avro/io/BlockingBinaryEncoder.java,540,4,1,4,74,47508,635,622,158,7,5,1,642,622,160,563,216,140,23.25,5.1494,0,No
AVRO,1.1.0,src/java/org/apache/avro/io/ParsingDecoder.java,org/apache/avro/io/ParsingDecoder.java,66,2,1,2,5,375,75,74,37,0,0,0,75,74,37,360,294,180,24.5,5.2638,0,No
AVRO,1.1.0,src/java/org/apache/avro/io/parsing/Parser.java,org/apache/avro/io/parsing/Parser.java,131,2,1,2,5,745,147,144,73,2,2,1,149,144,74,360,294,180,24.5,5.2638,0,No
AVRO,1.1.0,src/java/org/apache/avro/io/parsing/SkipParser.java,org/apache/avro/io/parsing/SkipParser.java,86,2,1,2,5,495,97,94,48,2,2,1,99,94,49,360,294,180,24.5,5.2638,0,No
AVRO,1.1.0,src/java/org/apache/avro/io/parsing/ValidatingGrammarGenerator.java,org/apache/avro/io/parsing/ValidatingGrammarGenerator.java,127,3,1,3,26,3666,140,138,46,1,1,0,141,138,47,402,294,134,20.3333,5.0514,0,No
AVRO,1.1.0,src/java/org/apache/avro/io/parsing/Symbol.java,org/apache/avro/io/parsing/Symbol.java,335,2,1,2,5,1915,383,382,191,0,0,0,383,382,191,360,294,180,24.5,5.2638,0,No
AVRO,1.1.0,src/java/org/apache/avro/io/parsing/JsonGrammarGenerator.java,org/apache/avro/io/parsing/JsonGrammarGenerator.java,96,2,1,2,5,515,103,102,51,0,0,0,103,102,51,360,294,180,24.5,5.2638,0,No
AVRO,1.1.0,src/java/org/apache/avro/io/parsing/ResolvingGrammarGenerator.java,org/apache/avro/io/parsing/ResolvingGrammarGenerator.java,312,3,1,3,26,8840,339,337,113,1,1,0,340,337,113,402,294,134,20.3333,5.0514,0,No
AVRO,1.1.0,src/java/org/apache/avro/io/ValidatingDecoder.java,org/apache/avro/io/ValidatingDecoder.java,200,3,1,3,32,20416,434,358,144,204,204,68,638,358,212,481,241,160,24.3333,5.4877,0,No
AVRO,1.1.0,src/java/org/apache/avro/io/Encoder.java,org/apache/avro/io/Encoder.java,248,3,1,3,34,9622,279,269,93,4,3,1,283,269,94,475,229,158,23.6667,5.5598,0,No
AVRO,1.1.0,src/java/org/apache/avro/io/JsonEncoder.java,org/apache/avro/io/JsonEncoder.java,212,3,1,3,26,6630,248,239,82,7,4,2,255,239,85,402,294,134,20.3333,5.0514,0,No
AVRO,1.1.0,src/java/org/apache/avro/generic/GenericContainer.java,org/apache/avro/generic/GenericContainer.java,24,1,1,1,0,0,27,27,27,0,0,0,27,27,27,307,307,307,36,6.7805,0,No
AVRO,1.1.0,src/java/org/apache/avro/generic/GenericFixed.java,org/apache/avro/generic/GenericFixed.java,23,2,1,2,67,1742,25,24,12,1,1,0,26,24,13,419,278,209,29.5,6.0364,0,No
AVRO,1.1.0,src/java/org/apache/avro/generic/GenericRequestor.java,org/apache/avro/generic/GenericRequestor.java,48,7,1,4,109,22018,130,57,18,72,57,10,202,57,28,825,216,117,21,5.1486,0,No
AVRO,1.1.0,src/java/org/apache/avro/generic/GenericData.java,org/apache/avro/generic/GenericData.java,395,13,1,9,147,146559,713,250,54,284,250,21,997,250,76,999,253,76,16.3846,4.5167,0,No
AVRO,1.1.0,src/java/org/apache/avro/generic/GenericDatumReader.java,org/apache/avro/generic/GenericDatumReader.java,427,19,1,15,145,256505,1116,265,58,653,265,34,1769,265,93,1103,150,58,13.4211,4.0008,0,No
AVRO,1.1.0,src/java/org/apache/avro/generic/GenericDatumWriter.java,org/apache/avro/generic/GenericDatumWriter.java,167,12,1,9,145,116870,499,164,41,307,164,25,806,164,67,1014,178,84,17.6667,4.7071,0,No
AVRO,1.1.0,src/java/org/apache/avro/ipc/ByteBufferOutputStream.java,org/apache/avro/ipc/ByteBufferOutputStream.java,78,5,1,2,109,29757,182,87,36,91,87,18,273,87,54,761,257,152,24.6,5.7114,0,No
AVRO,1.1.0,src/java/org/apache/avro/ipc/RPCContext.java,org/apache/avro/ipc/RPCContext.java,131,1,1,1,0,0,149,149,149,0,0,0,149,149,149,298,298,298,36,6.6998,0,No
AVRO,1.1.0,src/java/org/apache/avro/ipc/AvroRemoteException.java,org/apache/avro/ipc/AvroRemoteException.java,33,5,1,2,109,14933,89,44,17,48,44,9,137,44,27,764,253,152,24.6,5.7088,0,No
AVRO,1.1.0,src/java/org/apache/avro/ipc/SocketTransceiver.java,org/apache/avro/ipc/SocketTransceiver.java,81,5,1,2,109,29757,184,87,36,89,87,17,273,87,54,712,270,142,23.2,5.6966,0,No
AVRO,1.1.0,src/java/org/apache/avro/ipc/Requestor.java,org/apache/avro/ipc/Requestor.java,197,10,1,7,113,61698,389,105,38,157,105,15,546,107,54,910,209,91,17.5,4.9502,0,Yes
AVRO,1.1.0,src/java/org/apache/avro/ipc/SocketServer.java,org/apache/avro/ipc/SocketServer.java,92,6,1,3,109,45235,263,118,43,152,118,25,415,118,69,790,253,131,22,5.5403,0,Yes
AVRO,1.1.0,src/java/org/apache/avro/ipc/ByteBufferInputStream.java,org/apache/avro/ipc/ByteBufferInputStream.java,78,7,1,4,109,28449,174,69,24,87,69,12,261,69,37,783,257,111,19.1429,4.8914,0,No
AVRO,1.1.0,src/java/org/apache/avro/ipc/Responder.java,org/apache/avro/ipc/Responder.java,188,11,1,8,113,64410,396,124,36,174,124,15,570,124,51,944,164,85,17.2727,4.8398,0,No
AVRO,1.1.0,src/java/org/apache/avro/AvroRuntimeException.java,org/apache/avro/AvroRuntimeException.java,22,4,1,1,109,7957,49,24,12,24,24,6,73,24,18,628,298,157,25,5.7587,0,No
AVRO,1.2.0,src/java/org/apache/avro/specific/SpecificData.java,org/apache/avro/specific/SpecificData.java,83,3,1,3,23,2576,105,67,35,7,6,2,112,67,37,396,307,132,22.6667,5.0781,0,No
AVRO,1.2.0,src/java/org/apache/avro/specific/SpecificRequestor.java,org/apache/avro/specific/SpecificRequestor.java,68,10,1,7,169,37687,152,53,15,71,53,7,223,53,22,839,299,83,17.1,4.7133,0,No
AVRO,1.2.0,src/java/org/apache/avro/specific/ProtocolTask.java,org/apache/avro/specific/ProtocolTask.java,68,6,1,3,169,54756,202,84,33,122,84,20,324,84,54,777,299,129,22.3333,5.5093,0,No
AVRO,1.2.0,src/java/org/apache/avro/specific/SpecificRecordBase.java,org/apache/avro/specific/SpecificRecordBase.java,60,3,1,3,92,7544,77,64,25,5,5,1,82,64,27,505,277,168,27.3333,5.7888,0,No
AVRO,1.2.0,src/java/org/apache/avro/specific/SpecificExceptionBase.java,org/apache/avro/specific/SpecificExceptionBase.java,33,3,1,3,92,3956,42,40,14,1,1,0,43,40,14,505,277,168,27.3333,5.7888,0,No
AVRO,1.2.0,src/java/org/apache/avro/specific/SpecificCompiler.java,org/apache/avro/specific/SpecificCompiler.java,286,19,2,16,182,207480,725,225,38,415,225,21,1140,327,60,1045,270,55,13.1579,3.9187,0,No
AVRO,1.2.0,src/java/org/apache/avro/util/Utf8.java,org/apache/avro/util/Utf8.java,74,5,1,2,145,37265,172,80,34,85,80,17,257,80,51,710,298,142,24.6,5.6691,0,No
AVRO,1.2.0,src/java/org/apache/avro/file/DataFileReader.java,org/apache/avro/file/DataFileReader.java,196,8,1,5,180,127260,467,208,58,240,208,30,707,208,88,957,216,119,21.625,5.2797,0,No
AVRO,1.2.0,src/java/org/apache/avro/file/DataFileWriter.java,org/apache/avro/file/DataFileWriter.java,173,9,1,6,180,112680,413,183,45,213,183,23,626,183,69,988,216,109,20.5556,5.1915,0,No
AVRO,1.2.0,src/java/org/apache/avro/file/DataFileConstants.java,org/apache/avro/file/DataFileConstants.java,35,1,1,1,0,0,38,38,38,0,0,0,38,38,38,323,323,323,36,6.8643,0,No
AVRO,1.2.0,src/java/org/apache/avro/Schema.java,org/apache/avro/Schema.java,708,21,1,17,169,390897,1544,451,73,769,451,36,2313,451,110,1107,243,52,13.0476,3.7075,0,No
AVRO,1.2.0,src/java/org/apache/avro/Protocol.java,org/apache/avro/Protocol.java,306,16,1,12,169,192153,746,300,46,391,300,24,1137,300,71,1076,243,67,15.125,4.2153,0,Yes
AVRO,1.2.0,src/java/org/apache/avro/reflect/ReflectDatumReader.java,org/apache/avro/reflect/ReflectDatumReader.java,86,12,1,9,169,81289,291,92,24,190,92,15,481,92,40,1033,217,86,17.0833,4.8263,0,No
AVRO,1.2.0,src/java/org/apache/avro/reflect/ReflectResponder.java,org/apache/avro/reflect/ReflectResponder.java,86,12,1,9,169,74698,271,118,22,171,118,14,442,118,36,1060,216,88,18.4167,4.8681,0,No
AVRO,1.2.0,src/java/org/apache/avro/reflect/ReflectData.java,org/apache/avro/reflect/ReflectData.java,321,14,1,10,169,153621,632,194,45,277,194,19,909,194,64,1093,217,78,16.9286,4.5682,0,Yes
AVRO,1.2.0,src/java/org/apache/avro/reflect/ReflectRequestor.java,org/apache/avro/reflect/ReflectRequestor.java,94,10,1,7,169,51714,209,77,20,97,77,9,306,77,30,974,222,97,19.1,4.9913,0,No
AVRO,1.2.0,src/java/org/apache/avro/io/ResolvingDecoder.java,org/apache/avro/io/ResolvingDecoder.java,190,3,1,3,32,12352,295,223,98,91,91,30,386,223,128,481,241,160,24.3333,5.4877,0,Yes
AVRO,1.2.0,src/java/org/apache/avro/io/BinaryDecoder.java,org/apache/avro/io/BinaryDecoder.java,263,4,1,4,56,17640,308,305,77,7,5,1,315,305,78,530,229,132,21.5,5.4161,0,No
AVRO,1.2.0,src/java/org/apache/avro/io/BinaryData.java,org/apache/avro/io/BinaryData.java,181,3,1,3,3,1110,281,190,93,89,88,29,370,190,123,355,305,118,18.3333,4.6074,0,No
AVRO,1.2.0,src/java/org/apache/avro/io/Decoder.java,org/apache/avro/io/Decoder.java,251,5,1,5,56,17248,294,279,58,14,10,2,308,279,61,555,229,111,18.8,5.0892,0,No
AVRO,1.2.0,src/java/org/apache/avro/io/ValidatingEncoder.java,org/apache/avro/io/ValidatingEncoder.java,174,3,1,3,32,13152,307,225,102,104,104,34,411,225,137,481,241,160,24.3333,5.4877,0,Yes
AVRO,1.2.0,src/java/org/apache/avro/io/ParsingEncoder.java,org/apache/avro/io/ParsingEncoder.java,60,3,1,2,43,3010,70,52,23,0,0,0,70,52,23,460,294,153,24.3333,5.362,0,No
AVRO,1.2.0,src/java/org/apache/avro/io/JsonDecoder.java,org/apache/avro/io/JsonDecoder.java,361,3,1,3,26,11258,416,397,138,17,9,5,433,397,144,402,294,134,20.3333,5.0514,0,Yes
AVRO,1.2.0,src/java/org/apache/avro/io/BinaryEncoder.java,org/apache/avro/io/BinaryEncoder.java,213,3,1,3,34,9758,269,266,89,18,16,6,287,266,95,475,229,158,23.6667,5.5598,0,No
AVRO,1.2.0,src/java/org/apache/avro/io/BlockingBinaryEncoder.java,org/apache/avro/io/BlockingBinaryEncoder.java,540,4,1,4,74,47508,635,622,158,7,5,1,642,622,160,563,216,140,23.25,5.1494,0,No
AVRO,1.2.0,src/java/org/apache/avro/io/ParsingDecoder.java,org/apache/avro/io/ParsingDecoder.java,66,2,1,2,5,375,75,74,37,0,0,0,75,74,37,360,294,180,24.5,5.2638,0,No
AVRO,1.2.0,src/java/org/apache/avro/io/parsing/Parser.java,org/apache/avro/io/parsing/Parser.java,151,3,1,3,64,10880,168,144,56,2,2,0,170,144,56,478,294,159,24.6667,5.4391,0,Yes
AVRO,1.2.0,src/java/org/apache/avro/io/parsing/SkipParser.java,org/apache/avro/io/parsing/SkipParser.java,86,2,1,2,5,495,97,94,48,2,2,1,99,94,49,360,294,180,24.5,5.2638,0,Yes
AVRO,1.2.0,src/java/org/apache/avro/io/parsing/ValidatingGrammarGenerator.java,org/apache/avro/io/parsing/ValidatingGrammarGenerator.java,127,3,1,3,26,3666,140,138,46,1,1,0,141,138,47,402,294,134,20.3333,5.0514,0,Yes
AVRO,1.2.0,src/java/org/apache/avro/io/parsing/Symbol.java,org/apache/avro/io/parsing/Symbol.java,334,3,1,3,64,24576,383,382,127,1,1,0,384,382,128,478,294,159,24.6667,5.4391,0,Yes
AVRO,1.2.0,src/java/org/apache/avro/io/parsing/JsonGrammarGenerator.java,org/apache/avro/io/parsing/JsonGrammarGenerator.java,95,3,1,3,64,6784,104,102,34,2,2,0,106,102,35,478,294,159,24.6667,5.4391,0,Yes
AVRO,1.2.0,src/java/org/apache/avro/io/parsing/ResolvingGrammarGenerator.java,org/apache/avro/io/parsing/ResolvingGrammarGenerator.java,312,3,1,3,26,8840,339,337,113,1,1,0,340,337,113,402,294,134,20.3333,5.0514,0,Yes
AVRO,1.2.0,src/java/org/apache/avro/io/ValidatingDecoder.java,org/apache/avro/io/ValidatingDecoder.java,200,3,1,3,32,20416,434,358,144,204,204,68,638,358,212,481,241,160,24.3333,5.4877,0,Yes
AVRO,1.2.0,src/java/org/apache/avro/io/Encoder.java,org/apache/avro/io/Encoder.java,248,3,1,3,34,9622,279,269,93,4,3,1,283,269,94,475,229,158,23.6667,5.5598,0,No
AVRO,1.2.0,src/java/org/apache/avro/io/JsonEncoder.java,org/apache/avro/io/JsonEncoder.java,210,4,1,4,64,16576,249,239,62,10,4,2,259,239,64,496,294,124,21.25,5.1187,0,Yes
AVRO,1.2.0,src/java/org/apache/avro/generic/GenericContainer.java,org/apache/avro/generic/GenericContainer.java,24,1,1,1,0,0,27,27,27,0,0,0,27,27,27,307,307,307,36,6.7805,0,No
AVRO,1.2.0,src/java/org/apache/avro/generic/GenericFixed.java,org/apache/avro/generic/GenericFixed.java,23,2,1,2,67,1742,25,24,12,1,1,0,26,24,13,419,278,209,29.5,6.0364,0,No
AVRO,1.2.0,src/java/org/apache/avro/generic/GenericRequestor.java,org/apache/avro/generic/GenericRequestor.java,48,7,1,4,109,22018,130,57,18,72,57,10,202,57,28,825,216,117,21,5.1486,0,No
AVRO,1.2.0,src/java/org/apache/avro/generic/GenericData.java,org/apache/avro/generic/GenericData.java,408,15,1,11,183,184830,726,250,48,284,250,18,1010,250,67,1097,253,73,16.2,4.5213,0,No
AVRO,1.2.0,src/java/org/apache/avro/generic/GenericDatumReader.java,org/apache/avro/generic/GenericDatumReader.java,429,20,1,16,168,298368,1121,265,56,655,265,32,1776,265,88,1158,150,57,13.7,4.0372,0,No
AVRO,1.2.0,src/java/org/apache/avro/generic/GenericDatumWriter.java,org/apache/avro/generic/GenericDatumWriter.java,167,12,1,9,145,116870,499,164,41,307,164,25,806,164,67,1014,178,84,17.6667,4.7071,0,No
AVRO,1.2.0,src/java/org/apache/avro/ipc/ByteBufferOutputStream.java,org/apache/avro/ipc/ByteBufferOutputStream.java,78,5,1,2,109,29757,182,87,36,91,87,18,273,87,54,761,257,152,24.6,5.7114,0,No
AVRO,1.2.0,src/java/org/apache/avro/ipc/RPCContext.java,org/apache/avro/ipc/RPCContext.java,131,2,1,2,53,9805,167,149,83,18,18,9,185,149,92,395,298,197,30,6.0444,0,No
AVRO,1.2.0,src/java/org/apache/avro/ipc/HttpServer.java,org/apache/avro/ipc/HttpServer.java,50,2,1,2,9,999,85,76,42,26,26,13,111,76,55,348,322,174,23,5.3167,0,No
AVRO,1.2.0,src/java/org/apache/avro/ipc/DatagramServer.java,org/apache/avro/ipc/DatagramServer.java,63,1,1,1,0,0,79,79,79,0,0,0,79,79,79,316,316,316,36,6.8253,0,No
AVRO,1.2.0,src/java/org/apache/avro/ipc/HttpTransceiver.java,org/apache/avro/ipc/HttpTransceiver.java,102,3,1,3,9,1098,120,116,40,2,1,0,122,116,40,350,322,116,16,4.1172,0,No
AVRO,1.2.0,src/java/org/apache/avro/ipc/DatagramTransceiver.java,org/apache/avro/ipc/DatagramTransceiver.java,72,1,1,1,0,0,84,84,84,0,0,0,84,84,84,316,316,316,36,6.8253,0,No
AVRO,1.2.0,src/java/org/apache/avro/ipc/AvroRemoteException.java,org/apache/avro/ipc/AvroRemoteException.java,33,5,1,2,109,14933,89,44,17,48,44,9,137,44,27,764,253,152,24.6,5.7088,0,No
AVRO,1.2.0,src/java/org/apache/avro/ipc/SocketTransceiver.java,org/apache/avro/ipc/SocketTransceiver.java,83,6,1,3,167,48263,193,87,32,96,87,16,289,87,48,824,270,137,23.5,5.7071,0,No
AVRO,1.2.0,src/java/org/apache/avro/ipc/ResponderServlet.java,org/apache/avro/ipc/ResponderServlet.java,48,1,1,1,0,0,56,56,56,0,0,0,56,56,56,324,324,324,36,6.8684,0,No
AVRO,1.2.0,src/java/org/apache/avro/ipc/Requestor.java,org/apache/avro/ipc/Requestor.java,196,12,1,9,169,95823,399,105,33,168,105,14,567,107,47,1047,209,87,17.5833,4.8992,0,Yes
AVRO,1.2.0,src/java/org/apache/avro/ipc/SocketServer.java,org/apache/avro/ipc/SocketServer.java,92,7,1,4,167,69973,265,118,37,154,118,22,419,118,59,902,253,128,22.4286,5.5716,0,Yes
AVRO,1.2.0,src/java/org/apache/avro/ipc/ByteBufferInputStream.java,org/apache/avro/ipc/ByteBufferInputStream.java,78,7,1,4,109,28449,174,69,24,87,69,12,261,69,37,783,257,111,19.1429,4.8914,0,No
AVRO,1.2.0,src/java/org/apache/avro/ipc/Responder.java,org/apache/avro/ipc/Responder.java,177,13,1,10,169,101907,406,124,31,197,124,15,603,124,46,1081,164,83,17.3846,4.8097,0,No
AVRO,1.2.0,src/java/org/apache/avro/AvroRuntimeException.java,org/apache/avro/AvroRuntimeException.java,23,5,1,2,183,13542,50,24,10,24,24,4,74,24,14,769,298,153,25,5.8275,0,No
AVRO,1.3.0,lang/java/src/java/org/apache/avro/specific/SpecificData.java,org/apache/avro/specific/SpecificData.java,191,12,1,12,153,61353,308,164,25,93,43,7,401,189,33,1613,456,134,24.8333,4.4936,0,No
AVRO,1.3.0,lang/java/src/java/org/apache/avro/specific/SpecificResponder.java,org/apache/avro/specific/SpecificResponder.java,93,12,2,9,305,75030,177,64,14,69,46,5,246,67,20,2200,435,183,31.8333,5.2305,0,No
AVRO,1.3.0,lang/java/src/java/org/apache/avro/specific/SpecificRequestor.java,org/apache/avro/specific/SpecificRequestor.java,90,14,2,11,305,85400,193,53,13,87,53,6,280,53,20,2084,435,148,26.9286,4.7307,0,No
AVRO,1.3.0,lang/java/src/java/org/apache/avro/specific/ProtocolTask.java,org/apache/avro/specific/ProtocolTask.java,68,7,1,4,277,89748,202,84,28,122,84,17,324,84,46,1274,497,182,30.1429,5.6761,0,No
AVRO,1.3.0,lang/java/src/java/org/apache/avro/specific/SpecificRecordBase.java,org/apache/avro/specific/SpecificRecordBase.java,45,7,1,7,245,31850,92,64,13,38,31,5,130,64,18,1708,456,244,39.5714,5.7461,0,No
AVRO,1.3.0,lang/java/src/java/org/apache/avro/specific/SpecificDatumReader.java,org/apache/avro/specific/SpecificDatumReader.java,76,18,1,14,299,191659,365,125,20,276,125,15,641,125,35,2277,435,126,23.5,4.6652,0,No
AVRO,1.3.0,lang/java/src/java/org/apache/avro/specific/SpecificExceptionBase.java,org/apache/avro/specific/SpecificExceptionBase.java,36,6,1,6,245,13230,49,40,8,5,3,0,54,40,9,1588,469,264,43.1667,5.8796,0,No
AVRO,1.3.0,lang/java/src/java/org/apache/avro/specific/SpecificCompiler.java,org/apache/avro/specific/SpecificCompiler.java,387,33,3,30,305,528565,1078,225,32,655,225,19,1733,327,52,2594,435,78,17.2121,3.929,0,No
AVRO,1.3.0,lang/java/src/java/org/apache/avro/util/Utf8.java,org/apache/avro/util/Utf8.java,78,7,1,4,300,78600,177,80,25,85,80,12,262,80,37,1541,506,220,38.2857,5.8912,0,No
AVRO,1.3.0,lang/java/src/java/org/apache/avro/file/DataFileReader.java,org/apache/avro/file/DataFileReader.java,149,14,1,10,316,332748,611,208,43,442,208,31,1053,208,75,2301,454,164,27.7143,5.1335,0,No
AVRO,1.3.0,lang/java/src/java/org/apache/avro/file/DataFileWriter.java,org/apache/avro/file/DataFileWriter.java,329,18,2,14,316,348232,738,183,41,364,183,20,1102,183,61,2514,454,139,26.4444,4.7939,0,No
AVRO,1.3.0,lang/java/src/java/org/apache/avro/file/DataFileConstants.java,org/apache/avro/file/DataFileConstants.java,34,5,2,4,111,5550,44,38,8,6,3,1,50,38,10,1416,454,283,41.4,4.879,0,No
AVRO,1.3.0,lang/java/src/java/org/apache/avro/file/DeflateCodec.java,org/apache/avro/file/DeflateCodec.java,131,5,2,5,28,6244,184,104,36,39,17,7,223,104,44,706,464,141,29.8,4.2635,0,No
AVRO,1.3.0,lang/java/src/java/org/apache/avro/file/DataFileStream.java,org/apache/avro/file/DataFileStream.java,239,7,2,6,50,19200,326,177,46,58,22,8,384,177,54,1418,454,202,37.7143,4.7256,0,No
AVRO,1.3.0,lang/java/src/java/org/apache/avro/file/NullCodec.java,org/apache/avro/file/NullCodec.java,54,5,2,5,28,3192,89,57,17,25,13,5,114,57,22,706,464,141,29.8,4.2635,0,No
AVRO,1.3.0,lang/java/src/java/org/apache/avro/file/LengthLimitedInputStream.java,org/apache/avro/file/LengthLimitedInputStream.java,75,1,1,1,0,0,85,85,85,0,0,0,85,85,85,464,464,464,70,6.4068,0,No
AVRO,1.3.0,lang/java/src/java/org/apache/avro/Schema.java,org/apache/avro/Schema.java,988,40,3,36,305,923845,2058,451,51,971,451,24,3029,451,75,2762,435,69,15.95,3.661,0,No
AVRO,1.3.0,lang/java/src/java/org/apache/avro/Protocol.java,org/apache/avro/Protocol.java,334,22,2,18,305,363560,790,300,35,402,300,18,1192,300,54,2407,435,109,22.3636,4.4717,0,Yes
AVRO,1.3.0,lang/java/src/java/org/apache/avro/reflect/ReflectDatumReader.java,org/apache/avro/reflect/ReflectDatumReader.java,130,23,2,20,299,201526,410,92,17,264,92,11,674,92,29,2361,435,102,20.1739,4.3332,0,No
AVRO,1.3.0,lang/java/src/java/org/apache/avro/reflect/ReflectDatumWriter.java,org/apache/avro/reflect/ReflectDatumWriter.java,108,24,1,21,277,119941,279,61,11,154,61,6,433,61,18,2100,435,87,17.875,4.2402,0,No
AVRO,1.3.0,lang/java/src/java/org/apache/avro/reflect/ReflectData.java,org/apache/avro/reflect/ReflectData.java,371,28,2,24,305,506910,1037,194,37,625,194,22,1662,236,59,2506,435,89,19.3214,4.2635,0,Yes
AVRO,1.3.0,lang/java/src/java/org/apache/avro/reflect/ReflectRequestor.java,org/apache/avro/reflect/ReflectRequestor.java,64,13,1,10,277,99166,217,77,16,141,77,10,358,77,27,1868,435,143,25.2308,4.8381,0,No
AVRO,1.3.0,lang/java/src/java/org/apache/avro/reflect/InduceSchemaTool.java,org/apache/avro/reflect/InduceSchemaTool.java,69,6,2,6,60,5640,85,59,14,9,4,1,94,59,15,1208,456,201,36,4.6323,0,No
AVRO,1.3.0,lang/java/src/java/org/apache/avro/io/ResolvingDecoder.java,org/apache/avro/io/ResolvingDecoder.java,214,14,2,14,239,136469,400,223,28,171,91,12,571,223,40,1589,511,113,22.8571,4.1168,0,No
AVRO,1.3.0,lang/java/src/java/org/apache/avro/io/BinaryDecoder.java,org/apache/avro/io/BinaryDecoder.java,899,8,2,8,241,323181,1162,820,145,179,147,22,1341,967,167,1524,509,190,35,4.9824,0,No
AVRO,1.3.0,lang/java/src/java/org/apache/avro/io/BinaryData.java,org/apache/avro/io/BinaryData.java,177,6,2,6,172,74132,309,190,51,122,88,20,431,190,71,1266,498,211,37.8333,5.1727,0,No
AVRO,1.3.0,lang/java/src/java/org/apache/avro/io/Decoder.java,org/apache/avro/io/Decoder.java,258,7,1,7,241,76397,302,279,43,15,10,2,317,279,45,1433,509,204,35.1429,5.5174,0,No
AVRO,1.3.0,lang/java/src/java/org/apache/avro/io/ValidatingEncoder.java,org/apache/avro/io/ValidatingEncoder.java,174,8,2,8,214,89666,311,225,38,108,104,13,419,225,52,1354,511,169,29.75,4.7734,0,No
AVRO,1.3.0,lang/java/src/java/org/apache/avro/io/DecoderFactory.java,org/apache/avro/io/DecoderFactory.java,219,1,1,1,0,0,232,232,232,0,0,0,232,232,232,476,476,476,78,7.8393,0,No
AVRO,1.3.0,lang/java/src/java/org/apache/avro/io/ParsingEncoder.java,org/apache/avro/io/ParsingEncoder.java,60,4,1,3,173,12110,70,52,17,0,0,0,70,52,17,958,498,239,37.5,5.7114,0,No
AVRO,1.3.0,lang/java/src/java/org/apache/avro/io/JsonDecoder.java,org/apache/avro/io/JsonDecoder.java,384,11,2,10,212,110240,473,397,43,47,23,4,520,397,47,1787,452,162,28.2727,4.4486,0,No
AVRO,1.3.0,lang/java/src/java/org/apache/avro/io/BinaryEncoder.java,org/apache/avro/io/BinaryEncoder.java,215,5,2,5,216,62856,272,266,54,19,16,3,291,266,58,1296,511,259,42.4,5.7949,0,No
AVRO,1.3.0,lang/java/src/java/org/apache/avro/io/BlockingBinaryEncoder.java,org/apache/avro/io/BlockingBinaryEncoder.java,534,7,2,7,237,158553,645,622,92,24,9,3,669,622,95,1492,496,213,36,5.5654,0,No
AVRO,1.3.0,lang/java/src/java/org/apache/avro/io/ParsingDecoder.java,org/apache/avro/io/ParsingDecoder.java,66,3,1,3,173,12975,75,74,25,0,0,0,75,74,25,871,511,290,44,5.8461,0,No
AVRO,1.3.0,lang/java/src/java/org/apache/avro/io/parsing/Parser.java,org/apache/avro/io/parsing/Parser.java,175,9,2,9,176,67936,289,144,32,97,39,10,386,144,42,1087,498,120,21.5556,3.9881,0,No
AVRO,1.3.0,lang/java/src/java/org/apache/avro/io/parsing/SkipParser.java,org/apache/avro/io/parsing/SkipParser.java,87,8,2,8,176,21120,108,94,13,12,4,1,120,94,15,982,511,122,21.875,3.801,0,No
AVRO,1.3.0,lang/java/src/java/org/apache/avro/io/parsing/ValidatingGrammarGenerator.java,org/apache/avro/io/parsing/ValidatingGrammarGenerator.java,125,8,2,8,201,32361,149,138,18,12,4,1,161,138,20,1339,506,167,30,4.5079,0,No
AVRO,1.3.0,lang/java/src/java/org/apache/avro/io/parsing/Symbol.java,org/apache/avro/io/parsing/Symbol.java,481,13,2,13,194,126100,600,382,46,50,17,3,650,382,50,1448,498,111,20.8462,3.9895,0,No
AVRO,1.3.0,lang/java/src/java/org/apache/avro/io/parsing/JsonGrammarGenerator.java,org/apache/avro/io/parsing/JsonGrammarGenerator.java,93,8,2,8,201,26130,115,102,14,15,4,1,130,102,16,1407,498,175,31,4.6258,0,No
AVRO,1.3.0,lang/java/src/java/org/apache/avro/io/parsing/ResolvingGrammarGenerator.java,org/apache/avro/io/parsing/ResolvingGrammarGenerator.java,418,13,2,13,201,108942,495,337,38,47,20,3,542,337,41,1443,506,111,21.9231,3.9128,0,No
AVRO,1.3.0,lang/java/src/java/org/apache/avro/io/ValidatingDecoder.java,org/apache/avro/io/ValidatingDecoder.java,202,9,2,9,203,131950,441,358,49,209,204,23,650,358,72,1103,511,122,22.1111,4.0381,0,No
AVRO,1.3.0,lang/java/src/java/org/apache/avro/io/Encoder.java,org/apache/avro/io/Encoder.java,245,5,1,5,202,58782,281,269,56,10,6,2,291,269,58,1285,465,257,37.2,5.8033,0,No
AVRO,1.3.0,lang/java/src/java/org/apache/avro/io/DirectBinaryDecoder.java,org/apache/avro/io/DirectBinaryDecoder.java,179,1,1,1,0,0,203,203,203,0,0,0,203,203,203,476,476,476,78,7.8393,0,No
AVRO,1.3.0,lang/java/src/java/org/apache/avro/io/JsonEncoder.java,org/apache/avro/io/JsonEncoder.java,215,10,2,10,187,53669,266,239,26,21,6,2,287,239,28,1364,498,136,24.8,4.3859,0,No
AVRO,1.3.0,lang/java/src/java/org/apache/avro/generic/GenericContainer.java,org/apache/avro/generic/GenericContainer.java,24,2,1,2,131,3537,27,27,13,0,0,0,27,27,13,813,506,406,58.5,6.8332,0,No
AVRO,1.3.0,lang/java/src/java/org/apache/avro/generic/GenericFixed.java,org/apache/avro/generic/GenericFixed.java,23,3,1,3,234,6084,25,24,8,1,1,0,26,24,8,930,511,310,47.3333,6.3611,0,No
AVRO,1.3.0,lang/java/src/java/org/apache/avro/generic/GenericData.java,org/apache/avro/generic/GenericData.java,456,26,3,22,305,371185,854,250,32,363,250,13,1217,250,46,2541,435,97,20.8846,4.1947,0,No
AVRO,1.3.0,lang/java/src/java/org/apache/avro/generic/GenericDatumReader.java,org/apache/avro/generic/GenericDatumReader.java,319,30,3,26,305,646905,1238,265,41,883,265,29,2121,265,70,2554,435,85,18.4667,3.9873,0,No
AVRO,1.3.0,lang/java/src/java/org/apache/avro/generic/GenericDatumWriter.java,org/apache/avro/generic/GenericDatumWriter.java,172,18,2,15,305,252235,512,164,28,315,164,17,827,164,45,2336,435,129,25.1667,4.8133,0,No
AVRO,1.3.0,lang/java/src/java/org/apache/avro/ipc/ByteBufferOutputStream.java,org/apache/avro/ipc/ByteBufferOutputStream.java,78,6,1,3,277,75621,182,87,30,91,87,15,273,87,45,1272,511,212,34.3333,5.9279,0,No
AVRO,1.3.0,lang/java/src/java/org/apache/avro/ipc/RPCContext.java,org/apache/avro/ipc/RPCContext.java,137,4,1,4,164,31652,175,149,43,18,18,4,193,149,48,1185,454,296,42.25,5.8768,0,No
AVRO,1.3.0,lang/java/src/java/org/apache/avro/ipc/HttpServer.java,org/apache/avro/ipc/HttpServer.java,50,3,1,3,103,11433,85,76,28,26,26,8,111,76,37,844,496,281,40.6667,5.7537,0,No
AVRO,1.3.0,lang/java/src/java/org/apache/avro/ipc/DatagramServer.java,org/apache/avro/ipc/DatagramServer.java,64,3,1,3,133,10906,81,79,27,1,1,0,82,79,27,1147,498,382,59.3333,6.5232,0,No
AVRO,1.3.0,lang/java/src/java/org/apache/avro/ipc/HttpTransceiver.java,org/apache/avro/ipc/HttpTransceiver.java,99,6,1,6,126,17010,124,116,20,11,6,1,135,116,22,1209,496,201,33,4.8817,0,No
AVRO,1.3.0,lang/java/src/java/org/apache/avro/ipc/DatagramTransceiver.java,org/apache/avro/ipc/DatagramTransceiver.java,73,3,1,3,133,11571,86,84,28,1,1,0,87,84,29,1147,498,382,59.3333,6.5232,0,No
AVRO,1.3.0,lang/java/src/java/org/apache/avro/ipc/LocalTransceiver.java,org/apache/avro/ipc/LocalTransceiver.java,45,2,1,1,6,312,52,52,26,0,0,0,52,52,26,858,436,429,59.5,5.9392,0,No
AVRO,1.3.0,lang/java/src/java/org/apache/avro/ipc/Transceiver.java,org/apache/avro/ipc/Transceiver.java,35,7,1,4,277,36010,87,40,12,43,40,6,130,40,18,1522,465,217,33,5.8314,0,No
AVRO,1.3.0,lang/java/src/java/org/apache/avro/ipc/AvroRemoteException.java,org/apache/avro/ipc/AvroRemoteException.java,33,6,1,3,277,37949,89,44,14,48,44,8,137,44,22,1275,511,212,34.3333,5.9257,0,No
AVRO,1.3.0,lang/java/src/java/org/apache/avro/ipc/SocketTransceiver.java,org/apache/avro/ipc/SocketTransceiver.java,85,9,1,6,300,88500,197,87,21,98,87,10,295,87,32,1959,436,217,35.2222,5.7176,0,No
AVRO,1.3.0,lang/java/src/java/org/apache/avro/ipc/ResponderServlet.java,org/apache/avro/ipc/ResponderServlet.java,48,2,1,2,94,5264,56,56,28,0,0,0,56,56,28,820,496,410,56,6.748,0,No
AVRO,1.3.0,lang/java/src/java/org/apache/avro/ipc/Requestor.java,org/apache/avro/ipc/Requestor.java,196,16,1,13,316,185492,409,105,25,178,105,11,587,107,36,2274,435,142,25.5625,4.8647,0,Yes
AVRO,1.3.0,lang/java/src/java/org/apache/avro/ipc/SocketServer.java,org/apache/avro/ipc/SocketServer.java,93,10,1,7,300,127200,268,118,26,156,118,15,424,118,42,2037,436,203,33.3,5.6217,0,Yes
AVRO,1.3.0,lang/java/src/java/org/apache/avro/ipc/ByteBufferInputStream.java,org/apache/avro/ipc/ByteBufferInputStream.java,78,8,1,5,277,72297,174,69,21,87,69,10,261,69,32,1294,511,161,27.125,5.1563,0,No
AVRO,1.3.0,lang/java/src/java/org/apache/avro/ipc/stats/FloatHistogram.java,org/apache/avro/ipc/stats/FloatHistogram.java,49,2,1,2,3,162,54,54,27,0,0,0,54,54,27,869,436,434,60.5,5.6605,0,No
AVRO,1.3.0,lang/java/src/java/org/apache/avro/ipc/stats/Stopwatch.java,org/apache/avro/ipc/stats/Stopwatch.java,66,2,1,2,3,222,74,74,37,0,0,0,74,74,37,869,436,434,60.5,5.6605,0,No
AVRO,1.3.0,lang/java/src/java/org/apache/avro/ipc/stats/StatsServlet.java,org/apache/avro/ipc/stats/StatsServlet.java,93,2,1,2,3,321,107,107,53,0,0,0,107,107,53,869,436,434,60.5,5.6605,0,No
AVRO,1.3.0,lang/java/src/java/org/apache/avro/ipc/stats/Histogram.java,org/apache/avro/ipc/stats/Histogram.java,179,2,1,2,3,615,205,205,102,0,0,0,205,205,102,869,436,434,60.5,5.6605,0,No
AVRO,1.3.0,lang/java/src/java/org/apache/avro/ipc/Responder.java,org/apache/avro/ipc/Responder.java,179,18,1,15,316,196552,417,124,23,205,124,11,622,124,34,2339,435,129,24.4444,4.7954,0,No
AVRO,1.3.0,lang/java/src/java/org/apache/avro/AvroRuntimeException.java,org/apache/avro/AvroRuntimeException.java,26,7,1,4,277,21329,53,24,7,24,24,3,77,24,11,1526,458,218,33.7143,5.8091,0,No
AVRO,1.3.0,lang/java/src/java/org/apache/avro/tool/JsonToBinaryFragmentTool.java,org/apache/avro/tool/JsonToBinaryFragmentTool.java,70,2,1,1,12,924,77,77,38,0,0,0,77,77,38,862,456,431,60.5,6.2768,0,No
AVRO,1.3.0,lang/java/src/java/org/apache/avro/tool/Util.java,org/apache/avro/tool/Util.java,65,4,1,3,35,2485,71,39,17,0,0,0,71,39,17,1247,452,311,50.25,5.5039,0,No
AVRO,1.3.0,lang/java/src/java/org/apache/avro/tool/RpcSendTool.java,org/apache/avro/tool/RpcSendTool.java,111,3,1,3,34,5066,136,98,45,13,13,4,149,98,49,1222,452,407,63.3333,6.0617,0,No
AVRO,1.3.0,lang/java/src/java/org/apache/avro/tool/DataFileGetSchemaTool.java,org/apache/avro/tool/DataFileGetSchemaTool.java,48,2,1,1,12,648,54,54,27,0,0,0,54,54,27,862,456,431,60.5,6.2768,0,No
AVRO,1.3.0,lang/java/src/java/org/apache/avro/tool/Tool.java,org/apache/avro/tool/Tool.java,47,6,1,6,77,5005,58,34,9,7,3,1,65,34,10,1161,456,193,30.8333,4.4164,0,No
AVRO,1.3.0,lang/java/src/java/org/apache/avro/tool/DataFileReadTool.java,org/apache/avro/tool/DataFileReadTool.java,70,3,1,1,12,984,80,79,26,2,2,0,82,79,27,872,454,290,41.6667,5.0136,0,No
AVRO,1.3.0,lang/java/src/java/org/apache/avro/tool/Main.java,org/apache/avro/tool/Main.java,85,10,2,9,83,10375,111,58,11,14,6,1,125,58,12,1498,452,149,26.5,4.1917,0,No
AVRO,1.3.0,lang/java/src/java/org/apache/avro/tool/BinaryFragmentToJsonTool.java,org/apache/avro/tool/BinaryFragmentToJsonTool.java,80,3,1,2,50,4450,87,84,29,2,2,0,89,84,29,1231,456,410,63.6667,6.2674,0,No
AVRO,1.3.0,lang/java/src/java/org/apache/avro/tool/DataFileWriteTool.java,org/apache/avro/tool/DataFileWriteTool.java,87,4,2,2,22,2464,105,82,26,7,5,1,112,82,28,1172,454,293,45.5,5.0711,0,No
AVRO,1.3.0,lang/java/src/java/org/apache/avro/tool/GenAvroTool.java,org/apache/avro/tool/GenAvroTool.java,67,3,1,3,13,1040,79,78,26,1,1,0,80,78,26,896,453,298,45,4.558,0,No
AVRO,1.3.0,lang/java/src/java/org/apache/avro/tool/RpcReceiveTool.java,org/apache/avro/tool/RpcReceiveTool.java,158,3,1,3,34,6664,186,140,62,10,10,3,196,140,65,1222,452,407,63.3333,6.0617,0,No
AVRO,1.3.1,lang/java/src/java/org/apache/avro/specific/SpecificData.java,org/apache/avro/specific/SpecificData.java,192,13,1,13,182,73528,310,164,23,94,43,7,404,189,31,1743,456,134,26,4.5743,0,No
AVRO,1.3.1,lang/java/src/java/org/apache/avro/specific/SpecificResponder.java,org/apache/avro/specific/SpecificResponder.java,88,13,2,10,328,84296,180,64,13,77,46,5,257,67,19,2288,435,176,31.7692,5.1971,0,No
AVRO,1.3.1,lang/java/src/java/org/apache/avro/specific/SpecificRequestor.java,org/apache/avro/specific/SpecificRequestor.java,93,15,2,12,328,94136,198,53,13,89,53,5,287,53,19,2172,435,144,27.2,4.735,0,No
AVRO,1.3.1,lang/java/src/java/org/apache/avro/specific/ProtocolTask.java,org/apache/avro/specific/ProtocolTask.java,68,7,1,4,277,89748,202,84,28,122,84,17,324,84,46,1274,497,182,30.1429,5.6761,0,No
AVRO,1.3.1,lang/java/src/java/org/apache/avro/specific/SpecificRecordBase.java,org/apache/avro/specific/SpecificRecordBase.java,45,7,1,7,245,31850,92,64,13,38,31,5,130,64,18,1708,456,244,39.5714,5.7461,0,No
AVRO,1.3.1,lang/java/src/java/org/apache/avro/specific/SpecificDatumReader.java,org/apache/avro/specific/SpecificDatumReader.java,76,18,1,14,299,191659,365,125,20,276,125,15,641,125,35,2277,435,126,23.5,4.6652,0,No
AVRO,1.3.1,lang/java/src/java/org/apache/avro/specific/SpecificExceptionBase.java,org/apache/avro/specific/SpecificExceptionBase.java,36,6,1,6,245,13230,49,40,8,5,3,0,54,40,9,1588,469,264,43.1667,5.8796,0,No
AVRO,1.3.1,lang/java/src/java/org/apache/avro/specific/SpecificCompiler.java,org/apache/avro/specific/SpecificCompiler.java,387,33,3,30,305,528565,1078,225,32,655,225,19,1733,327,52,2594,435,78,17.2121,3.929,0,No
AVRO,1.3.1,lang/java/src/java/org/apache/avro/util/Utf8.java,org/apache/avro/util/Utf8.java,80,8,1,5,328,86592,179,80,22,85,80,10,264,80,33,1671,506,208,38.375,5.837,0,No
AVRO,1.3.1,lang/java/src/java/org/apache/avro/file/DataFileReader.java,org/apache/avro/file/DataFileReader.java,149,14,1,10,316,332748,611,208,43,442,208,31,1053,208,75,2301,454,164,27.7143,5.1335,0,No
AVRO,1.3.1,lang/java/src/java/org/apache/avro/file/DataFileWriter.java,org/apache/avro/file/DataFileWriter.java,329,18,2,14,316,348232,738,183,41,364,183,20,1102,183,61,2514,454,139,26.4444,4.7939,0,No
AVRO,1.3.1,lang/java/src/java/org/apache/avro/file/DataFileConstants.java,org/apache/avro/file/DataFileConstants.java,34,5,2,4,111,5550,44,38,8,6,3,1,50,38,10,1416,454,283,41.4,4.879,0,No
AVRO,1.3.1,lang/java/src/java/org/apache/avro/file/DeflateCodec.java,org/apache/avro/file/DeflateCodec.java,131,5,2,5,28,6244,184,104,36,39,17,7,223,104,44,706,464,141,29.8,4.2635,0,No
AVRO,1.3.1,lang/java/src/java/org/apache/avro/file/DataFileStream.java,org/apache/avro/file/DataFileStream.java,240,8,2,7,71,27477,328,177,41,59,22,7,387,177,48,1479,454,184,35.25,4.5771,0,No
AVRO,1.3.1,lang/java/src/java/org/apache/avro/file/NullCodec.java,org/apache/avro/file/NullCodec.java,54,5,2,5,28,3192,89,57,17,25,13,5,114,57,22,706,464,141,29.8,4.2635,0,No
AVRO,1.3.1,lang/java/src/java/org/apache/avro/file/LengthLimitedInputStream.java,org/apache/avro/file/LengthLimitedInputStream.java,75,1,1,1,0,0,85,85,85,0,0,0,85,85,85,464,464,464,70,6.4068,0,No
AVRO,1.3.1,lang/java/src/java/org/apache/avro/Schema.java,org/apache/avro/Schema.java,988,40,3,36,305,923845,2058,451,51,971,451,24,3029,451,75,2762,435,69,15.95,3.661,0,No
AVRO,1.3.1,lang/java/src/java/org/apache/avro/Protocol.java,org/apache/avro/Protocol.java,334,22,2,18,305,363560,790,300,35,402,300,18,1192,300,54,2407,435,109,22.3636,4.4717,0,Yes
AVRO,1.3.1,lang/java/src/java/org/apache/avro/reflect/ReflectDatumReader.java,org/apache/avro/reflect/ReflectDatumReader.java,130,23,2,20,299,201526,410,92,17,264,92,11,674,92,29,2361,435,102,20.1739,4.3332,0,No
AVRO,1.3.1,lang/java/src/java/org/apache/avro/reflect/ReflectDatumWriter.java,org/apache/avro/reflect/ReflectDatumWriter.java,108,24,1,21,277,119941,279,61,11,154,61,6,433,61,18,2100,435,87,17.875,4.2402,0,No
AVRO,1.3.1,lang/java/src/java/org/apache/avro/reflect/ReflectData.java,org/apache/avro/reflect/ReflectData.java,379,29,2,25,328,553008,1053,194,36,633,194,21,1686,236,58,2585,435,89,19.6552,4.2781,0,Yes
AVRO,1.3.1,lang/java/src/java/org/apache/avro/reflect/ReflectRequestor.java,org/apache/avro/reflect/ReflectRequestor.java,64,13,1,10,277,99166,217,77,16,141,77,10,358,77,27,1868,435,143,25.2308,4.8381,0,No
AVRO,1.3.1,lang/java/src/java/org/apache/avro/reflect/InduceSchemaTool.java,org/apache/avro/reflect/InduceSchemaTool.java,69,6,2,6,60,5640,85,59,14,9,4,1,94,59,15,1208,456,201,36,4.6323,0,No
AVRO,1.3.1,lang/java/src/java/org/apache/avro/io/ResolvingDecoder.java,org/apache/avro/io/ResolvingDecoder.java,214,14,2,14,239,136469,400,223,28,171,91,12,571,223,40,1589,511,113,22.8571,4.1168,0,No
AVRO,1.3.1,lang/java/src/java/org/apache/avro/io/BinaryDecoder.java,org/apache/avro/io/BinaryDecoder.java,899,8,2,8,241,323181,1162,820,145,179,147,22,1341,967,167,1524,509,190,35,4.9824,0,No
AVRO,1.3.1,lang/java/src/java/org/apache/avro/io/BinaryData.java,org/apache/avro/io/BinaryData.java,177,6,2,6,172,74132,309,190,51,122,88,20,431,190,71,1266,498,211,37.8333,5.1727,0,No
AVRO,1.3.1,lang/java/src/java/org/apache/avro/io/Decoder.java,org/apache/avro/io/Decoder.java,258,7,1,7,241,76397,302,279,43,15,10,2,317,279,45,1433,509,204,35.1429,5.5174,0,No
AVRO,1.3.1,lang/java/src/java/org/apache/avro/io/ValidatingEncoder.java,org/apache/avro/io/ValidatingEncoder.java,174,8,2,8,214,89666,311,225,38,108,104,13,419,225,52,1354,511,169,29.75,4.7734,0,No
AVRO,1.3.1,lang/java/src/java/org/apache/avro/io/DecoderFactory.java,org/apache/avro/io/DecoderFactory.java,219,1,1,1,0,0,232,232,232,0,0,0,232,232,232,476,476,476,78,7.8393,0,No
AVRO,1.3.1,lang/java/src/java/org/apache/avro/io/ParsingEncoder.java,org/apache/avro/io/ParsingEncoder.java,60,4,1,3,173,12110,70,52,17,0,0,0,70,52,17,958,498,239,37.5,5.7114,0,No
AVRO,1.3.1,lang/java/src/java/org/apache/avro/io/JsonDecoder.java,org/apache/avro/io/JsonDecoder.java,384,11,2,10,212,110240,473,397,43,47,23,4,520,397,47,1787,452,162,28.2727,4.4486,0,No
AVRO,1.3.1,lang/java/src/java/org/apache/avro/io/BinaryEncoder.java,org/apache/avro/io/BinaryEncoder.java,215,5,2,5,216,62856,272,266,54,19,16,3,291,266,58,1296,511,259,42.4,5.7949,0,No
AVRO,1.3.1,lang/java/src/java/org/apache/avro/io/BlockingBinaryEncoder.java,org/apache/avro/io/BlockingBinaryEncoder.java,534,7,2,7,237,158553,645,622,92,24,9,3,669,622,95,1492,496,213,36,5.5654,0,No
AVRO,1.3.1,lang/java/src/java/org/apache/avro/io/ParsingDecoder.java,org/apache/avro/io/ParsingDecoder.java,66,3,1,3,173,12975,75,74,25,0,0,0,75,74,25,871,511,290,44,5.8461,0,No
AVRO,1.3.1,lang/java/src/java/org/apache/avro/io/parsing/Parser.java,org/apache/avro/io/parsing/Parser.java,175,9,2,9,176,67936,289,144,32,97,39,10,386,144,42,1087,498,120,21.5556,3.9881,0,No
AVRO,1.3.1,lang/java/src/java/org/apache/avro/io/parsing/SkipParser.java,org/apache/avro/io/parsing/SkipParser.java,87,8,2,8,176,21120,108,94,13,12,4,1,120,94,15,982,511,122,21.875,3.801,0,No
AVRO,1.3.1,lang/java/src/java/org/apache/avro/io/parsing/ValidatingGrammarGenerator.java,org/apache/avro/io/parsing/ValidatingGrammarGenerator.java,125,8,2,8,201,32361,149,138,18,12,4,1,161,138,20,1339,506,167,30,4.5079,0,No
AVRO,1.3.1,lang/java/src/java/org/apache/avro/io/parsing/Symbol.java,org/apache/avro/io/parsing/Symbol.java,481,13,2,13,194,126100,600,382,46,50,17,3,650,382,50,1448,498,111,20.8462,3.9895,0,No
AVRO,1.3.1,lang/java/src/java/org/apache/avro/io/parsing/JsonGrammarGenerator.java,org/apache/avro/io/parsing/JsonGrammarGenerator.java,93,8,2,8,201,26130,115,102,14,15,4,1,130,102,16,1407,498,175,31,4.6258,0,No
AVRO,1.3.1,lang/java/src/java/org/apache/avro/io/parsing/ResolvingGrammarGenerator.java,org/apache/avro/io/parsing/ResolvingGrammarGenerator.java,418,13,2,13,201,108942,495,337,38,47,20,3,542,337,41,1443,506,111,21.9231,3.9128,0,No
AVRO,1.3.1,lang/java/src/java/org/apache/avro/io/ValidatingDecoder.java,org/apache/avro/io/ValidatingDecoder.java,202,9,2,9,203,131950,441,358,49,209,204,23,650,358,72,1103,511,122,22.1111,4.0381,0,No
AVRO,1.3.1,lang/java/src/java/org/apache/avro/io/Encoder.java,org/apache/avro/io/Encoder.java,245,5,1,5,202,58782,281,269,56,10,6,2,291,269,58,1285,465,257,37.2,5.8033,0,No
AVRO,1.3.1,lang/java/src/java/org/apache/avro/io/DirectBinaryDecoder.java,org/apache/avro/io/DirectBinaryDecoder.java,179,1,1,1,0,0,203,203,203,0,0,0,203,203,203,476,476,476,78,7.8393,0,No
AVRO,1.3.1,lang/java/src/java/org/apache/avro/io/JsonEncoder.java,org/apache/avro/io/JsonEncoder.java,215,10,2,10,187,53669,266,239,26,21,6,2,287,239,28,1364,498,136,24.8,4.3859,0,No
AVRO,1.3.1,lang/java/src/java/org/apache/avro/generic/GenericContainer.java,org/apache/avro/generic/GenericContainer.java,24,2,1,2,131,3537,27,27,13,0,0,0,27,27,13,813,506,406,58.5,6.8332,0,No
AVRO,1.3.1,lang/java/src/java/org/apache/avro/generic/GenericFixed.java,org/apache/avro/generic/GenericFixed.java,23,3,1,3,234,6084,25,24,8,1,1,0,26,24,8,930,511,310,47.3333,6.3611,0,No
AVRO,1.3.1,lang/java/src/java/org/apache/avro/generic/GenericResponder.java,org/apache/avro/generic/GenericResponder.java,47,9,1,6,328,65928,129,53,14,72,53,8,201,53,22,1964,468,218,35.5556,5.704,0,No
AVRO,1.3.1,lang/java/src/java/org/apache/avro/generic/GenericRequestor.java,org/apache/avro/generic/GenericRequestor.java,60,11,1,8,328,73472,147,57,13,77,57,7,224,57,20,2051,468,186,32.0909,5.4362,0,No
AVRO,1.3.1,lang/java/src/java/org/apache/avro/generic/GenericData.java,org/apache/avro/generic/GenericData.java,456,26,3,22,305,371185,854,250,32,363,250,13,1217,250,46,2541,435,97,20.8846,4.1947,0,No
AVRO,1.3.1,lang/java/src/java/org/apache/avro/generic/GenericDatumReader.java,org/apache/avro/generic/GenericDatumReader.java,319,30,3,26,305,646905,1238,265,41,883,265,29,2121,265,70,2554,435,85,18.4667,3.9873,0,No
AVRO,1.3.1,lang/java/src/java/org/apache/avro/generic/GenericDatumWriter.java,org/apache/avro/generic/GenericDatumWriter.java,172,18,2,15,305,252235,512,164,28,315,164,17,827,164,45,2336,435,129,25.1667,4.8133,0,No
AVRO,1.3.1,lang/java/src/java/org/apache/avro/ipc/ByteBufferOutputStream.java,org/apache/avro/ipc/ByteBufferOutputStream.java,78,6,1,3,277,75621,182,87,30,91,87,15,273,87,45,1272,511,212,34.3333,5.9279,0,No
AVRO,1.3.1,lang/java/src/java/org/apache/avro/ipc/RPCContext.java,org/apache/avro/ipc/RPCContext.java,137,5,1,5,215,42785,178,149,35,21,18,4,199,149,39,1566,454,313,47.8,5.9647,0,No
AVRO,1.3.1,lang/java/src/java/org/apache/avro/ipc/HttpServer.java,org/apache/avro/ipc/HttpServer.java,50,3,1,3,103,11433,85,76,28,26,26,8,111,76,37,844,496,281,40.6667,5.7537,0,No
AVRO,1.3.1,lang/java/src/java/org/apache/avro/ipc/DatagramServer.java,org/apache/avro/ipc/DatagramServer.java,64,3,1,3,133,10906,81,79,27,1,1,0,82,79,27,1147,498,382,59.3333,6.5232,0,No
AVRO,1.3.1,lang/java/src/java/org/apache/avro/ipc/HttpTransceiver.java,org/apache/avro/ipc/HttpTransceiver.java,99,6,1,6,126,17010,124,116,20,11,6,1,135,116,22,1209,496,201,33,4.8817,0,No
AVRO,1.3.1,lang/java/src/java/org/apache/avro/ipc/DatagramTransceiver.java,org/apache/avro/ipc/DatagramTransceiver.java,73,3,1,3,133,11571,86,84,28,1,1,0,87,84,29,1147,498,382,59.3333,6.5232,0,No
AVRO,1.3.1,lang/java/src/java/org/apache/avro/ipc/LocalTransceiver.java,org/apache/avro/ipc/LocalTransceiver.java,45,2,1,1,6,312,52,52,26,0,0,0,52,52,26,858,436,429,59.5,5.9392,0,No
AVRO,1.3.1,lang/java/src/java/org/apache/avro/ipc/Transceiver.java,org/apache/avro/ipc/Transceiver.java,35,7,1,4,277,36010,87,40,12,43,40,6,130,40,18,1522,465,217,33,5.8314,0,No
AVRO,1.3.1,lang/java/src/java/org/apache/avro/ipc/AvroRemoteException.java,org/apache/avro/ipc/AvroRemoteException.java,33,6,1,3,277,37949,89,44,14,48,44,8,137,44,22,1275,511,212,34.3333,5.9257,0,No
AVRO,1.3.1,lang/java/src/java/org/apache/avro/ipc/SocketTransceiver.java,org/apache/avro/ipc/SocketTransceiver.java,85,9,1,6,300,88500,197,87,21,98,87,10,295,87,32,1959,436,217,35.2222,5.7176,0,No
AVRO,1.3.1,lang/java/src/java/org/apache/avro/ipc/ResponderServlet.java,org/apache/avro/ipc/ResponderServlet.java,48,2,1,2,94,5264,56,56,28,0,0,0,56,56,28,820,496,410,56,6.748,0,No
AVRO,1.3.1,lang/java/src/java/org/apache/avro/ipc/Requestor.java,org/apache/avro/ipc/Requestor.java,196,17,1,14,328,194504,412,105,24,181,105,10,593,107,34,2316,435,136,25,4.7712,0,Yes
AVRO,1.3.1,lang/java/src/java/org/apache/avro/ipc/SocketServer.java,org/apache/avro/ipc/SocketServer.java,93,10,1,7,300,127200,268,118,26,156,118,15,424,118,42,2037,436,203,33.3,5.6217,0,Yes
AVRO,1.3.1,lang/java/src/java/org/apache/avro/ipc/ByteBufferInputStream.java,org/apache/avro/ipc/ByteBufferInputStream.java,78,8,1,5,277,72297,174,69,21,87,69,10,261,69,32,1294,511,161,27.125,5.1563,0,No
AVRO,1.3.1,lang/java/src/java/org/apache/avro/ipc/stats/FloatHistogram.java,org/apache/avro/ipc/stats/FloatHistogram.java,49,2,1,2,3,162,54,54,27,0,0,0,54,54,27,869,436,434,60.5,5.6605,0,No
AVRO,1.3.1,lang/java/src/java/org/apache/avro/ipc/stats/Stopwatch.java,org/apache/avro/ipc/stats/Stopwatch.java,66,2,1,2,3,222,74,74,37,0,0,0,74,74,37,869,436,434,60.5,5.6605,0,No
AVRO,1.3.1,lang/java/src/java/org/apache/avro/ipc/stats/StatsServlet.java,org/apache/avro/ipc/stats/StatsServlet.java,93,2,1,2,3,321,107,107,53,0,0,0,107,107,53,869,436,434,60.5,5.6605,0,No
AVRO,1.3.1,lang/java/src/java/org/apache/avro/ipc/stats/Histogram.java,org/apache/avro/ipc/stats/Histogram.java,179,2,1,2,3,615,205,205,102,0,0,0,205,205,102,869,436,434,60.5,5.6605,0,No
AVRO,1.3.1,lang/java/src/java/org/apache/avro/ipc/Responder.java,org/apache/avro/ipc/Responder.java,174,19,1,16,328,210248,424,124,22,217,124,11,641,124,33,2381,435,125,24,4.7154,0,No
AVRO,1.3.1,lang/java/src/java/org/apache/avro/AvroRuntimeException.java,org/apache/avro/AvroRuntimeException.java,26,7,1,4,277,21329,53,24,7,24,24,3,77,24,11,1526,458,218,33.7143,5.8091,0,No
AVRO,1.3.1,lang/java/src/java/org/apache/avro/tool/JsonToBinaryFragmentTool.java,org/apache/avro/tool/JsonToBinaryFragmentTool.java,70,2,1,1,12,924,77,77,38,0,0,0,77,77,38,862,456,431,60.5,6.2768,0,No
AVRO,1.3.1,lang/java/src/java/org/apache/avro/tool/Util.java,org/apache/avro/tool/Util.java,65,4,1,3,35,2485,71,39,17,0,0,0,71,39,17,1247,452,311,50.25,5.5039,0,No
AVRO,1.3.1,lang/java/src/java/org/apache/avro/tool/RpcSendTool.java,org/apache/avro/tool/RpcSendTool.java,111,3,1,3,34,5066,136,98,45,13,13,4,149,98,49,1222,452,407,63.3333,6.0617,0,No
AVRO,1.3.1,lang/java/src/java/org/apache/avro/tool/DataFileGetSchemaTool.java,org/apache/avro/tool/DataFileGetSchemaTool.java,48,2,1,1,12,648,54,54,27,0,0,0,54,54,27,862,456,431,60.5,6.2768,0,No
AVRO,1.3.1,lang/java/src/java/org/apache/avro/tool/Tool.java,org/apache/avro/tool/Tool.java,47,6,1,6,77,5005,58,34,9,7,3,1,65,34,10,1161,456,193,30.8333,4.4164,0,No
AVRO,1.3.1,lang/java/src/java/org/apache/avro/tool/DataFileReadTool.java,org/apache/avro/tool/DataFileReadTool.java,70,3,1,1,12,984,80,79,26,2,2,0,82,79,27,872,454,290,41.6667,5.0136,0,No
AVRO,1.3.1,lang/java/src/java/org/apache/avro/tool/Main.java,org/apache/avro/tool/Main.java,85,10,2,9,83,10375,111,58,11,14,6,1,125,58,12,1498,452,149,26.5,4.1917,0,No
AVRO,1.3.1,lang/java/src/java/org/apache/avro/tool/BinaryFragmentToJsonTool.java,org/apache/avro/tool/BinaryFragmentToJsonTool.java,80,3,1,2,50,4450,87,84,29,2,2,0,89,84,29,1231,456,410,63.6667,6.2674,0,No
AVRO,1.3.1,lang/java/src/java/org/apache/avro/tool/DataFileWriteTool.java,org/apache/avro/tool/DataFileWriteTool.java,87,4,2,2,22,2464,105,82,26,7,5,1,112,82,28,1172,454,293,45.5,5.0711,0,No
AVRO,1.3.1,lang/java/src/java/org/apache/avro/tool/GenAvroTool.java,org/apache/avro/tool/GenAvroTool.java,67,3,1,3,13,1040,79,78,26,1,1,0,80,78,26,896,453,298,45,4.558,0,No
AVRO,1.3.1,lang/java/src/java/org/apache/avro/tool/RpcReceiveTool.java,org/apache/avro/tool/RpcReceiveTool.java,158,3,1,3,34,6664,186,140,62,10,10,3,196,140,65,1222,452,407,63.3333,6.0617,0,No
AVRO,1.3.2,lang/java/src/java/org/apache/avro/specific/SpecificData.java,org/apache/avro/specific/SpecificData.java,192,13,1,13,182,73528,310,164,23,94,43,7,404,189,31,1743,456,134,26,4.5743,0,No
AVRO,1.3.2,lang/java/src/java/org/apache/avro/specific/SpecificResponder.java,org/apache/avro/specific/SpecificResponder.java,88,13,2,10,328,84296,180,64,13,77,46,5,257,67,19,2288,435,176,31.7692,5.1971,0,No
AVRO,1.3.2,lang/java/src/java/org/apache/avro/specific/SpecificRequestor.java,org/apache/avro/specific/SpecificRequestor.java,93,15,2,12,328,94136,198,53,13,89,53,5,287,53,19,2172,435,144,27.2,4.735,0,No
AVRO,1.3.2,lang/java/src/java/org/apache/avro/specific/ProtocolTask.java,org/apache/avro/specific/ProtocolTask.java,68,7,1,4,277,89748,202,84,28,122,84,17,324,84,46,1274,497,182,30.1429,5.6761,0,No
AVRO,1.3.2,lang/java/src/java/org/apache/avro/specific/SpecificRecordBase.java,org/apache/avro/specific/SpecificRecordBase.java,45,7,1,7,245,31850,92,64,13,38,31,5,130,64,18,1708,456,244,39.5714,5.7461,0,No
AVRO,1.3.2,lang/java/src/java/org/apache/avro/specific/SpecificDatumReader.java,org/apache/avro/specific/SpecificDatumReader.java,76,18,1,14,299,191659,365,125,20,276,125,15,641,125,35,2277,435,126,23.5,4.6652,0,No
AVRO,1.3.2,lang/java/src/java/org/apache/avro/specific/SpecificExceptionBase.java,org/apache/avro/specific/SpecificExceptionBase.java,36,6,1,6,245,13230,49,40,8,5,3,0,54,40,9,1588,469,264,43.1667,5.8796,0,No
AVRO,1.3.2,lang/java/src/java/org/apache/avro/specific/SpecificCompiler.java,org/apache/avro/specific/SpecificCompiler.java,387,33,3,30,305,528565,1078,225,32,655,225,19,1733,327,52,2594,435,78,17.2121,3.929,0,No
AVRO,1.3.2,lang/java/src/java/org/apache/avro/util/Utf8.java,org/apache/avro/util/Utf8.java,80,8,1,5,328,86592,179,80,22,85,80,10,264,80,33,1671,506,208,38.375,5.837,0,No
AVRO,1.3.2,lang/java/src/java/org/apache/avro/file/DataFileReader.java,org/apache/avro/file/DataFileReader.java,149,14,1,10,316,332748,611,208,43,442,208,31,1053,208,75,2301,454,164,27.7143,5.1335,0,No
AVRO,1.3.2,lang/java/src/java/org/apache/avro/file/DataFileWriter.java,org/apache/avro/file/DataFileWriter.java,329,18,2,14,316,348232,738,183,41,364,183,20,1102,183,61,2514,454,139,26.4444,4.7939,0,No
AVRO,1.3.2,lang/java/src/java/org/apache/avro/file/DataFileConstants.java,org/apache/avro/file/DataFileConstants.java,34,5,2,4,111,5550,44,38,8,6,3,1,50,38,10,1416,454,283,41.4,4.879,0,No
AVRO,1.3.2,lang/java/src/java/org/apache/avro/file/DeflateCodec.java,org/apache/avro/file/DeflateCodec.java,131,5,2,5,28,6244,184,104,36,39,17,7,223,104,44,706,464,141,29.8,4.2635,0,No
AVRO,1.3.2,lang/java/src/java/org/apache/avro/file/DataFileStream.java,org/apache/avro/file/DataFileStream.java,240,8,2,7,71,27477,328,177,41,59,22,7,387,177,48,1479,454,184,35.25,4.5771,0,No
AVRO,1.3.2,lang/java/src/java/org/apache/avro/file/NullCodec.java,org/apache/avro/file/NullCodec.java,54,5,2,5,28,3192,89,57,17,25,13,5,114,57,22,706,464,141,29.8,4.2635,0,No
AVRO,1.3.2,lang/java/src/java/org/apache/avro/file/LengthLimitedInputStream.java,org/apache/avro/file/LengthLimitedInputStream.java,75,1,1,1,0,0,85,85,85,0,0,0,85,85,85,464,464,464,70,6.4068,0,No
AVRO,1.3.2,lang/java/src/java/org/apache/avro/Schema.java,org/apache/avro/Schema.java,988,40,3,36,305,923845,2058,451,51,971,451,24,3029,451,75,2762,435,69,15.95,3.661,0,No
AVRO,1.3.2,lang/java/src/java/org/apache/avro/Protocol.java,org/apache/avro/Protocol.java,334,22,2,18,305,363560,790,300,35,402,300,18,1192,300,54,2407,435,109,22.3636,4.4717,0,Yes
AVRO,1.3.2,lang/java/src/java/org/apache/avro/reflect/ReflectDatumReader.java,org/apache/avro/reflect/ReflectDatumReader.java,130,23,2,20,299,201526,410,92,17,264,92,11,674,92,29,2361,435,102,20.1739,4.3332,0,No
AVRO,1.3.2,lang/java/src/java/org/apache/avro/reflect/ReflectDatumWriter.java,org/apache/avro/reflect/ReflectDatumWriter.java,108,24,1,21,277,119941,279,61,11,154,61,6,433,61,18,2100,435,87,17.875,4.2402,0,No
AVRO,1.3.2,lang/java/src/java/org/apache/avro/reflect/ReflectData.java,org/apache/avro/reflect/ReflectData.java,384,30,2,26,349,591904,1061,194,35,635,194,21,1696,236,56,2644,435,88,19.5667,4.2909,0,Yes
AVRO,1.3.2,lang/java/src/java/org/apache/avro/reflect/ReflectRequestor.java,org/apache/avro/reflect/ReflectRequestor.java,64,13,1,10,277,99166,217,77,16,141,77,10,358,77,27,1868,435,143,25.2308,4.8381,0,No
AVRO,1.3.2,lang/java/src/java/org/apache/avro/reflect/InduceSchemaTool.java,org/apache/avro/reflect/InduceSchemaTool.java,69,6,2,6,60,5640,85,59,14,9,4,1,94,59,15,1208,456,201,36,4.6323,0,No
AVRO,1.3.2,lang/java/src/java/org/apache/avro/io/ResolvingDecoder.java,org/apache/avro/io/ResolvingDecoder.java,214,14,2,14,239,136469,400,223,28,171,91,12,571,223,40,1589,511,113,22.8571,4.1168,0,No
AVRO,1.3.2,lang/java/src/java/org/apache/avro/io/BinaryDecoder.java,org/apache/avro/io/BinaryDecoder.java,899,8,2,8,241,323181,1162,820,145,179,147,22,1341,967,167,1524,509,190,35,4.9824,0,No
AVRO,1.3.2,lang/java/src/java/org/apache/avro/io/BinaryData.java,org/apache/avro/io/BinaryData.java,177,6,2,6,172,74132,309,190,51,122,88,20,431,190,71,1266,498,211,37.8333,5.1727,0,No
AVRO,1.3.2,lang/java/src/java/org/apache/avro/io/Decoder.java,org/apache/avro/io/Decoder.java,258,7,1,7,241,76397,302,279,43,15,10,2,317,279,45,1433,509,204,35.1429,5.5174,0,No
AVRO,1.3.2,lang/java/src/java/org/apache/avro/io/ValidatingEncoder.java,org/apache/avro/io/ValidatingEncoder.java,174,8,2,8,214,89666,311,225,38,108,104,13,419,225,52,1354,511,169,29.75,4.7734,0,No
AVRO,1.3.2,lang/java/src/java/org/apache/avro/io/DecoderFactory.java,org/apache/avro/io/DecoderFactory.java,219,1,1,1,0,0,232,232,232,0,0,0,232,232,232,476,476,476,78,7.8393,0,No
AVRO,1.3.2,lang/java/src/java/org/apache/avro/io/ParsingEncoder.java,org/apache/avro/io/ParsingEncoder.java,60,4,1,3,173,12110,70,52,17,0,0,0,70,52,17,958,498,239,37.5,5.7114,0,No
AVRO,1.3.2,lang/java/src/java/org/apache/avro/io/JsonDecoder.java,org/apache/avro/io/JsonDecoder.java,384,11,2,10,212,110240,473,397,43,47,23,4,520,397,47,1787,452,162,28.2727,4.4486,0,No
AVRO,1.3.2,lang/java/src/java/org/apache/avro/io/BinaryEncoder.java,org/apache/avro/io/BinaryEncoder.java,215,5,2,5,216,62856,272,266,54,19,16,3,291,266,58,1296,511,259,42.4,5.7949,0,No
AVRO,1.3.2,lang/java/src/java/org/apache/avro/io/BlockingBinaryEncoder.java,org/apache/avro/io/BlockingBinaryEncoder.java,534,7,2,7,237,158553,645,622,92,24,9,3,669,622,95,1492,496,213,36,5.5654,0,No
AVRO,1.3.2,lang/java/src/java/org/apache/avro/io/ParsingDecoder.java,org/apache/avro/io/ParsingDecoder.java,66,3,1,3,173,12975,75,74,25,0,0,0,75,74,25,871,511,290,44,5.8461,0,No
AVRO,1.3.2,lang/java/src/java/org/apache/avro/io/parsing/Parser.java,org/apache/avro/io/parsing/Parser.java,175,9,2,9,176,67936,289,144,32,97,39,10,386,144,42,1087,498,120,21.5556,3.9881,0,No
AVRO,1.3.2,lang/java/src/java/org/apache/avro/io/parsing/SkipParser.java,org/apache/avro/io/parsing/SkipParser.java,87,8,2,8,176,21120,108,94,13,12,4,1,120,94,15,982,511,122,21.875,3.801,0,No
AVRO,1.3.2,lang/java/src/java/org/apache/avro/io/parsing/ValidatingGrammarGenerator.java,org/apache/avro/io/parsing/ValidatingGrammarGenerator.java,125,8,2,8,201,32361,149,138,18,12,4,1,161,138,20,1339,506,167,30,4.5079,0,No
AVRO,1.3.2,lang/java/src/java/org/apache/avro/io/parsing/Symbol.java,org/apache/avro/io/parsing/Symbol.java,481,13,2,13,194,126100,600,382,46,50,17,3,650,382,50,1448,498,111,20.8462,3.9895,0,No
AVRO,1.3.2,lang/java/src/java/org/apache/avro/io/parsing/JsonGrammarGenerator.java,org/apache/avro/io/parsing/JsonGrammarGenerator.java,93,8,2,8,201,26130,115,102,14,15,4,1,130,102,16,1407,498,175,31,4.6258,0,No
AVRO,1.3.2,lang/java/src/java/org/apache/avro/io/parsing/ResolvingGrammarGenerator.java,org/apache/avro/io/parsing/ResolvingGrammarGenerator.java,418,13,2,13,201,108942,495,337,38,47,20,3,542,337,41,1443,506,111,21.9231,3.9128,0,No
AVRO,1.3.2,lang/java/src/java/org/apache/avro/io/ValidatingDecoder.java,org/apache/avro/io/ValidatingDecoder.java,202,9,2,9,203,131950,441,358,49,209,204,23,650,358,72,1103,511,122,22.1111,4.0381,0,No
AVRO,1.3.2,lang/java/src/java/org/apache/avro/io/Encoder.java,org/apache/avro/io/Encoder.java,245,5,1,5,202,58782,281,269,56,10,6,2,291,269,58,1285,465,257,37.2,5.8033,0,No
AVRO,1.3.2,lang/java/src/java/org/apache/avro/io/DirectBinaryDecoder.java,org/apache/avro/io/DirectBinaryDecoder.java,179,1,1,1,0,0,203,203,203,0,0,0,203,203,203,476,476,476,78,7.8393,0,No
AVRO,1.3.2,lang/java/src/java/org/apache/avro/io/JsonEncoder.java,org/apache/avro/io/JsonEncoder.java,215,10,2,10,187,53669,266,239,26,21,6,2,287,239,28,1364,498,136,24.8,4.3859,0,No
AVRO,1.3.2,lang/java/src/java/org/apache/avro/generic/GenericContainer.java,org/apache/avro/generic/GenericContainer.java,24,2,1,2,131,3537,27,27,13,0,0,0,27,27,13,813,506,406,58.5,6.8332,0,No
AVRO,1.3.2,lang/java/src/java/org/apache/avro/generic/GenericFixed.java,org/apache/avro/generic/GenericFixed.java,23,3,1,3,234,6084,25,24,8,1,1,0,26,24,8,930,511,310,47.3333,6.3611,0,No
AVRO,1.3.2,lang/java/src/java/org/apache/avro/generic/GenericResponder.java,org/apache/avro/generic/GenericResponder.java,47,9,1,6,328,65928,129,53,14,72,53,8,201,53,22,1964,468,218,35.5556,5.704,0,No
AVRO,1.3.2,lang/java/src/java/org/apache/avro/generic/GenericRequestor.java,org/apache/avro/generic/GenericRequestor.java,60,11,1,8,328,73472,147,57,13,77,57,7,224,57,20,2051,468,186,32.0909,5.4362,0,No
AVRO,1.3.2,lang/java/src/java/org/apache/avro/generic/GenericData.java,org/apache/avro/generic/GenericData.java,456,26,3,22,305,371185,854,250,32,363,250,13,1217,250,46,2541,435,97,20.8846,4.1947,0,No
AVRO,1.3.2,lang/java/src/java/org/apache/avro/generic/GenericDatumReader.java,org/apache/avro/generic/GenericDatumReader.java,319,30,3,26,305,646905,1238,265,41,883,265,29,2121,265,70,2554,435,85,18.4667,3.9873,0,No
AVRO,1.3.2,lang/java/src/java/org/apache/avro/generic/GenericDatumWriter.java,org/apache/avro/generic/GenericDatumWriter.java,172,18,2,15,305,252235,512,164,28,315,164,17,827,164,45,2336,435,129,25.1667,4.8133,0,No
AVRO,1.3.2,lang/java/src/java/org/apache/avro/ipc/ByteBufferOutputStream.java,org/apache/avro/ipc/ByteBufferOutputStream.java,78,6,1,3,277,75621,182,87,30,91,87,15,273,87,45,1272,511,212,34.3333,5.9279,0,No
AVRO,1.3.2,lang/java/src/java/org/apache/avro/ipc/RPCContext.java,org/apache/avro/ipc/RPCContext.java,137,5,1,5,215,42785,178,149,35,21,18,4,199,149,39,1566,454,313,47.8,5.9647,0,No
AVRO,1.3.2,lang/java/src/java/org/apache/avro/ipc/HttpServer.java,org/apache/avro/ipc/HttpServer.java,50,3,1,3,103,11433,85,76,28,26,26,8,111,76,37,844,496,281,40.6667,5.7537,0,No
AVRO,1.3.2,lang/java/src/java/org/apache/avro/ipc/DatagramServer.java,org/apache/avro/ipc/DatagramServer.java,64,3,1,3,133,10906,81,79,27,1,1,0,82,79,27,1147,498,382,59.3333,6.5232,0,No
AVRO,1.3.2,lang/java/src/java/org/apache/avro/ipc/HttpTransceiver.java,org/apache/avro/ipc/HttpTransceiver.java,99,6,1,6,126,17010,124,116,20,11,6,1,135,116,22,1209,496,201,33,4.8817,0,No
AVRO,1.3.2,lang/java/src/java/org/apache/avro/ipc/DatagramTransceiver.java,org/apache/avro/ipc/DatagramTransceiver.java,73,3,1,3,133,11571,86,84,28,1,1,0,87,84,29,1147,498,382,59.3333,6.5232,0,No
AVRO,1.3.2,lang/java/src/java/org/apache/avro/ipc/LocalTransceiver.java,org/apache/avro/ipc/LocalTransceiver.java,45,2,1,1,6,312,52,52,26,0,0,0,52,52,26,858,436,429,59.5,5.9392,0,No
AVRO,1.3.2,lang/java/src/java/org/apache/avro/ipc/Transceiver.java,org/apache/avro/ipc/Transceiver.java,35,7,1,4,277,36010,87,40,12,43,40,6,130,40,18,1522,465,217,33,5.8314,0,No
AVRO,1.3.2,lang/java/src/java/org/apache/avro/ipc/AvroRemoteException.java,org/apache/avro/ipc/AvroRemoteException.java,33,6,1,3,277,37949,89,44,14,48,44,8,137,44,22,1275,511,212,34.3333,5.9257,0,No
AVRO,1.3.2,lang/java/src/java/org/apache/avro/ipc/SocketTransceiver.java,org/apache/avro/ipc/SocketTransceiver.java,85,9,1,6,300,88500,197,87,21,98,87,10,295,87,32,1959,436,217,35.2222,5.7176,0,No
AVRO,1.3.2,lang/java/src/java/org/apache/avro/ipc/ResponderServlet.java,org/apache/avro/ipc/ResponderServlet.java,48,2,1,2,94,5264,56,56,28,0,0,0,56,56,28,820,496,410,56,6.748,0,No
AVRO,1.3.2,lang/java/src/java/org/apache/avro/ipc/Requestor.java,org/apache/avro/ipc/Requestor.java,196,17,1,14,328,194504,412,105,24,181,105,10,593,107,34,2316,435,136,25,4.7712,0,Yes
AVRO,1.3.2,lang/java/src/java/org/apache/avro/ipc/SocketServer.java,org/apache/avro/ipc/SocketServer.java,93,10,1,7,300,127200,268,118,26,156,118,15,424,118,42,2037,436,203,33.3,5.6217,0,Yes
AVRO,1.3.2,lang/java/src/java/org/apache/avro/ipc/ByteBufferInputStream.java,org/apache/avro/ipc/ByteBufferInputStream.java,78,8,1,5,277,72297,174,69,21,87,69,10,261,69,32,1294,511,161,27.125,5.1563,0,No
AVRO,1.3.2,lang/java/src/java/org/apache/avro/ipc/stats/FloatHistogram.java,org/apache/avro/ipc/stats/FloatHistogram.java,49,2,1,2,3,162,54,54,27,0,0,0,54,54,27,869,436,434,60.5,5.6605,0,No
AVRO,1.3.2,lang/java/src/java/org/apache/avro/ipc/stats/Stopwatch.java,org/apache/avro/ipc/stats/Stopwatch.java,66,2,1,2,3,222,74,74,37,0,0,0,74,74,37,869,436,434,60.5,5.6605,0,No
AVRO,1.3.2,lang/java/src/java/org/apache/avro/ipc/stats/StatsServlet.java,org/apache/avro/ipc/stats/StatsServlet.java,93,2,1,2,3,321,107,107,53,0,0,0,107,107,53,869,436,434,60.5,5.6605,0,No
AVRO,1.3.2,lang/java/src/java/org/apache/avro/ipc/stats/Histogram.java,org/apache/avro/ipc/stats/Histogram.java,179,2,1,2,3,615,205,205,102,0,0,0,205,205,102,869,436,434,60.5,5.6605,0,No
AVRO,1.3.2,lang/java/src/java/org/apache/avro/ipc/Responder.java,org/apache/avro/ipc/Responder.java,174,19,1,16,328,210248,424,124,22,217,124,11,641,124,33,2381,435,125,24,4.7154,0,No
AVRO,1.3.2,lang/java/src/java/org/apache/avro/AvroRuntimeException.java,org/apache/avro/AvroRuntimeException.java,26,7,1,4,277,21329,53,24,7,24,24,3,77,24,11,1526,458,218,33.7143,5.8091,0,No
AVRO,1.3.2,lang/java/src/java/org/apache/avro/tool/JsonToBinaryFragmentTool.java,org/apache/avro/tool/JsonToBinaryFragmentTool.java,70,2,1,1,12,924,77,77,38,0,0,0,77,77,38,862,456,431,60.5,6.2768,0,No
AVRO,1.3.2,lang/java/src/java/org/apache/avro/tool/Util.java,org/apache/avro/tool/Util.java,65,4,1,3,35,2485,71,39,17,0,0,0,71,39,17,1247,452,311,50.25,5.5039,0,No
AVRO,1.3.2,lang/java/src/java/org/apache/avro/tool/RpcSendTool.java,org/apache/avro/tool/RpcSendTool.java,111,3,1,3,34,5066,136,98,45,13,13,4,149,98,49,1222,452,407,63.3333,6.0617,0,No
AVRO,1.3.2,lang/java/src/java/org/apache/avro/tool/DataFileGetSchemaTool.java,org/apache/avro/tool/DataFileGetSchemaTool.java,48,2,1,1,12,648,54,54,27,0,0,0,54,54,27,862,456,431,60.5,6.2768,0,No
AVRO,1.3.2,lang/java/src/java/org/apache/avro/tool/Tool.java,org/apache/avro/tool/Tool.java,47,6,1,6,77,5005,58,34,9,7,3,1,65,34,10,1161,456,193,30.8333,4.4164,0,No
AVRO,1.3.2,lang/java/src/java/org/apache/avro/tool/DataFileReadTool.java,org/apache/avro/tool/DataFileReadTool.java,70,3,1,1,12,984,80,79,26,2,2,0,82,79,27,872,454,290,41.6667,5.0136,0,No
AVRO,1.3.2,lang/java/src/java/org/apache/avro/tool/Main.java,org/apache/avro/tool/Main.java,85,10,2,9,83,10375,111,58,11,14,6,1,125,58,12,1498,452,149,26.5,4.1917,0,No
AVRO,1.3.2,lang/java/src/java/org/apache/avro/tool/BinaryFragmentToJsonTool.java,org/apache/avro/tool/BinaryFragmentToJsonTool.java,80,3,1,2,50,4450,87,84,29,2,2,0,89,84,29,1231,456,410,63.6667,6.2674,0,No
AVRO,1.3.2,lang/java/src/java/org/apache/avro/tool/DataFileWriteTool.java,org/apache/avro/tool/DataFileWriteTool.java,87,4,2,2,22,2464,105,82,26,7,5,1,112,82,28,1172,454,293,45.5,5.0711,0,No
AVRO,1.3.2,lang/java/src/java/org/apache/avro/tool/GenAvroTool.java,org/apache/avro/tool/GenAvroTool.java,67,3,1,3,13,1040,79,78,26,1,1,0,80,78,26,896,453,298,45,4.558,0,No
AVRO,1.3.2,lang/java/src/java/org/apache/avro/tool/RpcReceiveTool.java,org/apache/avro/tool/RpcReceiveTool.java,158,3,1,3,34,6664,186,140,62,10,10,3,196,140,65,1222,452,407,63.3333,6.0617,0,No
AVRO,1.3.3,lang/java/src/java/org/apache/avro/specific/SpecificData.java,org/apache/avro/specific/SpecificData.java,192,13,1,13,182,73528,310,164,23,94,43,7,404,189,31,1743,456,134,26,4.5743,0,Yes
AVRO,1.3.3,lang/java/src/java/org/apache/avro/specific/SpecificResponder.java,org/apache/avro/specific/SpecificResponder.java,88,13,2,10,328,84296,180,64,13,77,46,5,257,67,19,2288,435,176,31.7692,5.1971,0,No
AVRO,1.3.3,lang/java/src/java/org/apache/avro/specific/SpecificRequestor.java,org/apache/avro/specific/SpecificRequestor.java,93,15,2,12,328,94136,198,53,13,89,53,5,287,53,19,2172,435,144,27.2,4.735,0,No
AVRO,1.3.3,lang/java/src/java/org/apache/avro/specific/ProtocolTask.java,org/apache/avro/specific/ProtocolTask.java,68,7,1,4,277,89748,202,84,28,122,84,17,324,84,46,1274,497,182,30.1429,5.6761,0,No
AVRO,1.3.3,lang/java/src/java/org/apache/avro/specific/SpecificRecordBase.java,org/apache/avro/specific/SpecificRecordBase.java,45,7,1,7,245,31850,92,64,13,38,31,5,130,64,18,1708,456,244,39.5714,5.7461,0,No
AVRO,1.3.3,lang/java/src/java/org/apache/avro/specific/SpecificDatumReader.java,org/apache/avro/specific/SpecificDatumReader.java,76,18,1,14,299,191659,365,125,20,276,125,15,641,125,35,2277,435,126,23.5,4.6652,0,No
AVRO,1.3.3,lang/java/src/java/org/apache/avro/specific/SpecificExceptionBase.java,org/apache/avro/specific/SpecificExceptionBase.java,36,6,1,6,245,13230,49,40,8,5,3,0,54,40,9,1588,469,264,43.1667,5.8796,0,No
AVRO,1.3.3,lang/java/src/java/org/apache/avro/specific/SpecificCompiler.java,org/apache/avro/specific/SpecificCompiler.java,387,33,3,30,305,528565,1078,225,32,655,225,19,1733,327,52,2594,435,78,17.2121,3.929,0,No
AVRO,1.3.3,lang/java/src/java/org/apache/avro/util/Utf8.java,org/apache/avro/util/Utf8.java,80,8,1,5,328,86592,179,80,22,85,80,10,264,80,33,1671,506,208,38.375,5.837,0,No
AVRO,1.3.3,lang/java/src/java/org/apache/avro/file/DataFileReader.java,org/apache/avro/file/DataFileReader.java,149,14,1,10,316,332748,611,208,43,442,208,31,1053,208,75,2301,454,164,27.7143,5.1335,0,No
AVRO,1.3.3,lang/java/src/java/org/apache/avro/file/DataFileWriter.java,org/apache/avro/file/DataFileWriter.java,327,19,2,15,420,466620,741,183,39,370,183,19,1111,183,58,2593,454,136,26.2105,4.7676,0,No
AVRO,1.3.3,lang/java/src/java/org/apache/avro/file/DataFileConstants.java,org/apache/avro/file/DataFileConstants.java,34,5,2,4,111,5550,44,38,8,6,3,1,50,38,10,1416,454,283,41.4,4.879,0,No
AVRO,1.3.3,lang/java/src/java/org/apache/avro/file/DeflateCodec.java,org/apache/avro/file/DeflateCodec.java,131,5,2,5,28,6244,184,104,36,39,17,7,223,104,44,706,464,141,29.8,4.2635,0,No
AVRO,1.3.3,lang/java/src/java/org/apache/avro/file/DataFileStream.java,org/apache/avro/file/DataFileStream.java,240,8,2,7,71,27477,328,177,41,59,22,7,387,177,48,1479,454,184,35.25,4.5771,0,No
AVRO,1.3.3,lang/java/src/java/org/apache/avro/file/NullCodec.java,org/apache/avro/file/NullCodec.java,54,5,2,5,28,3192,89,57,17,25,13,5,114,57,22,706,464,141,29.8,4.2635,0,No
AVRO,1.3.3,lang/java/src/java/org/apache/avro/file/LengthLimitedInputStream.java,org/apache/avro/file/LengthLimitedInputStream.java,75,1,1,1,0,0,85,85,85,0,0,0,85,85,85,464,464,464,70,6.4068,0,No
AVRO,1.3.3,lang/java/src/java/org/apache/avro/Schema.java,org/apache/avro/Schema.java,988,40,3,36,305,923845,2058,451,51,971,451,24,3029,451,75,2762,435,69,15.95,3.661,0,No
AVRO,1.3.3,lang/java/src/java/org/apache/avro/Protocol.java,org/apache/avro/Protocol.java,334,22,2,18,305,363560,790,300,35,402,300,18,1192,300,54,2407,435,109,22.3636,4.4717,0,Yes
AVRO,1.3.3,lang/java/src/java/org/apache/avro/reflect/ReflectDatumReader.java,org/apache/avro/reflect/ReflectDatumReader.java,130,23,2,20,299,201526,410,92,17,264,92,11,674,92,29,2361,435,102,20.1739,4.3332,0,No
AVRO,1.3.3,lang/java/src/java/org/apache/avro/reflect/ReflectDatumWriter.java,org/apache/avro/reflect/ReflectDatumWriter.java,108,24,1,21,277,119941,279,61,11,154,61,6,433,61,18,2100,435,87,17.875,4.2402,0,No
AVRO,1.3.3,lang/java/src/java/org/apache/avro/reflect/ReflectData.java,org/apache/avro/reflect/ReflectData.java,388,31,2,27,420,716520,1068,194,34,638,194,20,1706,236,55,2660,435,85,19.2903,4.2652,0,Yes
AVRO,1.3.3,lang/java/src/java/org/apache/avro/reflect/ReflectRequestor.java,org/apache/avro/reflect/ReflectRequestor.java,64,13,1,10,277,99166,217,77,16,141,77,10,358,77,27,1868,435,143,25.2308,4.8381,0,No
AVRO,1.3.3,lang/java/src/java/org/apache/avro/reflect/InduceSchemaTool.java,org/apache/avro/reflect/InduceSchemaTool.java,69,6,2,6,60,5640,85,59,14,9,4,1,94,59,15,1208,456,201,36,4.6323,0,No
AVRO,1.3.3,lang/java/src/java/org/apache/avro/io/ResolvingDecoder.java,org/apache/avro/io/ResolvingDecoder.java,232,15,2,15,343,202370,419,223,27,171,91,11,590,223,39,1674,511,111,22.8,4.1508,0,No
AVRO,1.3.3,lang/java/src/java/org/apache/avro/io/BinaryDecoder.java,org/apache/avro/io/BinaryDecoder.java,899,8,2,8,241,323181,1162,820,145,179,147,22,1341,967,167,1524,509,190,35,4.9824,0,No
AVRO,1.3.3,lang/java/src/java/org/apache/avro/io/BinaryData.java,org/apache/avro/io/BinaryData.java,177,6,2,6,172,74132,309,190,51,122,88,20,431,190,71,1266,498,211,37.8333,5.1727,0,No
AVRO,1.3.3,lang/java/src/java/org/apache/avro/io/Decoder.java,org/apache/avro/io/Decoder.java,258,7,1,7,241,76397,302,279,43,15,10,2,317,279,45,1433,509,204,35.1429,5.5174,0,No
AVRO,1.3.3,lang/java/src/java/org/apache/avro/io/ValidatingEncoder.java,org/apache/avro/io/ValidatingEncoder.java,174,8,2,8,214,89666,311,225,38,108,104,13,419,225,52,1354,511,169,29.75,4.7734,0,No
AVRO,1.3.3,lang/java/src/java/org/apache/avro/io/DecoderFactory.java,org/apache/avro/io/DecoderFactory.java,219,1,1,1,0,0,232,232,232,0,0,0,232,232,232,476,476,476,78,7.8393,0,No
AVRO,1.3.3,lang/java/src/java/org/apache/avro/io/ParsingEncoder.java,org/apache/avro/io/ParsingEncoder.java,60,4,1,3,173,12110,70,52,17,0,0,0,70,52,17,958,498,239,37.5,5.7114,0,No
AVRO,1.3.3,lang/java/src/java/org/apache/avro/io/JsonDecoder.java,org/apache/avro/io/JsonDecoder.java,384,11,2,10,212,110240,473,397,43,47,23,4,520,397,47,1787,452,162,28.2727,4.4486,0,No
AVRO,1.3.3,lang/java/src/java/org/apache/avro/io/BinaryEncoder.java,org/apache/avro/io/BinaryEncoder.java,215,5,2,5,216,62856,272,266,54,19,16,3,291,266,58,1296,511,259,42.4,5.7949,0,No
AVRO,1.3.3,lang/java/src/java/org/apache/avro/io/BlockingBinaryEncoder.java,org/apache/avro/io/BlockingBinaryEncoder.java,534,7,2,7,237,158553,645,622,92,24,9,3,669,622,95,1492,496,213,36,5.5654,0,No
AVRO,1.3.3,lang/java/src/java/org/apache/avro/io/ParsingDecoder.java,org/apache/avro/io/ParsingDecoder.java,66,3,1,3,173,12975,75,74,25,0,0,0,75,74,25,871,511,290,44,5.8461,0,No
AVRO,1.3.3,lang/java/src/java/org/apache/avro/io/parsing/Parser.java,org/apache/avro/io/parsing/Parser.java,175,9,2,9,176,67936,289,144,32,97,39,10,386,144,42,1087,498,120,21.5556,3.9881,0,No
AVRO,1.3.3,lang/java/src/java/org/apache/avro/io/parsing/SkipParser.java,org/apache/avro/io/parsing/SkipParser.java,87,8,2,8,176,21120,108,94,13,12,4,1,120,94,15,982,511,122,21.875,3.801,0,No
AVRO,1.3.3,lang/java/src/java/org/apache/avro/io/parsing/ValidatingGrammarGenerator.java,org/apache/avro/io/parsing/ValidatingGrammarGenerator.java,125,8,2,8,201,32361,149,138,18,12,4,1,161,138,20,1339,506,167,30,4.5079,0,No
AVRO,1.3.3,lang/java/src/java/org/apache/avro/io/parsing/Symbol.java,org/apache/avro/io/parsing/Symbol.java,481,13,2,13,194,126100,600,382,46,50,17,3,650,382,50,1448,498,111,20.8462,3.9895,0,No
AVRO,1.3.3,lang/java/src/java/org/apache/avro/io/parsing/JsonGrammarGenerator.java,org/apache/avro/io/parsing/JsonGrammarGenerator.java,93,8,2,8,201,26130,115,102,14,15,4,1,130,102,16,1407,498,175,31,4.6258,0,No
AVRO,1.3.3,lang/java/src/java/org/apache/avro/io/parsing/ResolvingGrammarGenerator.java,org/apache/avro/io/parsing/ResolvingGrammarGenerator.java,418,13,2,13,201,108942,495,337,38,47,20,3,542,337,41,1443,506,111,21.9231,3.9128,0,No
AVRO,1.3.3,lang/java/src/java/org/apache/avro/io/ValidatingDecoder.java,org/apache/avro/io/ValidatingDecoder.java,202,9,2,9,203,131950,441,358,49,209,204,23,650,358,72,1103,511,122,22.1111,4.0381,0,No
AVRO,1.3.3,lang/java/src/java/org/apache/avro/io/Encoder.java,org/apache/avro/io/Encoder.java,245,5,1,5,202,58782,281,269,56,10,6,2,291,269,58,1285,465,257,37.2,5.8033,0,No
AVRO,1.3.3,lang/java/src/java/org/apache/avro/io/DirectBinaryDecoder.java,org/apache/avro/io/DirectBinaryDecoder.java,179,1,1,1,0,0,203,203,203,0,0,0,203,203,203,476,476,476,78,7.8393,0,No
AVRO,1.3.3,lang/java/src/java/org/apache/avro/io/JsonEncoder.java,org/apache/avro/io/JsonEncoder.java,215,10,2,10,187,53669,266,239,26,21,6,2,287,239,28,1364,498,136,24.8,4.3859,0,No
AVRO,1.3.3,lang/java/src/java/org/apache/avro/generic/GenericContainer.java,org/apache/avro/generic/GenericContainer.java,24,2,1,2,131,3537,27,27,13,0,0,0,27,27,13,813,506,406,58.5,6.8332,0,No
AVRO,1.3.3,lang/java/src/java/org/apache/avro/generic/GenericFixed.java,org/apache/avro/generic/GenericFixed.java,23,3,1,3,234,6084,25,24,8,1,1,0,26,24,8,930,511,310,47.3333,6.3611,0,No
AVRO,1.3.3,lang/java/src/java/org/apache/avro/generic/GenericResponder.java,org/apache/avro/generic/GenericResponder.java,47,9,1,6,328,65928,129,53,14,72,53,8,201,53,22,1964,468,218,35.5556,5.704,0,No
AVRO,1.3.3,lang/java/src/java/org/apache/avro/generic/GenericRequestor.java,org/apache/avro/generic/GenericRequestor.java,60,11,1,8,328,73472,147,57,13,77,57,7,224,57,20,2051,468,186,32.0909,5.4362,0,No
AVRO,1.3.3,lang/java/src/java/org/apache/avro/generic/GenericData.java,org/apache/avro/generic/GenericData.java,456,26,3,22,305,371185,854,250,32,363,250,13,1217,250,46,2541,435,97,20.8846,4.1947,0,No
AVRO,1.3.3,lang/java/src/java/org/apache/avro/generic/GenericDatumReader.java,org/apache/avro/generic/GenericDatumReader.java,322,31,3,27,420,892920,1242,265,40,884,265,28,2126,265,68,2672,435,86,18.871,4.029,0,No
AVRO,1.3.3,lang/java/src/java/org/apache/avro/generic/GenericDatumWriter.java,org/apache/avro/generic/GenericDatumWriter.java,172,18,2,15,305,252235,512,164,28,315,164,17,827,164,45,2336,435,129,25.1667,4.8133,0,No
AVRO,1.3.3,lang/java/src/java/org/apache/avro/ipc/ByteBufferOutputStream.java,org/apache/avro/ipc/ByteBufferOutputStream.java,78,6,1,3,277,75621,182,87,30,91,87,15,273,87,45,1272,511,212,34.3333,5.9279,0,No
AVRO,1.3.3,lang/java/src/java/org/apache/avro/ipc/RPCContext.java,org/apache/avro/ipc/RPCContext.java,137,5,1,5,215,42785,178,149,35,21,18,4,199,149,39,1566,454,313,47.8,5.9647,0,No
AVRO,1.3.3,lang/java/src/java/org/apache/avro/ipc/HttpServer.java,org/apache/avro/ipc/HttpServer.java,50,3,1,3,103,11433,85,76,28,26,26,8,111,76,37,844,496,281,40.6667,5.7537,0,No
AVRO,1.3.3,lang/java/src/java/org/apache/avro/ipc/DatagramServer.java,org/apache/avro/ipc/DatagramServer.java,64,3,1,3,133,10906,81,79,27,1,1,0,82,79,27,1147,498,382,59.3333,6.5232,0,No
AVRO,1.3.3,lang/java/src/java/org/apache/avro/ipc/HttpTransceiver.java,org/apache/avro/ipc/HttpTransceiver.java,99,6,1,6,126,17010,124,116,20,11,6,1,135,116,22,1209,496,201,33,4.8817,0,No
AVRO,1.3.3,lang/java/src/java/org/apache/avro/ipc/DatagramTransceiver.java,org/apache/avro/ipc/DatagramTransceiver.java,73,3,1,3,133,11571,86,84,28,1,1,0,87,84,29,1147,498,382,59.3333,6.5232,0,No
AVRO,1.3.3,lang/java/src/java/org/apache/avro/ipc/LocalTransceiver.java,org/apache/avro/ipc/LocalTransceiver.java,45,2,1,1,6,312,52,52,26,0,0,0,52,52,26,858,436,429,59.5,5.9392,0,No
AVRO,1.3.3,lang/java/src/java/org/apache/avro/ipc/Transceiver.java,org/apache/avro/ipc/Transceiver.java,35,7,1,4,277,36010,87,40,12,43,40,6,130,40,18,1522,465,217,33,5.8314,0,No
AVRO,1.3.3,lang/java/src/java/org/apache/avro/ipc/AvroRemoteException.java,org/apache/avro/ipc/AvroRemoteException.java,33,6,1,3,277,37949,89,44,14,48,44,8,137,44,22,1275,511,212,34.3333,5.9257,0,No
AVRO,1.3.3,lang/java/src/java/org/apache/avro/ipc/SocketTransceiver.java,org/apache/avro/ipc/SocketTransceiver.java,85,9,1,6,300,88500,197,87,21,98,87,10,295,87,32,1959,436,217,35.2222,5.7176,0,No
AVRO,1.3.3,lang/java/src/java/org/apache/avro/ipc/ResponderServlet.java,org/apache/avro/ipc/ResponderServlet.java,48,2,1,2,94,5264,56,56,28,0,0,0,56,56,28,820,496,410,56,6.748,0,No
AVRO,1.3.3,lang/java/src/java/org/apache/avro/ipc/Requestor.java,org/apache/avro/ipc/Requestor.java,196,17,1,14,328,194504,412,105,24,181,105,10,593,107,34,2316,435,136,25,4.7712,0,Yes
AVRO,1.3.3,lang/java/src/java/org/apache/avro/ipc/SocketServer.java,org/apache/avro/ipc/SocketServer.java,93,10,1,7,300,127200,268,118,26,156,118,15,424,118,42,2037,436,203,33.3,5.6217,0,Yes
AVRO,1.3.3,lang/java/src/java/org/apache/avro/ipc/ByteBufferInputStream.java,org/apache/avro/ipc/ByteBufferInputStream.java,78,8,1,5,277,72297,174,69,21,87,69,10,261,69,32,1294,511,161,27.125,5.1563,0,No
AVRO,1.3.3,lang/java/src/java/org/apache/avro/ipc/stats/FloatHistogram.java,org/apache/avro/ipc/stats/FloatHistogram.java,49,2,1,2,3,162,54,54,27,0,0,0,54,54,27,869,436,434,60.5,5.6605,0,No
AVRO,1.3.3,lang/java/src/java/org/apache/avro/ipc/stats/Stopwatch.java,org/apache/avro/ipc/stats/Stopwatch.java,66,2,1,2,3,222,74,74,37,0,0,0,74,74,37,869,436,434,60.5,5.6605,0,No
AVRO,1.3.3,lang/java/src/java/org/apache/avro/ipc/stats/StatsServlet.java,org/apache/avro/ipc/stats/StatsServlet.java,93,2,1,2,3,321,107,107,53,0,0,0,107,107,53,869,436,434,60.5,5.6605,0,No
AVRO,1.3.3,lang/java/src/java/org/apache/avro/ipc/stats/Histogram.java,org/apache/avro/ipc/stats/Histogram.java,179,2,1,2,3,615,205,205,102,0,0,0,205,205,102,869,436,434,60.5,5.6605,0,No
AVRO,1.3.3,lang/java/src/java/org/apache/avro/ipc/Responder.java,org/apache/avro/ipc/Responder.java,174,19,1,16,328,210248,424,124,22,217,124,11,641,124,33,2381,435,125,24,4.7154,0,No
AVRO,1.3.3,lang/java/src/java/org/apache/avro/AvroRuntimeException.java,org/apache/avro/AvroRuntimeException.java,26,7,1,4,277,21329,53,24,7,24,24,3,77,24,11,1526,458,218,33.7143,5.8091,0,No
AVRO,1.3.3,lang/java/src/java/org/apache/avro/tool/JsonToBinaryFragmentTool.java,org/apache/avro/tool/JsonToBinaryFragmentTool.java,70,2,1,1,12,924,77,77,38,0,0,0,77,77,38,862,456,431,60.5,6.2768,0,No
AVRO,1.3.3,lang/java/src/java/org/apache/avro/tool/Util.java,org/apache/avro/tool/Util.java,65,4,1,3,35,2485,71,39,17,0,0,0,71,39,17,1247,452,311,50.25,5.5039,0,No
AVRO,1.3.3,lang/java/src/java/org/apache/avro/tool/RpcSendTool.java,org/apache/avro/tool/RpcSendTool.java,111,3,1,3,34,5066,136,98,45,13,13,4,149,98,49,1222,452,407,63.3333,6.0617,0,No
AVRO,1.3.3,lang/java/src/java/org/apache/avro/tool/DataFileGetSchemaTool.java,org/apache/avro/tool/DataFileGetSchemaTool.java,48,2,1,1,12,648,54,54,27,0,0,0,54,54,27,862,456,431,60.5,6.2768,0,No
AVRO,1.3.3,lang/java/src/java/org/apache/avro/tool/Tool.java,org/apache/avro/tool/Tool.java,47,6,1,6,77,5005,58,34,9,7,3,1,65,34,10,1161,456,193,30.8333,4.4164,0,No
AVRO,1.3.3,lang/java/src/java/org/apache/avro/tool/DataFileReadTool.java,org/apache/avro/tool/DataFileReadTool.java,70,3,1,1,12,984,80,79,26,2,2,0,82,79,27,872,454,290,41.6667,5.0136,0,No
AVRO,1.3.3,lang/java/src/java/org/apache/avro/tool/Main.java,org/apache/avro/tool/Main.java,85,10,2,9,83,10375,111,58,11,14,6,1,125,58,12,1498,452,149,26.5,4.1917,0,No
AVRO,1.3.3,lang/java/src/java/org/apache/avro/tool/BinaryFragmentToJsonTool.java,org/apache/avro/tool/BinaryFragmentToJsonTool.java,80,3,1,2,50,4450,87,84,29,2,2,0,89,84,29,1231,456,410,63.6667,6.2674,0,No
AVRO,1.3.3,lang/java/src/java/org/apache/avro/tool/DataFileWriteTool.java,org/apache/avro/tool/DataFileWriteTool.java,87,4,2,2,22,2464,105,82,26,7,5,1,112,82,28,1172,454,293,45.5,5.0711,0,No
AVRO,1.3.3,lang/java/src/java/org/apache/avro/tool/GenAvroTool.java,org/apache/avro/tool/GenAvroTool.java,67,3,1,3,13,1040,79,78,26,1,1,0,80,78,26,896,453,298,45,4.558,0,No
AVRO,1.3.3,lang/java/src/java/org/apache/avro/tool/RpcReceiveTool.java,org/apache/avro/tool/RpcReceiveTool.java,158,3,1,3,34,6664,186,140,62,10,10,3,196,140,65,1222,452,407,63.3333,6.0617,0,No
AVRO,1.4.0,lang/java/src/java/org/apache/avro/specific/SpecificData.java,org/apache/avro/specific/SpecificData.java,177,17,1,17,363,167706,328,164,19,134,43,7,462,189,27,2234,456,131,27.6471,4.7861,0,Yes
AVRO,1.4.0,lang/java/src/java/org/apache/avro/specific/SpecificResponder.java,org/apache/avro/specific/SpecificResponder.java,89,14,2,11,431,111198,181,64,12,77,46,5,258,67,18,2485,435,177,32.7857,5.2967,0,No
AVRO,1.4.0,lang/java/src/java/org/apache/avro/specific/SpecificRequestor.java,org/apache/avro/specific/SpecificRequestor.java,93,16,2,13,475,138225,200,53,12,91,53,5,291,53,18,2448,435,153,29.125,4.8802,0,No
AVRO,1.4.0,lang/java/src/java/org/apache/avro/specific/ProtocolTask.java,org/apache/avro/specific/ProtocolTask.java,68,7,1,4,277,89748,202,84,28,122,84,17,324,84,46,1274,497,182,30.1429,5.6761,0,No
AVRO,1.4.0,lang/java/src/java/org/apache/avro/specific/SpecificRecordBase.java,org/apache/avro/specific/SpecificRecordBase.java,45,7,1,7,245,31850,92,64,13,38,31,5,130,64,18,1708,456,244,39.5714,5.7461,0,No
AVRO,1.4.0,lang/java/src/java/org/apache/avro/specific/SpecificDatumReader.java,org/apache/avro/specific/SpecificDatumReader.java,86,20,1,16,481,329966,393,125,19,293,125,14,686,125,34,2622,435,131,24.95,4.7535,0,No
AVRO,1.4.0,lang/java/src/java/org/apache/avro/specific/SpecificExceptionBase.java,org/apache/avro/specific/SpecificExceptionBase.java,36,6,1,6,245,13230,49,40,8,5,3,0,54,40,9,1588,469,264,43.1667,5.8796,0,No
AVRO,1.4.0,lang/java/src/java/org/apache/avro/specific/SpecificCompiler.java,org/apache/avro/specific/SpecificCompiler.java,403,39,3,36,507,902967,1110,225,28,671,225,17,1781,327,45,3206,435,82,19.1538,4.1469,0,No
AVRO,1.4.0,lang/java/src/java/org/apache/avro/util/WeakIdentityHashMap.java,org/apache/avro/util/WeakIdentityHashMap.java,152,1,1,1,0,0,169,169,169,0,0,0,169,169,169,592,592,592,93,8.2129,0,No
AVRO,1.4.0,lang/java/src/java/org/apache/avro/util/Utf8.java,org/apache/avro/util/Utf8.java,105,10,1,7,487,155840,222,80,22,98,80,9,320,80,32,2021,506,202,39.1,5.9399,0,No
AVRO,1.4.0,lang/java/src/java/org/apache/avro/file/DataFileReader.java,org/apache/avro/file/DataFileReader.java,155,15,1,11,511,541660,618,208,41,442,208,29,1060,208,70,2650,454,176,30.4,5.2816,0,No
AVRO,1.4.0,lang/java/src/java/org/apache/avro/file/DataFileWriter.java,org/apache/avro/file/DataFileWriter.java,326,21,3,17,502,581316,764,183,36,394,183,18,1158,183,55,2970,454,141,28.0476,4.9845,0,No
AVRO,1.4.0,lang/java/src/java/org/apache/avro/file/DataFileConstants.java,org/apache/avro/file/DataFileConstants.java,34,5,2,4,111,5550,44,38,8,6,3,1,50,38,10,1416,454,283,41.4,4.879,0,No
AVRO,1.4.0,lang/java/src/java/org/apache/avro/file/DeflateCodec.java,org/apache/avro/file/DeflateCodec.java,128,6,2,6,214,69550,235,104,39,90,51,15,325,104,54,1038,464,173,35.5,4.7851,0,No
AVRO,1.4.0,lang/java/src/java/org/apache/avro/file/DataFileStream.java,org/apache/avro/file/DataFileStream.java,288,10,2,9,236,112100,401,177,40,74,22,7,475,177,47,1859,454,185,37.1,4.9723,0,No
AVRO,1.4.0,lang/java/src/java/org/apache/avro/file/NullCodec.java,org/apache/avro/file/NullCodec.java,54,5,2,5,28,3192,89,57,17,25,13,5,114,57,22,706,464,141,29.8,4.2635,0,No
AVRO,1.4.0,lang/java/src/java/org/apache/avro/file/LengthLimitedInputStream.java,org/apache/avro/file/LengthLimitedInputStream.java,75,1,1,1,0,0,85,85,85,0,0,0,85,85,85,464,464,464,70,6.4068,0,No
AVRO,1.4.0,lang/java/src/java/org/apache/avro/Schema.java,org/apache/avro/Schema.java,1196,44,3,40,496,1658128,2327,451,52,1016,451,23,3343,451,75,3146,435,71,16.6818,3.6843,0,No
AVRO,1.4.0,lang/java/src/java/org/apache/avro/Protocol.java,org/apache/avro/Protocol.java,384,23,2,19,399,527478,886,300,38,436,300,18,1322,300,57,2605,435,113,23.2174,4.5514,0,Yes
AVRO,1.4.0,lang/java/src/java/org/apache/avro/reflect/ReflectDatumReader.java,org/apache/avro/reflect/ReflectDatumReader.java,137,25,2,22,502,343870,419,92,16,266,92,10,685,92,27,2793,435,111,22.72,4.5139,0,No
AVRO,1.4.0,lang/java/src/java/org/apache/avro/reflect/ReflectDatumWriter.java,org/apache/avro/reflect/ReflectDatumWriter.java,106,26,1,23,502,221884,282,61,10,160,61,6,442,61,17,2735,559,105,21.1923,4.4024,0,No
AVRO,1.4.0,lang/java/src/java/org/apache/avro/reflect/ReflectResponder.java,org/apache/avro/reflect/ReflectResponder.java,49,18,1,15,487,262006,299,118,16,239,118,13,538,118,29,2588,541,143,27,4.8944,0,No
AVRO,1.4.0,lang/java/src/java/org/apache/avro/reflect/ReflectData.java,org/apache/avro/reflect/ReflectData.java,389,34,2,30,502,865448,1077,194,31,647,194,19,1724,236,50,3043,435,89,20.6176,4.3579,0,Yes
AVRO,1.4.0,lang/java/src/java/org/apache/avro/reflect/ReflectRequestor.java,org/apache/avro/reflect/ReflectRequestor.java,64,13,1,10,277,99166,217,77,16,141,77,10,358,77,27,1868,435,143,25.2308,4.8381,0,No
AVRO,1.4.0,lang/java/src/java/org/apache/avro/reflect/InduceSchemaTool.java,org/apache/avro/reflect/InduceSchemaTool.java,69,6,2,6,60,5640,85,59,14,9,4,1,94,59,15,1208,456,201,36,4.6323,0,No
AVRO,1.4.0,lang/java/src/java/org/apache/avro/io/ResolvingDecoder.java,org/apache/avro/io/ResolvingDecoder.java,232,15,2,15,297,175230,419,223,27,171,91,11,590,223,39,1734,511,115,23.6667,4.2304,0,No
AVRO,1.4.0,lang/java/src/java/org/apache/avro/io/BinaryDecoder.java,org/apache/avro/io/BinaryDecoder.java,899,8,2,8,241,323181,1162,820,145,179,147,22,1341,967,167,1524,509,190,35,4.9824,0,No
AVRO,1.4.0,lang/java/src/java/org/apache/avro/io/BinaryData.java,org/apache/avro/io/BinaryData.java,278,7,2,7,288,154944,416,190,59,122,88,17,538,190,76,1481,498,211,39,5.3829,0,No
AVRO,1.4.0,lang/java/src/java/org/apache/avro/io/Decoder.java,org/apache/avro/io/Decoder.java,258,7,1,7,241,76397,302,279,43,15,10,2,317,279,45,1433,509,204,35.1429,5.5174,0,No
AVRO,1.4.0,lang/java/src/java/org/apache/avro/io/ValidatingEncoder.java,org/apache/avro/io/ValidatingEncoder.java,174,8,2,8,214,89666,311,225,38,108,104,13,419,225,52,1354,511,169,29.75,4.7734,0,No
AVRO,1.4.0,lang/java/src/java/org/apache/avro/io/DecoderFactory.java,org/apache/avro/io/DecoderFactory.java,219,1,1,1,0,0,232,232,232,0,0,0,232,232,232,476,476,476,78,7.8393,0,No
AVRO,1.4.0,lang/java/src/java/org/apache/avro/io/ParsingEncoder.java,org/apache/avro/io/ParsingEncoder.java,60,4,1,3,173,12110,70,52,17,0,0,0,70,52,17,958,498,239,37.5,5.7114,0,No
AVRO,1.4.0,lang/java/src/java/org/apache/avro/io/JsonDecoder.java,org/apache/avro/io/JsonDecoder.java,384,11,2,10,212,110240,473,397,43,47,23,4,520,397,47,1787,452,162,28.2727,4.4486,0,No
AVRO,1.4.0,lang/java/src/java/org/apache/avro/io/BinaryEncoder.java,org/apache/avro/io/BinaryEncoder.java,215,5,2,5,216,62856,272,266,54,19,16,3,291,266,58,1296,511,259,42.4,5.7949,0,No
AVRO,1.4.0,lang/java/src/java/org/apache/avro/io/BlockingBinaryEncoder.java,org/apache/avro/io/BlockingBinaryEncoder.java,534,7,2,7,237,158553,645,622,92,24,9,3,669,622,95,1492,496,213,36,5.5654,0,No
AVRO,1.4.0,lang/java/src/java/org/apache/avro/io/ParsingDecoder.java,org/apache/avro/io/ParsingDecoder.java,66,3,1,3,173,12975,75,74,25,0,0,0,75,74,25,871,511,290,44,5.8461,0,No
AVRO,1.4.0,lang/java/src/java/org/apache/avro/io/parsing/Parser.java,org/apache/avro/io/parsing/Parser.java,175,9,2,9,176,67936,289,144,32,97,39,10,386,144,42,1087,498,120,21.5556,3.9881,0,No
AVRO,1.4.0,lang/java/src/java/org/apache/avro/io/parsing/SkipParser.java,org/apache/avro/io/parsing/SkipParser.java,87,8,2,8,176,21120,108,94,13,12,4,1,120,94,15,982,511,122,21.875,3.801,0,No
AVRO,1.4.0,lang/java/src/java/org/apache/avro/io/parsing/ValidatingGrammarGenerator.java,org/apache/avro/io/parsing/ValidatingGrammarGenerator.java,125,8,2,8,201,32361,149,138,18,12,4,1,161,138,20,1339,506,167,30,4.5079,0,No
AVRO,1.4.0,lang/java/src/java/org/apache/avro/io/parsing/Symbol.java,org/apache/avro/io/parsing/Symbol.java,481,13,2,13,194,126100,600,382,46,50,17,3,650,382,50,1448,498,111,20.8462,3.9895,0,No
AVRO,1.4.0,lang/java/src/java/org/apache/avro/io/parsing/JsonGrammarGenerator.java,org/apache/avro/io/parsing/JsonGrammarGenerator.java,93,8,2,8,201,26130,115,102,14,15,4,1,130,102,16,1407,498,175,31,4.6258,0,No
AVRO,1.4.0,lang/java/src/java/org/apache/avro/io/parsing/ResolvingGrammarGenerator.java,org/apache/avro/io/parsing/ResolvingGrammarGenerator.java,435,15,2,15,397,223511,514,337,34,49,20,3,563,337,37,1869,506,124,25.6,4.2696,0,No
AVRO,1.4.0,lang/java/src/java/org/apache/avro/io/ValidatingDecoder.java,org/apache/avro/io/ValidatingDecoder.java,207,10,2,10,411,269616,447,358,44,209,204,20,656,358,65,1657,554,165,28.7,4.261,0,No
AVRO,1.4.0,lang/java/src/java/org/apache/avro/io/Encoder.java,org/apache/avro/io/Encoder.java,245,5,1,5,202,58782,281,269,56,10,6,2,291,269,58,1285,465,257,37.2,5.8033,0,No
AVRO,1.4.0,lang/java/src/java/org/apache/avro/io/DirectBinaryDecoder.java,org/apache/avro/io/DirectBinaryDecoder.java,179,1,1,1,0,0,203,203,203,0,0,0,203,203,203,476,476,476,78,7.8393,0,No
AVRO,1.4.0,lang/java/src/java/org/apache/avro/io/JsonEncoder.java,org/apache/avro/io/JsonEncoder.java,215,10,2,10,187,53669,266,239,26,21,6,2,287,239,28,1364,498,136,24.8,4.3859,0,No
AVRO,1.4.0,lang/java/src/java/org/apache/avro/mapred/Pair.java,org/apache/avro/mapred/Pair.java,424,2,1,2,19,9234,469,453,234,17,17,8,486,453,243,628,564,314,56,6.5677,0,No
AVRO,1.4.0,lang/java/src/java/org/apache/avro/mapred/FsInput.java,org/apache/avro/mapred/FsInput.java,49,1,1,1,0,0,60,60,60,0,0,0,60,60,60,502,502,502,80,7.9219,0,No
AVRO,1.4.0,lang/java/src/java/org/apache/avro/mapred/HadoopCombiner.java,org/apache/avro/mapred/HadoopCombiner.java,52,1,1,1,0,0,62,62,62,0,0,0,62,62,62,564,564,564,88,8.1131,0,No
AVRO,1.4.0,lang/java/src/java/org/apache/avro/mapred/AvroUtf8InputFormat.java,org/apache/avro/mapred/AvroUtf8InputFormat.java,96,2,1,1,72,8424,117,98,58,0,0,0,117,98,58,777,543,388,69.5,7.4693,0,No
AVRO,1.4.0,lang/java/src/java/org/apache/avro/mapred/HadoopMapper.java,org/apache/avro/mapred/HadoopMapper.java,72,1,1,1,0,0,83,83,83,0,0,0,83,83,83,564,564,564,88,8.1131,0,No
AVRO,1.4.0,lang/java/src/java/org/apache/avro/mapred/AvroSerialization.java,org/apache/avro/mapred/AvroSerialization.java,111,3,1,3,111,22755,170,148,56,35,26,11,205,148,68,782,502,260,51,6.5538,0,No
AVRO,1.4.0,lang/java/src/java/org/apache/avro/mapred/tether/TetherKeySerialization.java,org/apache/avro/mapred/tether/TetherKeySerialization.java,71,1,1,1,0,0,91,91,91,0,0,0,91,91,91,542,542,542,87,8.0539,0,No
AVRO,1.4.0,lang/java/src/java/org/apache/avro/mapred/tether/TetheredProcess.java,org/apache/avro/mapred/tether/TetheredProcess.java,113,2,1,2,34,4488,132,131,66,0,0,0,132,131,66,614,542,307,55.5,6.4368,0,No
AVRO,1.4.0,lang/java/src/java/org/apache/avro/mapred/tether/TetherPartitioner.java,org/apache/avro/mapred/tether/TetherPartitioner.java,47,2,1,2,0,0,59,59,29,0,0,0,59,59,29,547,542,273,45.5,4.6586,0,No
AVRO,1.4.0,lang/java/src/java/org/apache/avro/mapred/tether/TetherData.java,org/apache/avro/mapred/tether/TetherData.java,34,1,1,1,0,0,42,42,42,0,0,0,42,42,42,542,542,542,87,8.0539,0,No
AVRO,1.4.0,lang/java/src/java/org/apache/avro/mapred/tether/TetherOutputFormat.java,org/apache/avro/mapred/tether/TetherOutputFormat.java,67,1,1,1,0,0,80,80,80,0,0,0,80,80,80,542,542,542,87,8.0539,0,No
AVRO,1.4.0,lang/java/src/java/org/apache/avro/mapred/tether/TetherRecordReader.java,org/apache/avro/mapred/tether/TetherRecordReader.java,67,1,1,1,0,0,84,84,84,0,0,0,84,84,84,542,542,542,87,8.0539,0,No
AVRO,1.4.0,lang/java/src/java/org/apache/avro/mapred/tether/TetherKeyComparator.java,org/apache/avro/mapred/tether/TetherKeyComparator.java,51,1,1,1,0,0,61,61,61,0,0,0,61,61,61,542,542,542,87,8.0539,0,No
AVRO,1.4.0,lang/java/src/java/org/apache/avro/mapred/tether/TetherReducer.java,org/apache/avro/mapred/tether/TetherReducer.java,73,1,1,1,0,0,82,82,82,0,0,0,82,82,82,542,542,542,87,8.0539,0,No
AVRO,1.4.0,lang/java/src/java/org/apache/avro/mapred/tether/TetherMapRunner.java,org/apache/avro/mapred/tether/TetherMapRunner.java,76,1,1,1,0,0,93,93,93,0,0,0,93,93,93,542,542,542,87,8.0539,0,No
AVRO,1.4.0,lang/java/src/java/org/apache/avro/mapred/tether/TetherOutputService.java,org/apache/avro/mapred/tether/TetherOutputService.java,83,2,1,2,55,6105,106,103,53,5,5,2,111,103,55,695,542,347,62.5,7.0829,0,No
AVRO,1.4.0,lang/java/src/java/org/apache/avro/mapred/tether/TetherJob.java,org/apache/avro/mapred/tether/TetherJob.java,132,2,1,2,36,5760,158,154,79,2,2,1,160,154,80,650,542,325,57.5,6.7524,0,Yes
AVRO,1.4.0,lang/java/src/java/org/apache/avro/mapred/AvroOutputFormat.java,org/apache/avro/mapred/AvroOutputFormat.java,84,4,1,4,132,16764,114,87,28,13,9,3,127,87,31,855,502,213,45.25,6.2129,0,No
AVRO,1.4.0,lang/java/src/java/org/apache/avro/mapred/AvroRecordReader.java,org/apache/avro/mapred/AvroRecordReader.java,65,2,1,2,111,10656,89,86,44,7,7,3,96,86,48,745,502,372,67.5,7.3649,0,No
AVRO,1.4.0,lang/java/src/java/org/apache/avro/mapred/HadoopReducer.java,org/apache/avro/mapred/HadoopReducer.java,50,1,1,1,0,0,60,60,60,0,0,0,60,60,60,564,564,564,88,8.1131,0,No
AVRO,1.4.0,lang/java/src/java/org/apache/avro/mapred/AvroJob.java,org/apache/avro/mapred/AvroJob.java,125,4,1,4,132,37356,216,104,54,67,58,16,283,112,70,855,502,213,45.25,6.2129,0,No
AVRO,1.4.0,lang/java/src/java/org/apache/avro/mapred/HadoopReducerBase.java,org/apache/avro/mapred/HadoopReducerBase.java,53,1,1,1,0,0,63,63,63,0,0,0,63,63,63,564,564,564,88,8.1131,0,No
AVRO,1.4.0,lang/java/src/java/org/apache/avro/mapred/AvroWrapper.java,org/apache/avro/mapred/AvroWrapper.java,46,2,1,2,111,6438,56,54,28,2,2,1,58,54,29,745,502,372,67.5,7.3649,0,No
AVRO,1.4.0,lang/java/src/java/org/apache/avro/generic/GenericContainer.java,org/apache/avro/generic/GenericContainer.java,24,2,1,2,131,3537,27,27,13,0,0,0,27,27,13,813,506,406,58.5,6.8332,0,No
AVRO,1.4.0,lang/java/src/java/org/apache/avro/generic/GenericFixed.java,org/apache/avro/generic/GenericFixed.java,23,3,1,3,234,6084,25,24,8,1,1,0,26,24,8,930,511,310,47.3333,6.3611,0,No
AVRO,1.4.0,lang/java/src/java/org/apache/avro/generic/GenericResponder.java,org/apache/avro/generic/GenericResponder.java,47,9,1,6,328,65928,129,53,14,72,53,8,201,53,22,1964,468,218,35.5556,5.704,0,No
AVRO,1.4.0,lang/java/src/java/org/apache/avro/generic/GenericRequestor.java,org/apache/avro/generic/GenericRequestor.java,64,13,1,10,487,114932,155,57,11,81,57,6,236,57,18,2373,468,182,33.0769,5.4764,0,No
AVRO,1.4.0,lang/java/src/java/org/apache/avro/generic/GenericData.java,org/apache/avro/generic/GenericData.java,486,31,3,27,507,655551,910,250,29,383,250,12,1293,250,41,3146,435,101,22.871,4.4557,0,No
AVRO,1.4.0,lang/java/src/java/org/apache/avro/generic/GenericDatumReader.java,org/apache/avro/generic/GenericDatumReader.java,356,37,3,33,511,1141574,1315,265,35,919,265,24,2234,265,60,3172,435,85,19.7027,4.0882,0,No
AVRO,1.4.0,lang/java/src/java/org/apache/avro/generic/GenericEnumSymbol.java,org/apache/avro/generic/GenericEnumSymbol.java,23,1,1,1,0,0,24,24,24,0,0,0,24,24,24,591,591,591,93,8.2097,0,No
AVRO,1.4.0,lang/java/src/java/org/apache/avro/generic/GenericDatumWriter.java,org/apache/avro/generic/GenericDatumWriter.java,188,21,2,18,507,457314,558,164,26,344,164,16,902,164,42,2816,435,134,27.2381,4.9471,0,No
AVRO,1.4.0,lang/java/src/java/org/apache/avro/ipc/ByteBufferOutputStream.java,org/apache/avro/ipc/ByteBufferOutputStream.java,91,8,1,5,442,134810,205,87,25,100,87,12,305,87,38,1797,511,224,38.375,5.8654,0,No
AVRO,1.4.0,lang/java/src/java/org/apache/avro/ipc/RPCContext.java,org/apache/avro/ipc/RPCContext.java,171,8,1,8,390,110370,239,149,29,44,18,5,283,149,35,2036,454,254,45.5,6.0476,0,No
AVRO,1.4.0,lang/java/src/java/org/apache/avro/ipc/trace/TracePlugin.java,org/apache/avro/ipc/trace/TracePlugin.java,303,5,2,5,25,10050,373,322,74,29,20,5,402,322,80,787,590,157,34.8,5.1864,0,No
AVRO,1.4.0,lang/java/src/java/org/apache/avro/ipc/trace/StaticServlet.java,org/apache/avro/ipc/trace/StaticServlet.java,44,1,1,1,0,0,50,50,50,0,0,0,50,50,50,612,612,612,95,8.2672,0,No
AVRO,1.4.0,lang/java/src/java/org/apache/avro/ipc/trace/Util.java,org/apache/avro/ipc/trace/Util.java,200,4,1,4,22,5500,236,169,59,14,13,3,250,169,62,773,590,193,41,5.6341,0,No
AVRO,1.4.0,lang/java/src/java/org/apache/avro/ipc/trace/FileSpanStorage.java,org/apache/avro/ipc/trace/FileSpanStorage.java,316,1,1,1,0,0,359,359,359,0,0,0,359,359,359,594,594,594,93,8.2244,0,No
AVRO,1.4.0,lang/java/src/java/org/apache/avro/ipc/trace/SpanAggregator.java,org/apache/avro/ipc/trace/SpanAggregator.java,162,3,2,3,20,3700,183,155,61,2,2,0,185,155,61,744,590,248,49.6667,6.2491,0,No
AVRO,1.4.0,lang/java/src/java/org/apache/avro/ipc/trace/TraceNode.java,org/apache/avro/ipc/trace/TraceNode.java,123,2,1,2,18,2754,146,94,73,7,7,3,153,94,76,676,590,338,63,6.7577,0,No
AVRO,1.4.0,lang/java/src/java/org/apache/avro/ipc/trace/TracePluginConfiguration.java,org/apache/avro/ipc/trace/TracePluginConfiguration.java,54,3,1,3,18,1116,60,45,20,2,2,0,62,45,20,686,590,228,44.6667,5.6493,0,No
AVRO,1.4.0,lang/java/src/java/org/apache/avro/ipc/trace/Trace.java,org/apache/avro/ipc/trace/Trace.java,222,3,2,3,18,4554,248,245,82,5,3,1,253,245,84,683,590,227,44.6667,5.8246,0,No
AVRO,1.4.0,lang/java/src/java/org/apache/avro/ipc/trace/TraceClientServlet.java,org/apache/avro/ipc/trace/TraceClientServlet.java,231,2,1,2,18,4986,265,198,132,12,12,6,277,210,138,676,590,338,63,6.7577,0,No
AVRO,1.4.0,lang/java/src/java/org/apache/avro/ipc/trace/TraceCollection.java,org/apache/avro/ipc/trace/TraceCollection.java,271,2,1,2,3,1068,331,281,165,25,25,12,356,281,178,699,612,349,62.5,6.9279,0,No
AVRO,1.4.0,lang/java/src/java/org/apache/avro/ipc/trace/InMemorySpanStorage.java,org/apache/avro/ipc/trace/InMemorySpanStorage.java,69,2,1,2,8,640,79,68,39,1,1,0,80,68,40,638,590,319,57,6.1549,0,No
AVRO,1.4.0,lang/java/src/java/org/apache/avro/ipc/HttpServer.java,org/apache/avro/ipc/HttpServer.java,61,4,1,4,292,40880,106,76,26,34,26,8,140,76,35,1357,513,339,52,6.0811,0,No
AVRO,1.4.0,lang/java/src/java/org/apache/avro/ipc/DatagramServer.java,org/apache/avro/ipc/DatagramServer.java,64,4,1,4,298,25032,82,79,20,2,1,0,84,79,21,1439,498,359,59.75,6.6644,0,No
AVRO,1.4.0,lang/java/src/java/org/apache/avro/ipc/HttpTransceiver.java,org/apache/avro/ipc/HttpTransceiver.java,93,7,1,7,225,35100,131,116,18,25,14,3,156,116,22,1427,496,203,35.2857,5.1129,0,No
AVRO,1.4.0,lang/java/src/java/org/apache/avro/ipc/DatagramTransceiver.java,org/apache/avro/ipc/DatagramTransceiver.java,73,3,1,3,133,11571,86,84,28,1,1,0,87,84,29,1147,498,382,59.3333,6.5232,0,No
AVRO,1.4.0,lang/java/src/java/org/apache/avro/ipc/NettyTransportCodec.java,org/apache/avro/ipc/NettyTransportCodec.java,153,2,1,1,56,10248,183,165,91,0,0,0,183,165,91,761,552,380,69.5,7.4015,0,No
AVRO,1.4.0,lang/java/src/java/org/apache/avro/ipc/LocalTransceiver.java,org/apache/avro/ipc/LocalTransceiver.java,45,2,1,1,6,312,52,52,26,0,0,0,52,52,26,858,436,429,59.5,5.9392,0,No
AVRO,1.4.0,lang/java/src/java/org/apache/avro/ipc/Transceiver.java,org/apache/avro/ipc/Transceiver.java,59,8,1,5,399,63840,116,40,14,44,40,5,160,40,20,1971,465,246,38.5,5.9472,0,No
AVRO,1.4.0,lang/java/src/java/org/apache/avro/ipc/NettyTransceiver.java,org/apache/avro/ipc/NettyTransceiver.java,227,1,1,1,0,0,264,264,264,0,0,0,264,264,264,552,552,552,87,8.0908,0,No
AVRO,1.4.0,lang/java/src/java/org/apache/avro/ipc/AvroRemoteException.java,org/apache/avro/ipc/AvroRemoteException.java,33,6,1,3,277,37949,89,44,14,48,44,8,137,44,22,1275,511,212,34.3333,5.9257,0,No
AVRO,1.4.0,lang/java/src/java/org/apache/avro/ipc/SocketTransceiver.java,org/apache/avro/ipc/SocketTransceiver.java,96,11,1,8,442,138346,214,87,19,99,87,9,313,87,28,2305,436,209,36.5455,5.8308,0,No
AVRO,1.4.0,lang/java/src/java/org/apache/avro/ipc/ResponderServlet.java,org/apache/avro/ipc/ResponderServlet.java,48,2,1,2,94,5264,56,56,28,0,0,0,56,56,28,820,496,410,56,6.748,0,No
AVRO,1.4.0,lang/java/src/java/org/apache/avro/ipc/Requestor.java,org/apache/avro/ipc/Requestor.java,212,22,2,19,503,337513,461,105,20,210,105,9,671,107,30,2856,435,129,26.5455,4.9591,0,Yes
AVRO,1.4.0,lang/java/src/java/org/apache/avro/ipc/NettyServer.java,org/apache/avro/ipc/NettyServer.java,133,3,1,3,18,3582,175,148,58,24,23,8,199,148,66,581,552,193,33.3333,4.0508,0,No
AVRO,1.4.0,lang/java/src/java/org/apache/avro/ipc/SocketServer.java,org/apache/avro/ipc/SocketServer.java,92,12,1,9,466,198982,269,118,22,158,118,13,427,118,35,2410,436,200,35.1667,5.7546,0,Yes
AVRO,1.4.0,lang/java/src/java/org/apache/avro/ipc/ByteBufferInputStream.java,org/apache/avro/ipc/ByteBufferInputStream.java,78,8,1,5,277,72297,174,69,21,87,69,10,261,69,32,1294,511,161,27.125,5.1563,0,No
AVRO,1.4.0,lang/java/src/java/org/apache/avro/ipc/stats/StatsServer.java,org/apache/avro/ipc/stats/StatsServer.java,48,1,1,1,0,0,54,54,54,0,0,0,54,54,54,575,575,575,90,8.1522,0,No
AVRO,1.4.0,lang/java/src/java/org/apache/avro/ipc/stats/StaticServlet.java,org/apache/avro/ipc/stats/StaticServlet.java,41,2,1,2,25,1150,46,28,23,0,0,0,46,28,23,667,575,333,62,6.8171,0,No
AVRO,1.4.0,lang/java/src/java/org/apache/avro/ipc/stats/FloatHistogram.java,org/apache/avro/ipc/stats/FloatHistogram.java,49,2,1,2,3,162,54,54,27,0,0,0,54,54,27,869,436,434,60.5,5.6605,0,No
AVRO,1.4.0,lang/java/src/java/org/apache/avro/ipc/stats/Stopwatch.java,org/apache/avro/ipc/stats/Stopwatch.java,66,2,1,2,3,222,74,74,37,0,0,0,74,74,37,869,436,434,60.5,5.6605,0,No
AVRO,1.4.0,lang/java/src/java/org/apache/avro/ipc/stats/StatsPlugin.java,org/apache/avro/ipc/stats/StatsPlugin.java,199,5,2,5,201,102108,367,121,73,141,117,28,508,129,101,1448,515,289,46.2,4.9621,0,No
AVRO,1.4.0,lang/java/src/java/org/apache/avro/ipc/stats/StatsServlet.java,org/apache/avro/ipc/stats/StatsServlet.java,231,5,2,5,201,172458,562,209,112,296,206,59,858,254,171,1448,515,289,46.2,4.9621,0,No
AVRO,1.4.0,lang/java/src/java/org/apache/avro/ipc/stats/IntegerHistogram.java,org/apache/avro/ipc/stats/IntegerHistogram.java,50,1,1,1,0,0,55,55,55,0,0,0,55,55,55,546,546,546,87,8.0702,0,No
AVRO,1.4.0,lang/java/src/java/org/apache/avro/ipc/stats/Histogram.java,org/apache/avro/ipc/stats/Histogram.java,234,3,2,3,167,46259,272,205,90,5,5,1,277,205,92,1371,502,457,68.6667,6.1069,0,No
AVRO,1.4.0,lang/java/src/java/org/apache/avro/ipc/Responder.java,org/apache/avro/ipc/Responder.java,199,24,1,21,503,363166,480,124,20,242,124,10,722,124,30,2906,435,121,25.125,4.7619,0,No
AVRO,1.4.0,lang/java/src/java/org/apache/avro/AvroRuntimeException.java,org/apache/avro/AvroRuntimeException.java,26,7,1,4,277,21329,53,24,7,24,24,3,77,24,11,1526,458,218,33.7143,5.8091,0,No
AVRO,1.4.0,lang/java/src/java/org/apache/avro/tool/JsonToBinaryFragmentTool.java,org/apache/avro/tool/JsonToBinaryFragmentTool.java,71,3,1,2,222,17316,78,77,26,0,0,0,78,77,26,1422,560,474,71,6.6171,0,No
AVRO,1.4.0,lang/java/src/java/org/apache/avro/tool/Util.java,org/apache/avro/tool/Util.java,112,5,1,4,169,22139,125,54,25,6,6,1,131,60,26,1498,452,299,50.4,5.7836,0,No
AVRO,1.4.0,lang/java/src/java/org/apache/avro/tool/IdlTool.java,org/apache/avro/tool/IdlTool.java,68,5,1,5,230,24150,92,78,18,13,7,2,105,78,21,1536,493,307,50.6,5.3497,0,No
AVRO,1.4.0,lang/java/src/java/org/apache/avro/tool/FromTextTool.java,org/apache/avro/tool/FromTextTool.java,83,1,1,1,0,0,99,99,99,0,0,0,99,99,99,545,545,545,87,8.0666,0,No
AVRO,1.4.0,lang/java/src/java/org/apache/avro/tool/RpcSendTool.java,org/apache/avro/tool/RpcSendTool.java,111,3,1,3,34,5066,136,98,45,13,13,4,149,98,49,1222,452,407,63.3333,6.0617,0,No
AVRO,1.4.0,lang/java/src/java/org/apache/avro/tool/ToTextTool.java,org/apache/avro/tool/ToTextTool.java,74,1,1,1,0,0,88,88,88,0,0,0,88,88,88,545,545,545,87,8.0666,0,No
AVRO,1.4.0,lang/java/src/java/org/apache/avro/tool/DataFileGetSchemaTool.java,org/apache/avro/tool/DataFileGetSchemaTool.java,48,2,1,1,12,648,54,54,27,0,0,0,54,54,27,862,456,431,60.5,6.2768,0,No
AVRO,1.4.0,lang/java/src/java/org/apache/avro/tool/Tool.java,org/apache/avro/tool/Tool.java,47,6,1,6,77,5005,58,34,9,7,3,1,65,34,10,1161,456,193,30.8333,4.4164,0,No
AVRO,1.4.0,lang/java/src/java/org/apache/avro/tool/DataFileReadTool.java,org/apache/avro/tool/DataFileReadTool.java,70,3,1,1,12,984,80,79,26,2,2,0,82,79,27,872,454,290,41.6667,5.0136,0,No
AVRO,1.4.0,lang/java/src/java/org/apache/avro/tool/Main.java,org/apache/avro/tool/Main.java,89,13,2,12,233,31455,118,58,9,17,6,1,135,58,10,1850,452,142,26.4615,4.0658,0,Yes
AVRO,1.4.0,lang/java/src/java/org/apache/avro/tool/BinaryFragmentToJsonTool.java,org/apache/avro/tool/BinaryFragmentToJsonTool.java,80,3,1,2,50,4450,87,84,29,2,2,0,89,84,29,1231,456,410,63.6667,6.2674,0,No
AVRO,1.4.0,lang/java/src/java/org/apache/avro/tool/DataFileWriteTool.java,org/apache/avro/tool/DataFileWriteTool.java,87,4,2,2,22,2464,105,82,26,7,5,1,112,82,28,1172,454,293,45.5,5.0711,0,No
AVRO,1.4.0,lang/java/src/java/org/apache/avro/tool/RpcReceiveTool.java,org/apache/avro/tool/RpcReceiveTool.java,159,4,1,4,200,39400,187,140,46,10,10,2,197,140,49,1505,452,376,61.75,6.3097,0,No
AVRO,1.4.1,lang/java/src/java/org/apache/avro/specific/SpecificData.java,org/apache/avro/specific/SpecificData.java,177,17,1,17,363,167706,328,164,19,134,43,7,462,189,27,2234,456,131,27.6471,4.7861,0,Yes
AVRO,1.4.1,lang/java/src/java/org/apache/avro/specific/SpecificResponder.java,org/apache/avro/specific/SpecificResponder.java,89,14,2,11,431,111198,181,64,12,77,46,5,258,67,18,2485,435,177,32.7857,5.2967,0,Yes
AVRO,1.4.1,lang/java/src/java/org/apache/avro/specific/SpecificRequestor.java,org/apache/avro/specific/SpecificRequestor.java,93,16,2,13,475,138225,200,53,12,91,53,5,291,53,18,2448,435,153,29.125,4.8802,0,No
AVRO,1.4.1,lang/java/src/java/org/apache/avro/specific/ProtocolTask.java,org/apache/avro/specific/ProtocolTask.java,68,7,1,4,277,89748,202,84,28,122,84,17,324,84,46,1274,497,182,30.1429,5.6761,0,No
AVRO,1.4.1,lang/java/src/java/org/apache/avro/specific/SpecificRecordBase.java,org/apache/avro/specific/SpecificRecordBase.java,45,7,1,7,245,31850,92,64,13,38,31,5,130,64,18,1708,456,244,39.5714,5.7461,0,No
AVRO,1.4.1,lang/java/src/java/org/apache/avro/specific/SpecificDatumReader.java,org/apache/avro/specific/SpecificDatumReader.java,86,20,1,16,481,329966,393,125,19,293,125,14,686,125,34,2622,435,131,24.95,4.7535,0,No
AVRO,1.4.1,lang/java/src/java/org/apache/avro/specific/SpecificExceptionBase.java,org/apache/avro/specific/SpecificExceptionBase.java,36,6,1,6,245,13230,49,40,8,5,3,0,54,40,9,1588,469,264,43.1667,5.8796,0,No
AVRO,1.4.1,lang/java/src/java/org/apache/avro/specific/SpecificCompiler.java,org/apache/avro/specific/SpecificCompiler.java,403,39,3,36,507,902967,1110,225,28,671,225,17,1781,327,45,3206,435,82,19.1538,4.1469,0,No
AVRO,1.4.1,lang/java/src/java/org/apache/avro/util/WeakIdentityHashMap.java,org/apache/avro/util/WeakIdentityHashMap.java,152,1,1,1,0,0,169,169,169,0,0,0,169,169,169,592,592,592,93,8.2129,0,No
AVRO,1.4.1,lang/java/src/java/org/apache/avro/util/Utf8.java,org/apache/avro/util/Utf8.java,113,11,1,8,530,179140,235,80,21,103,80,9,338,80,30,2209,506,200,40.1818,5.9737,0,No
AVRO,1.4.1,lang/java/src/java/org/apache/avro/file/DataFileReader.java,org/apache/avro/file/DataFileReader.java,157,16,1,12,526,560190,622,208,38,443,208,27,1065,208,66,2677,454,167,29.5,5.1776,0,No
AVRO,1.4.1,lang/java/src/java/org/apache/avro/file/DataFileWriter.java,org/apache/avro/file/DataFileWriter.java,326,21,3,17,502,581316,764,183,36,394,183,18,1158,183,55,2970,454,141,28.0476,4.9845,0,No
AVRO,1.4.1,lang/java/src/java/org/apache/avro/file/DataFileConstants.java,org/apache/avro/file/DataFileConstants.java,34,5,2,4,111,5550,44,38,8,6,3,1,50,38,10,1416,454,283,41.4,4.879,0,No
AVRO,1.4.1,lang/java/src/java/org/apache/avro/file/DeflateCodec.java,org/apache/avro/file/DeflateCodec.java,128,6,2,6,214,69550,235,104,39,90,51,15,325,104,54,1038,464,173,35.5,4.7851,0,No
AVRO,1.4.1,lang/java/src/java/org/apache/avro/file/DataFileStream.java,org/apache/avro/file/DataFileStream.java,288,10,2,9,236,112100,401,177,40,74,22,7,475,177,47,1859,454,185,37.1,4.9723,0,No
AVRO,1.4.1,lang/java/src/java/org/apache/avro/file/NullCodec.java,org/apache/avro/file/NullCodec.java,54,5,2,5,28,3192,89,57,17,25,13,5,114,57,22,706,464,141,29.8,4.2635,0,No
AVRO,1.4.1,lang/java/src/java/org/apache/avro/file/LengthLimitedInputStream.java,org/apache/avro/file/LengthLimitedInputStream.java,75,1,1,1,0,0,85,85,85,0,0,0,85,85,85,464,464,464,70,6.4068,0,No
AVRO,1.4.1,lang/java/src/java/org/apache/avro/Schema.java,org/apache/avro/Schema.java,1209,45,3,41,521,1751602,2343,451,52,1019,451,22,3362,451,74,3293,435,73,17.2889,3.7327,0,No
AVRO,1.4.1,lang/java/src/java/org/apache/avro/Protocol.java,org/apache/avro/Protocol.java,384,23,2,19,399,527478,886,300,38,436,300,18,1322,300,57,2605,435,113,23.2174,4.5514,0,Yes
AVRO,1.4.1,lang/java/src/java/org/apache/avro/reflect/ReflectDatumReader.java,org/apache/avro/reflect/ReflectDatumReader.java,137,25,2,22,502,343870,419,92,16,266,92,10,685,92,27,2793,435,111,22.72,4.5139,0,No
AVRO,1.4.1,lang/java/src/java/org/apache/avro/reflect/ReflectDatumWriter.java,org/apache/avro/reflect/ReflectDatumWriter.java,106,26,1,23,502,221884,282,61,10,160,61,6,442,61,17,2735,559,105,21.1923,4.4024,0,No
AVRO,1.4.1,lang/java/src/java/org/apache/avro/reflect/ReflectResponder.java,org/apache/avro/reflect/ReflectResponder.java,49,18,1,15,487,262006,299,118,16,239,118,13,538,118,29,2588,541,143,27,4.8944,0,No
AVRO,1.4.1,lang/java/src/java/org/apache/avro/reflect/ReflectData.java,org/apache/avro/reflect/ReflectData.java,389,34,2,30,502,865448,1077,194,31,647,194,19,1724,236,50,3043,435,89,20.6176,4.3579,0,Yes
AVRO,1.4.1,lang/java/src/java/org/apache/avro/reflect/ReflectRequestor.java,org/apache/avro/reflect/ReflectRequestor.java,64,13,1,10,277,99166,217,77,16,141,77,10,358,77,27,1868,435,143,25.2308,4.8381,0,No
AVRO,1.4.1,lang/java/src/java/org/apache/avro/reflect/InduceSchemaTool.java,org/apache/avro/reflect/InduceSchemaTool.java,69,6,2,6,60,5640,85,59,14,9,4,1,94,59,15,1208,456,201,36,4.6323,0,No
AVRO,1.4.1,lang/java/src/java/org/apache/avro/io/ResolvingDecoder.java,org/apache/avro/io/ResolvingDecoder.java,232,15,2,15,297,175230,419,223,27,171,91,11,590,223,39,1734,511,115,23.6667,4.2304,0,No
AVRO,1.4.1,lang/java/src/java/org/apache/avro/io/BinaryDecoder.java,org/apache/avro/io/BinaryDecoder.java,899,8,2,8,241,323181,1162,820,145,179,147,22,1341,967,167,1524,509,190,35,4.9824,0,No
AVRO,1.4.1,lang/java/src/java/org/apache/avro/io/BinaryData.java,org/apache/avro/io/BinaryData.java,278,7,2,7,288,154944,416,190,59,122,88,17,538,190,76,1481,498,211,39,5.3829,0,No
AVRO,1.4.1,lang/java/src/java/org/apache/avro/io/Decoder.java,org/apache/avro/io/Decoder.java,258,7,1,7,241,76397,302,279,43,15,10,2,317,279,45,1433,509,204,35.1429,5.5174,0,No
AVRO,1.4.1,lang/java/src/java/org/apache/avro/io/ValidatingEncoder.java,org/apache/avro/io/ValidatingEncoder.java,184,9,2,9,453,195243,323,225,35,108,104,12,431,225,47,1795,511,199,35.1111,4.896,0,No
AVRO,1.4.1,lang/java/src/java/org/apache/avro/io/DecoderFactory.java,org/apache/avro/io/DecoderFactory.java,219,1,1,1,0,0,232,232,232,0,0,0,232,232,232,476,476,476,78,7.8393,0,No
AVRO,1.4.1,lang/java/src/java/org/apache/avro/io/ParsingEncoder.java,org/apache/avro/io/ParsingEncoder.java,60,4,1,3,173,12110,70,52,17,0,0,0,70,52,17,958,498,239,37.5,5.7114,0,No
AVRO,1.4.1,lang/java/src/java/org/apache/avro/io/JsonDecoder.java,org/apache/avro/io/JsonDecoder.java,384,11,2,10,212,110240,473,397,43,47,23,4,520,397,47,1787,452,162,28.2727,4.4486,0,No
AVRO,1.4.1,lang/java/src/java/org/apache/avro/io/BinaryEncoder.java,org/apache/avro/io/BinaryEncoder.java,223,6,2,6,454,139378,285,266,47,22,16,3,307,266,51,1737,511,289,48.3333,5.8086,0,No
AVRO,1.4.1,lang/java/src/java/org/apache/avro/io/BlockingBinaryEncoder.java,org/apache/avro/io/BlockingBinaryEncoder.java,540,8,2,8,473,323059,655,622,81,28,9,3,683,622,85,1906,496,238,40.875,5.8265,0,No
AVRO,1.4.1,lang/java/src/java/org/apache/avro/io/ParsingDecoder.java,org/apache/avro/io/ParsingDecoder.java,66,3,1,3,173,12975,75,74,25,0,0,0,75,74,25,871,511,290,44,5.8461,0,No
AVRO,1.4.1,lang/java/src/java/org/apache/avro/io/parsing/Parser.java,org/apache/avro/io/parsing/Parser.java,175,9,2,9,176,67936,289,144,32,97,39,10,386,144,42,1087,498,120,21.5556,3.9881,0,No
AVRO,1.4.1,lang/java/src/java/org/apache/avro/io/parsing/SkipParser.java,org/apache/avro/io/parsing/SkipParser.java,87,8,2,8,176,21120,108,94,13,12,4,1,120,94,15,982,511,122,21.875,3.801,0,No
AVRO,1.4.1,lang/java/src/java/org/apache/avro/io/parsing/ValidatingGrammarGenerator.java,org/apache/avro/io/parsing/ValidatingGrammarGenerator.java,125,8,2,8,201,32361,149,138,18,12,4,1,161,138,20,1339,506,167,30,4.5079,0,No
AVRO,1.4.1,lang/java/src/java/org/apache/avro/io/parsing/Symbol.java,org/apache/avro/io/parsing/Symbol.java,481,13,2,13,194,126100,600,382,46,50,17,3,650,382,50,1448,498,111,20.8462,3.9895,0,No
AVRO,1.4.1,lang/java/src/java/org/apache/avro/io/parsing/JsonGrammarGenerator.java,org/apache/avro/io/parsing/JsonGrammarGenerator.java,93,8,2,8,201,26130,115,102,14,15,4,1,130,102,16,1407,498,175,31,4.6258,0,No
AVRO,1.4.1,lang/java/src/java/org/apache/avro/io/parsing/ResolvingGrammarGenerator.java,org/apache/avro/io/parsing/ResolvingGrammarGenerator.java,435,15,2,15,397,223511,514,337,34,49,20,3,563,337,37,1869,506,124,25.6,4.2696,0,No
AVRO,1.4.1,lang/java/src/java/org/apache/avro/io/ValidatingDecoder.java,org/apache/avro/io/ValidatingDecoder.java,207,10,2,10,411,269616,447,358,44,209,204,20,656,358,65,1657,554,165,28.7,4.261,0,No
AVRO,1.4.1,lang/java/src/java/org/apache/avro/io/Encoder.java,org/apache/avro/io/Encoder.java,260,6,1,6,454,140286,298,269,49,11,6,1,309,269,51,1897,612,316,47.3333,6.0995,0,No
AVRO,1.4.1,lang/java/src/java/org/apache/avro/io/DirectBinaryDecoder.java,org/apache/avro/io/DirectBinaryDecoder.java,179,1,1,1,0,0,203,203,203,0,0,0,203,203,203,476,476,476,78,7.8393,0,No
AVRO,1.4.1,lang/java/src/java/org/apache/avro/io/JsonEncoder.java,org/apache/avro/io/JsonEncoder.java,219,11,2,11,425,125800,273,239,24,23,6,2,296,239,26,1805,498,164,29.6364,4.5215,0,No
AVRO,1.4.1,lang/java/src/java/org/apache/avro/mapred/Pair.java,org/apache/avro/mapred/Pair.java,424,2,1,2,19,9234,469,453,234,17,17,8,486,453,243,628,564,314,56,6.5677,0,No
AVRO,1.4.1,lang/java/src/java/org/apache/avro/mapred/FsInput.java,org/apache/avro/mapred/FsInput.java,49,1,1,1,0,0,60,60,60,0,0,0,60,60,60,502,502,502,80,7.9219,0,No
AVRO,1.4.1,lang/java/src/java/org/apache/avro/mapred/HadoopCombiner.java,org/apache/avro/mapred/HadoopCombiner.java,52,1,1,1,0,0,62,62,62,0,0,0,62,62,62,564,564,564,88,8.1131,0,No
AVRO,1.4.1,lang/java/src/java/org/apache/avro/mapred/AvroUtf8InputFormat.java,org/apache/avro/mapred/AvroUtf8InputFormat.java,96,2,1,1,72,8424,117,98,58,0,0,0,117,98,58,777,543,388,69.5,7.4693,0,No
AVRO,1.4.1,lang/java/src/java/org/apache/avro/mapred/HadoopMapper.java,org/apache/avro/mapred/HadoopMapper.java,72,1,1,1,0,0,83,83,83,0,0,0,83,83,83,564,564,564,88,8.1131,0,No
AVRO,1.4.1,lang/java/src/java/org/apache/avro/mapred/AvroSerialization.java,org/apache/avro/mapred/AvroSerialization.java,111,3,1,3,111,22755,170,148,56,35,26,11,205,148,68,782,502,260,51,6.5538,0,No
AVRO,1.4.1,lang/java/src/java/org/apache/avro/mapred/SequenceFileReader.java,org/apache/avro/mapred/SequenceFileReader.java,213,1,1,1,0,0,247,247,247,0,0,0,247,247,247,640,640,640,99,8.3398,0,No
AVRO,1.4.1,lang/java/src/java/org/apache/avro/mapred/tether/TetherKeySerialization.java,org/apache/avro/mapred/tether/TetherKeySerialization.java,71,1,1,1,0,0,91,91,91,0,0,0,91,91,91,542,542,542,87,8.0539,0,No
AVRO,1.4.1,lang/java/src/java/org/apache/avro/mapred/tether/TetheredProcess.java,org/apache/avro/mapred/tether/TetheredProcess.java,113,2,1,2,34,4488,132,131,66,0,0,0,132,131,66,614,542,307,55.5,6.4368,0,No
AVRO,1.4.1,lang/java/src/java/org/apache/avro/mapred/tether/TetherPartitioner.java,org/apache/avro/mapred/tether/TetherPartitioner.java,47,2,1,2,0,0,59,59,29,0,0,0,59,59,29,547,542,273,45.5,4.6586,0,No
AVRO,1.4.1,lang/java/src/java/org/apache/avro/mapred/tether/TetherData.java,org/apache/avro/mapred/tether/TetherData.java,34,1,1,1,0,0,42,42,42,0,0,0,42,42,42,542,542,542,87,8.0539,0,No
AVRO,1.4.1,lang/java/src/java/org/apache/avro/mapred/tether/TetherOutputFormat.java,org/apache/avro/mapred/tether/TetherOutputFormat.java,67,1,1,1,0,0,80,80,80,0,0,0,80,80,80,542,542,542,87,8.0539,0,No
AVRO,1.4.1,lang/java/src/java/org/apache/avro/mapred/tether/TetherRecordReader.java,org/apache/avro/mapred/tether/TetherRecordReader.java,67,1,1,1,0,0,84,84,84,0,0,0,84,84,84,542,542,542,87,8.0539,0,No
AVRO,1.4.1,lang/java/src/java/org/apache/avro/mapred/tether/TetherKeyComparator.java,org/apache/avro/mapred/tether/TetherKeyComparator.java,51,1,1,1,0,0,61,61,61,0,0,0,61,61,61,542,542,542,87,8.0539,0,No
AVRO,1.4.1,lang/java/src/java/org/apache/avro/mapred/tether/TetherReducer.java,org/apache/avro/mapred/tether/TetherReducer.java,73,1,1,1,0,0,82,82,82,0,0,0,82,82,82,542,542,542,87,8.0539,0,No
AVRO,1.4.1,lang/java/src/java/org/apache/avro/mapred/tether/TetherMapRunner.java,org/apache/avro/mapred/tether/TetherMapRunner.java,76,1,1,1,0,0,93,93,93,0,0,0,93,93,93,542,542,542,87,8.0539,0,No
AVRO,1.4.1,lang/java/src/java/org/apache/avro/mapred/tether/TetherOutputService.java,org/apache/avro/mapred/tether/TetherOutputService.java,83,2,1,2,55,6105,106,103,53,5,5,2,111,103,55,695,542,347,62.5,7.0829,0,No
AVRO,1.4.1,lang/java/src/java/org/apache/avro/mapred/tether/TetherJob.java,org/apache/avro/mapred/tether/TetherJob.java,132,2,1,2,36,5760,158,154,79,2,2,1,160,154,80,650,542,325,57.5,6.7524,0,Yes
AVRO,1.4.1,lang/java/src/java/org/apache/avro/mapred/AvroOutputFormat.java,org/apache/avro/mapred/AvroOutputFormat.java,84,4,1,4,132,16764,114,87,28,13,9,3,127,87,31,855,502,213,45.25,6.2129,0,No
AVRO,1.4.1,lang/java/src/java/org/apache/avro/mapred/HadoopReducer.java,org/apache/avro/mapred/HadoopReducer.java,50,1,1,1,0,0,60,60,60,0,0,0,60,60,60,564,564,564,88,8.1131,0,No
AVRO,1.4.1,lang/java/src/java/org/apache/avro/mapred/AvroJob.java,org/apache/avro/mapred/AvroJob.java,129,5,1,5,169,48672,221,104,44,67,58,13,288,112,57,1029,502,205,45.4,6.2099,0,No
AVRO,1.4.1,lang/java/src/java/org/apache/avro/mapred/HadoopReducerBase.java,org/apache/avro/mapred/HadoopReducerBase.java,53,1,1,1,0,0,63,63,63,0,0,0,63,63,63,564,564,564,88,8.1131,0,No
AVRO,1.4.1,lang/java/src/java/org/apache/avro/mapred/AvroWrapper.java,org/apache/avro/mapred/AvroWrapper.java,46,2,1,2,111,6438,56,54,28,2,2,1,58,54,29,745,502,372,67.5,7.3649,0,No
AVRO,1.4.1,lang/java/src/java/org/apache/avro/generic/GenericContainer.java,org/apache/avro/generic/GenericContainer.java,24,2,1,2,131,3537,27,27,13,0,0,0,27,27,13,813,506,406,58.5,6.8332,0,No
AVRO,1.4.1,lang/java/src/java/org/apache/avro/generic/GenericFixed.java,org/apache/avro/generic/GenericFixed.java,23,3,1,3,234,6084,25,24,8,1,1,0,26,24,8,930,511,310,47.3333,6.3611,0,No
AVRO,1.4.1,lang/java/src/java/org/apache/avro/generic/GenericResponder.java,org/apache/avro/generic/GenericResponder.java,47,9,1,6,328,65928,129,53,14,72,53,8,201,53,22,1964,468,218,35.5556,5.704,0,No
AVRO,1.4.1,lang/java/src/java/org/apache/avro/generic/GenericRequestor.java,org/apache/avro/generic/GenericRequestor.java,64,13,1,10,487,114932,155,57,11,81,57,6,236,57,18,2373,468,182,33.0769,5.4764,0,No
AVRO,1.4.1,lang/java/src/java/org/apache/avro/generic/GenericData.java,org/apache/avro/generic/GenericData.java,502,32,3,28,530,707550,939,250,29,396,250,12,1335,250,41,3215,435,100,23.125,4.4606,0,No
AVRO,1.4.1,lang/java/src/java/org/apache/avro/generic/GenericDatumReader.java,org/apache/avro/generic/GenericDatumReader.java,356,37,3,33,511,1141574,1315,265,35,919,265,24,2234,265,60,3172,435,85,19.7027,4.0882,0,Yes
AVRO,1.4.1,lang/java/src/java/org/apache/avro/generic/GenericEnumSymbol.java,org/apache/avro/generic/GenericEnumSymbol.java,23,1,1,1,0,0,24,24,24,0,0,0,24,24,24,591,591,591,93,8.2097,0,No
AVRO,1.4.1,lang/java/src/java/org/apache/avro/generic/GenericDatumWriter.java,org/apache/avro/generic/GenericDatumWriter.java,184,22,2,19,530,481240,559,164,25,349,164,15,908,164,41,2885,435,131,27.4091,4.932,0,No
AVRO,1.4.1,lang/java/src/java/org/apache/avro/ipc/ByteBufferOutputStream.java,org/apache/avro/ipc/ByteBufferOutputStream.java,91,8,1,5,442,134810,205,87,25,100,87,12,305,87,38,1797,511,224,38.375,5.8654,0,No
AVRO,1.4.1,lang/java/src/java/org/apache/avro/ipc/RPCContext.java,org/apache/avro/ipc/RPCContext.java,171,8,1,8,390,110370,239,149,29,44,18,5,283,149,35,2036,454,254,45.5,6.0476,0,No
AVRO,1.4.1,lang/java/src/java/org/apache/avro/ipc/trace/TracePlugin.java,org/apache/avro/ipc/trace/TracePlugin.java,303,5,2,5,25,10050,373,322,74,29,20,5,402,322,80,787,590,157,34.8,5.1864,0,No
AVRO,1.4.1,lang/java/src/java/org/apache/avro/ipc/trace/StaticServlet.java,org/apache/avro/ipc/trace/StaticServlet.java,44,1,1,1,0,0,50,50,50,0,0,0,50,50,50,612,612,612,95,8.2672,0,No
AVRO,1.4.1,lang/java/src/java/org/apache/avro/ipc/trace/Util.java,org/apache/avro/ipc/trace/Util.java,200,4,1,4,22,5500,236,169,59,14,13,3,250,169,62,773,590,193,41,5.6341,0,No
AVRO,1.4.1,lang/java/src/java/org/apache/avro/ipc/trace/FileSpanStorage.java,org/apache/avro/ipc/trace/FileSpanStorage.java,316,1,1,1,0,0,359,359,359,0,0,0,359,359,359,594,594,594,93,8.2244,0,No
AVRO,1.4.1,lang/java/src/java/org/apache/avro/ipc/trace/SpanAggregator.java,org/apache/avro/ipc/trace/SpanAggregator.java,162,3,2,3,20,3700,183,155,61,2,2,0,185,155,61,744,590,248,49.6667,6.2491,0,No
AVRO,1.4.1,lang/java/src/java/org/apache/avro/ipc/trace/TraceNode.java,org/apache/avro/ipc/trace/TraceNode.java,123,2,1,2,18,2754,146,94,73,7,7,3,153,94,76,676,590,338,63,6.7577,0,No
AVRO,1.4.1,lang/java/src/java/org/apache/avro/ipc/trace/TracePluginConfiguration.java,org/apache/avro/ipc/trace/TracePluginConfiguration.java,54,3,1,3,18,1116,60,45,20,2,2,0,62,45,20,686,590,228,44.6667,5.6493,0,No
AVRO,1.4.1,lang/java/src/java/org/apache/avro/ipc/trace/Trace.java,org/apache/avro/ipc/trace/Trace.java,222,3,2,3,18,4554,248,245,82,5,3,1,253,245,84,683,590,227,44.6667,5.8246,0,No
AVRO,1.4.1,lang/java/src/java/org/apache/avro/ipc/trace/TraceClientServlet.java,org/apache/avro/ipc/trace/TraceClientServlet.java,231,2,1,2,18,4986,265,198,132,12,12,6,277,210,138,676,590,338,63,6.7577,0,No
AVRO,1.4.1,lang/java/src/java/org/apache/avro/ipc/trace/TraceCollection.java,org/apache/avro/ipc/trace/TraceCollection.java,271,2,1,2,3,1068,331,281,165,25,25,12,356,281,178,699,612,349,62.5,6.9279,0,No
AVRO,1.4.1,lang/java/src/java/org/apache/avro/ipc/trace/InMemorySpanStorage.java,org/apache/avro/ipc/trace/InMemorySpanStorage.java,69,2,1,2,8,640,79,68,39,1,1,0,80,68,40,638,590,319,57,6.1549,0,No
AVRO,1.4.1,lang/java/src/java/org/apache/avro/ipc/HttpServer.java,org/apache/avro/ipc/HttpServer.java,61,4,1,4,292,40880,106,76,26,34,26,8,140,76,35,1357,513,339,52,6.0811,0,Yes
AVRO,1.4.1,lang/java/src/java/org/apache/avro/ipc/DatagramServer.java,org/apache/avro/ipc/DatagramServer.java,64,4,1,4,298,25032,82,79,20,2,1,0,84,79,21,1439,498,359,59.75,6.6644,0,No
AVRO,1.4.1,lang/java/src/java/org/apache/avro/ipc/HttpTransceiver.java,org/apache/avro/ipc/HttpTransceiver.java,93,7,1,7,225,35100,131,116,18,25,14,3,156,116,22,1427,496,203,35.2857,5.1129,0,No
AVRO,1.4.1,lang/java/src/java/org/apache/avro/ipc/SaslSocketServer.java,org/apache/avro/ipc/SaslSocketServer.java,90,1,1,1,0,0,102,102,102,0,0,0,102,102,102,635,635,635,99,8.3263,0,No
AVRO,1.4.1,lang/java/src/java/org/apache/avro/ipc/DatagramTransceiver.java,org/apache/avro/ipc/DatagramTransceiver.java,73,3,1,3,133,11571,86,84,28,1,1,0,87,84,29,1147,498,382,59.3333,6.5232,0,No
AVRO,1.4.1,lang/java/src/java/org/apache/avro/ipc/NettyTransportCodec.java,org/apache/avro/ipc/NettyTransportCodec.java,153,2,1,1,56,10248,183,165,91,0,0,0,183,165,91,761,552,380,69.5,7.4015,0,No
AVRO,1.4.1,lang/java/src/java/org/apache/avro/ipc/LocalTransceiver.java,org/apache/avro/ipc/LocalTransceiver.java,45,2,1,1,6,312,52,52,26,0,0,0,52,52,26,858,436,429,59.5,5.9392,0,No
AVRO,1.4.1,lang/java/src/java/org/apache/avro/ipc/SaslSocketTransceiver.java,org/apache/avro/ipc/SaslSocketTransceiver.java,341,1,1,1,0,0,389,389,389,0,0,0,389,389,389,635,635,635,99,8.3263,0,No
AVRO,1.4.1,lang/java/src/java/org/apache/avro/ipc/Transceiver.java,org/apache/avro/ipc/Transceiver.java,59,8,1,5,399,63840,116,40,14,44,40,5,160,40,20,1971,465,246,38.5,5.9472,0,No
AVRO,1.4.1,lang/java/src/java/org/apache/avro/ipc/NettyTransceiver.java,org/apache/avro/ipc/NettyTransceiver.java,227,1,1,1,0,0,264,264,264,0,0,0,264,264,264,552,552,552,87,8.0908,0,No
AVRO,1.4.1,lang/java/src/java/org/apache/avro/ipc/AvroRemoteException.java,org/apache/avro/ipc/AvroRemoteException.java,33,6,1,3,277,37949,89,44,14,48,44,8,137,44,22,1275,511,212,34.3333,5.9257,0,No
AVRO,1.4.1,lang/java/src/java/org/apache/avro/ipc/SocketTransceiver.java,org/apache/avro/ipc/SocketTransceiver.java,96,11,1,8,442,138346,214,87,19,99,87,9,313,87,28,2305,436,209,36.5455,5.8308,0,No
AVRO,1.4.1,lang/java/src/java/org/apache/avro/ipc/ResponderServlet.java,org/apache/avro/ipc/ResponderServlet.java,48,2,1,2,94,5264,56,56,28,0,0,0,56,56,28,820,496,410,56,6.748,0,No
AVRO,1.4.1,lang/java/src/java/org/apache/avro/ipc/Requestor.java,org/apache/avro/ipc/Requestor.java,212,22,2,19,503,337513,461,105,20,210,105,9,671,107,30,2856,435,129,26.5455,4.9591,0,Yes
AVRO,1.4.1,lang/java/src/java/org/apache/avro/ipc/NettyServer.java,org/apache/avro/ipc/NettyServer.java,133,3,1,3,18,3582,175,148,58,24,23,8,199,148,66,581,552,193,33.3333,4.0508,0,No
AVRO,1.4.1,lang/java/src/java/org/apache/avro/ipc/SocketServer.java,org/apache/avro/ipc/SocketServer.java,110,13,1,10,526,247746,301,118,23,170,118,13,471,118,36,2646,436,203,37,5.8331,0,Yes
AVRO,1.4.1,lang/java/src/java/org/apache/avro/ipc/ByteBufferInputStream.java,org/apache/avro/ipc/ByteBufferInputStream.java,78,8,1,5,277,72297,174,69,21,87,69,10,261,69,32,1294,511,161,27.125,5.1563,0,No
AVRO,1.4.1,lang/java/src/java/org/apache/avro/ipc/stats/StatsServer.java,org/apache/avro/ipc/stats/StatsServer.java,48,1,1,1,0,0,54,54,54,0,0,0,54,54,54,575,575,575,90,8.1522,0,No
AVRO,1.4.1,lang/java/src/java/org/apache/avro/ipc/stats/StaticServlet.java,org/apache/avro/ipc/stats/StaticServlet.java,41,2,1,2,25,1150,46,28,23,0,0,0,46,28,23,667,575,333,62,6.8171,0,No
AVRO,1.4.1,lang/java/src/java/org/apache/avro/ipc/stats/FloatHistogram.java,org/apache/avro/ipc/stats/FloatHistogram.java,49,2,1,2,3,162,54,54,27,0,0,0,54,54,27,869,436,434,60.5,5.6605,0,No
AVRO,1.4.1,lang/java/src/java/org/apache/avro/ipc/stats/Stopwatch.java,org/apache/avro/ipc/stats/Stopwatch.java,66,2,1,2,3,222,74,74,37,0,0,0,74,74,37,869,436,434,60.5,5.6605,0,No
AVRO,1.4.1,lang/java/src/java/org/apache/avro/ipc/stats/StatsPlugin.java,org/apache/avro/ipc/stats/StatsPlugin.java,199,5,2,5,201,102108,367,121,73,141,117,28,508,129,101,1448,515,289,46.2,4.9621,0,No
AVRO,1.4.1,lang/java/src/java/org/apache/avro/ipc/stats/StatsServlet.java,org/apache/avro/ipc/stats/StatsServlet.java,231,5,2,5,201,172458,562,209,112,296,206,59,858,254,171,1448,515,289,46.2,4.9621,0,No
AVRO,1.4.1,lang/java/src/java/org/apache/avro/ipc/stats/IntegerHistogram.java,org/apache/avro/ipc/stats/IntegerHistogram.java,50,1,1,1,0,0,55,55,55,0,0,0,55,55,55,546,546,546,87,8.0702,0,No
AVRO,1.4.1,lang/java/src/java/org/apache/avro/ipc/stats/Histogram.java,org/apache/avro/ipc/stats/Histogram.java,234,3,2,3,167,46259,272,205,90,5,5,1,277,205,92,1371,502,457,68.6667,6.1069,0,No
AVRO,1.4.1,lang/java/src/java/org/apache/avro/ipc/Responder.java,org/apache/avro/ipc/Responder.java,199,24,1,21,503,363166,480,124,20,242,124,10,722,124,30,2906,435,121,25.125,4.7619,0,No
AVRO,1.4.1,lang/java/src/java/org/apache/avro/AvroRuntimeException.java,org/apache/avro/AvroRuntimeException.java,26,7,1,4,277,21329,53,24,7,24,24,3,77,24,11,1526,458,218,33.7143,5.8091,0,No
AVRO,1.4.1,lang/java/src/java/org/apache/avro/tool/JsonToBinaryFragmentTool.java,org/apache/avro/tool/JsonToBinaryFragmentTool.java,71,3,1,2,222,17316,78,77,26,0,0,0,78,77,26,1422,560,474,71,6.6171,0,No
AVRO,1.4.1,lang/java/src/java/org/apache/avro/tool/Util.java,org/apache/avro/tool/Util.java,112,5,1,4,169,22139,125,54,25,6,6,1,131,60,26,1498,452,299,50.4,5.7836,0,No
AVRO,1.4.1,lang/java/src/java/org/apache/avro/tool/IdlTool.java,org/apache/avro/tool/IdlTool.java,68,5,1,5,230,24150,92,78,18,13,7,2,105,78,21,1536,493,307,50.6,5.3497,0,No
AVRO,1.4.1,lang/java/src/java/org/apache/avro/tool/FromTextTool.java,org/apache/avro/tool/FromTextTool.java,83,1,1,1,0,0,99,99,99,0,0,0,99,99,99,545,545,545,87,8.0666,0,No
AVRO,1.4.1,lang/java/src/java/org/apache/avro/tool/RpcSendTool.java,org/apache/avro/tool/RpcSendTool.java,111,3,1,3,34,5066,136,98,45,13,13,4,149,98,49,1222,452,407,63.3333,6.0617,0,No
AVRO,1.4.1,lang/java/src/java/org/apache/avro/tool/ToTextTool.java,org/apache/avro/tool/ToTextTool.java,74,1,1,1,0,0,88,88,88,0,0,0,88,88,88,545,545,545,87,8.0666,0,No
AVRO,1.4.1,lang/java/src/java/org/apache/avro/tool/DataFileGetSchemaTool.java,org/apache/avro/tool/DataFileGetSchemaTool.java,48,2,1,1,12,648,54,54,27,0,0,0,54,54,27,862,456,431,60.5,6.2768,0,No
AVRO,1.4.1,lang/java/src/java/org/apache/avro/tool/Tool.java,org/apache/avro/tool/Tool.java,47,6,1,6,77,5005,58,34,9,7,3,1,65,34,10,1161,456,193,30.8333,4.4164,0,No
AVRO,1.4.1,lang/java/src/java/org/apache/avro/tool/DataFileReadTool.java,org/apache/avro/tool/DataFileReadTool.java,71,4,1,2,260,22100,82,79,20,3,2,0,85,79,21,1483,611,370,55.75,5.6536,0,No
AVRO,1.4.1,lang/java/src/java/org/apache/avro/tool/Main.java,org/apache/avro/tool/Main.java,89,13,2,12,233,31455,118,58,9,17,6,1,135,58,10,1850,452,142,26.4615,4.0658,0,Yes
AVRO,1.4.1,lang/java/src/java/org/apache/avro/tool/BinaryFragmentToJsonTool.java,org/apache/avro/tool/BinaryFragmentToJsonTool.java,80,3,1,2,50,4450,87,84,29,2,2,0,89,84,29,1231,456,410,63.6667,6.2674,0,No
AVRO,1.4.1,lang/java/src/java/org/apache/avro/tool/DataFileWriteTool.java,org/apache/avro/tool/DataFileWriteTool.java,87,4,2,2,22,2464,105,82,26,7,5,1,112,82,28,1172,454,293,45.5,5.0711,0,No
AVRO,1.4.1,lang/java/src/java/org/apache/avro/tool/RpcReceiveTool.java,org/apache/avro/tool/RpcReceiveTool.java,159,4,1,4,200,39400,187,140,46,10,10,2,197,140,49,1505,452,376,61.75,6.3097,0,No
AVRO,1.5.0,lang/java/tools/src/main/java/org/apache/avro/tool/JsonToBinaryFragmentTool.java,org/apache/avro/tool/JsonToBinaryFragmentTool.java,74,6,2,5,422,38402,86,77,14,5,3,0,91,77,15,2604,689,434,96.8333,6.2637,0,No
AVRO,1.5.0,lang/java/tools/src/main/java/org/apache/avro/tool/Util.java,org/apache/avro/tool/Util.java,113,7,2,6,422,59924,131,54,18,11,6,1,142,60,20,2652,710,378,87,6.1862,0,No
AVRO,1.5.0,lang/java/tools/src/main/java/org/apache/avro/tool/IdlTool.java,org/apache/avro/tool/IdlTool.java,68,7,2,7,392,41944,93,78,13,14,7,2,107,78,15,2552,591,364,84,5.7196,0,No
AVRO,1.5.0,lang/java/tools/src/main/java/org/apache/avro/tool/FromTextTool.java,org/apache/avro/tool/FromTextTool.java,83,2,2,2,180,17820,99,99,49,0,0,0,99,99,49,989,545,494,88.5,7.723,0,No
AVRO,1.5.0,lang/java/tools/src/main/java/org/apache/avro/tool/RpcSendTool.java,org/apache/avro/tool/RpcSendTool.java,105,7,2,7,420,70560,143,98,20,25,13,3,168,98,24,2687,591,383,87.7143,6.0436,0,No
AVRO,1.5.0,lang/java/tools/src/main/java/org/apache/avro/tool/ToTextTool.java,org/apache/avro/tool/ToTextTool.java,74,2,2,2,180,15840,88,88,44,0,0,0,88,88,44,989,545,494,88.5,7.723,0,No
AVRO,1.5.0,lang/java/tools/src/main/java/org/apache/avro/tool/TetherTool.java,org/apache/avro/tool/TetherTool.java,83,2,1,2,17,1615,95,78,47,0,0,0,95,78,47,1164,1045,582,172,6.4598,0,No
AVRO,1.5.0,lang/java/tools/src/main/java/org/apache/avro/tool/DataFileGetSchemaTool.java,org/apache/avro/tool/DataFileGetSchemaTool.java,48,3,2,2,349,18846,54,54,18,0,0,0,54,54,18,1671,809,557,86.3333,6.962,0,No
AVRO,1.5.0,lang/java/tools/src/main/java/org/apache/avro/tool/Tool.java,org/apache/avro/tool/Tool.java,47,8,2,8,457,29705,58,34,7,7,3,0,65,34,8,2556,804,319,71.375,5.1741,0,No
AVRO,1.5.0,lang/java/tools/src/main/java/org/apache/avro/tool/DataFileReadTool.java,org/apache/avro/tool/DataFileReadTool.java,69,7,2,5,421,39995,86,79,12,9,5,1,95,79,13,2572,689,367,82.2857,5.6006,0,No
AVRO,1.5.0,lang/java/tools/src/main/java/org/apache/avro/tool/Main.java,org/apache/avro/tool/Main.java,87,17,3,16,457,64894,120,58,7,22,6,1,142,58,8,3065,500,180,42.6471,4.5271,0,No
AVRO,1.5.0,lang/java/tools/src/main/java/org/apache/avro/tool/BinaryFragmentToJsonTool.java,org/apache/avro/tool/BinaryFragmentToJsonTool.java,80,6,2,5,422,40090,90,84,15,5,2,0,95,84,15,2484,689,414,95.5,6.2382,0,No
AVRO,1.5.0,lang/java/tools/src/main/java/org/apache/avro/tool/DataFileWriteTool.java,org/apache/avro/tool/DataFileWriteTool.java,125,7,3,5,422,72162,154,82,22,17,8,2,171,82,24,2663,710,380,84.8571,5.5549,0,No
AVRO,1.5.0,lang/java/tools/src/main/java/org/apache/avro/tool/SpecificCompilerTool.java,org/apache/avro/tool/SpecificCompilerTool.java,58,2,1,2,4,256,64,47,32,0,0,0,64,47,32,1074,1040,537,158,5.9845,0,No
AVRO,1.5.0,lang/java/tools/src/main/java/org/apache/avro/tool/RecodecTool.java,org/apache/avro/tool/RecodecTool.java,104,2,2,2,23,2645,115,115,57,0,0,0,115,115,57,982,653,491,80.5,6.702,0,No
AVRO,1.5.0,lang/java/tools/src/main/java/org/apache/avro/tool/InduceSchemaTool.java,org/apache/avro/tool/InduceSchemaTool.java,69,8,3,8,433,32908,76,76,9,0,0,0,76,76,9,2356,591,294,71.875,5.1027,0,No
AVRO,1.5.0,lang/java/tools/src/main/java/org/apache/avro/tool/RpcReceiveTool.java,org/apache/avro/tool/RpcReceiveTool.java,162,8,2,8,420,89880,197,140,24,17,10,2,214,140,26,2843,591,355,82.625,6.0921,0,No
AVRO,1.5.0,lang/java/maven-plugin/src/main/java/org/apache/avro/mojo/ProtocolMojo.java,org/apache/avro/mojo/ProtocolMojo.java,58,2,1,2,43,2924,67,66,33,1,1,0,68,66,34,1265,674,632,182.5,7.4889,0,No
AVRO,1.5.0,lang/java/maven-plugin/src/main/java/org/apache/avro/mojo/SchemaMojo.java,org/apache/avro/mojo/SchemaMojo.java,58,2,1,2,43,2924,67,66,33,1,1,0,68,66,34,1265,674,632,182.5,7.4889,0,No
AVRO,1.5.0,lang/java/maven-plugin/src/main/java/org/apache/avro/mojo/AbstractAvroMojo.java,org/apache/avro/mojo/AbstractAvroMojo.java,126,1,1,1,0,0,143,143,143,0,0,0,143,143,143,674,674,674,115,8.4172,0,No
AVRO,1.5.0,lang/java/maven-plugin/src/main/java/org/apache/avro/mojo/IDLProtocolMojo.java,org/apache/avro/mojo/IDLProtocolMojo.java,69,2,1,2,43,3612,81,78,40,3,3,1,84,78,42,1265,674,632,182.5,7.4889,0,No
AVRO,1.5.0,lang/java/mapred/src/main/java/org/apache/avro/mapred/Pair.java,org/apache/avro/mapred/Pair.java,494,4,2,4,161,89516,539,453,134,17,17,4,556,453,139,1072,564,268,51.25,5.7186,0,No
AVRO,1.5.0,lang/java/mapred/src/main/java/org/apache/avro/mapred/FsInput.java,org/apache/avro/mapred/FsInput.java,49,2,2,2,258,15480,60,60,30,0,0,0,60,60,30,975,502,487,89.5,7.7978,0,No
AVRO,1.5.0,lang/java/mapred/src/main/java/org/apache/avro/mapred/HadoopCombiner.java,org/apache/avro/mapred/HadoopCombiner.java,52,2,2,2,147,9114,62,62,31,0,0,0,62,62,31,993,564,496,86.5,7.6171,0,No
AVRO,1.5.0,lang/java/mapred/src/main/java/org/apache/avro/mapred/AvroUtf8InputFormat.java,org/apache/avro/mapred/AvroUtf8InputFormat.java,96,3,2,2,183,21411,117,98,39,0,0,0,117,98,39,1150,543,383,72.3333,6.9763,0,No
AVRO,1.5.0,lang/java/mapred/src/main/java/org/apache/avro/mapred/HadoopMapper.java,org/apache/avro/mapred/HadoopMapper.java,72,2,2,2,147,12201,83,83,41,0,0,0,83,83,41,993,564,496,86.5,7.6171,0,No
AVRO,1.5.0,lang/java/mapred/src/main/java/org/apache/avro/mapred/AvroSerialization.java,org/apache/avro/mapred/AvroSerialization.java,120,7,2,7,330,75900,187,148,26,43,26,6,230,148,32,1977,683,282,75.4286,5.7879,0,No
AVRO,1.5.0,lang/java/mapred/src/main/java/org/apache/avro/mapred/SequenceFileReader.java,org/apache/avro/mapred/SequenceFileReader.java,213,2,2,2,89,21983,247,247,123,0,0,0,247,247,123,980,643,490,83,7.0294,0,No
AVRO,1.5.0,lang/java/mapred/src/main/java/org/apache/avro/mapred/tether/TetherKeySerialization.java,org/apache/avro/mapred/tether/TetherKeySerialization.java,72,4,2,4,255,25500,96,91,24,4,3,1,100,91,25,1743,689,435,115.25,6.5907,0,No
AVRO,1.5.0,lang/java/mapred/src/main/java/org/apache/avro/mapred/tether/TetheredProcess.java,org/apache/avro/mapred/tether/TetheredProcess.java,113,5,2,5,226,31188,135,131,27,3,2,0,138,131,27,1803,591,360,96.6,6.3205,0,No
AVRO,1.5.0,lang/java/mapred/src/main/java/org/apache/avro/mapred/tether/TetherPartitioner.java,org/apache/avro/mapred/tether/TetherPartitioner.java,47,3,2,3,183,10797,59,59,19,0,0,0,59,59,19,992,542,330,60.6667,5.5769,0,No
AVRO,1.5.0,lang/java/mapred/src/main/java/org/apache/avro/mapred/tether/TetherData.java,org/apache/avro/mapred/tether/TetherData.java,34,2,2,2,183,7686,42,42,21,0,0,0,42,42,21,988,542,494,89,7.7411,0,No
AVRO,1.5.0,lang/java/mapred/src/main/java/org/apache/avro/mapred/tether/TetherOutputFormat.java,org/apache/avro/mapred/tether/TetherOutputFormat.java,67,2,2,2,183,14640,80,80,40,0,0,0,80,80,40,988,542,494,89,7.7411,0,No
AVRO,1.5.0,lang/java/mapred/src/main/java/org/apache/avro/mapred/tether/TetherRecordReader.java,org/apache/avro/mapred/tether/TetherRecordReader.java,67,2,2,2,183,15372,84,84,42,0,0,0,84,84,42,988,542,494,89,7.7411,0,No
AVRO,1.5.0,lang/java/mapred/src/main/java/org/apache/avro/mapred/tether/TetherKeyComparator.java,org/apache/avro/mapred/tether/TetherKeyComparator.java,51,3,2,3,245,15925,63,61,21,2,2,0,65,61,21,1615,627,538,145.3333,7.4006,0,No
AVRO,1.5.0,lang/java/mapred/src/main/java/org/apache/avro/mapred/tether/TetherReducer.java,org/apache/avro/mapred/tether/TetherReducer.java,73,2,2,2,183,15006,82,82,41,0,0,0,82,82,41,988,542,494,89,7.7411,0,No
AVRO,1.5.0,lang/java/mapred/src/main/java/org/apache/avro/mapred/tether/TetherMapRunner.java,org/apache/avro/mapred/tether/TetherMapRunner.java,76,2,2,2,183,17019,93,93,46,0,0,0,93,93,46,988,542,494,89,7.7411,0,No
AVRO,1.5.0,lang/java/mapred/src/main/java/org/apache/avro/mapred/tether/TetherOutputService.java,org/apache/avro/mapred/tether/TetherOutputService.java,83,3,2,3,183,20313,106,103,35,5,5,1,111,103,37,1122,542,374,70,7.0061,0,No
AVRO,1.5.0,lang/java/mapred/src/main/java/org/apache/avro/mapred/tether/TetherJob.java,org/apache/avro/mapred/tether/TetherJob.java,77,4,2,4,213,49629,162,154,40,71,69,17,233,154,58,1579,542,394,105.75,6.7718,0,No
AVRO,1.5.0,lang/java/mapred/src/main/java/org/apache/avro/mapred/AvroOutputFormat.java,org/apache/avro/mapred/AvroOutputFormat.java,93,7,2,7,281,40183,128,87,18,15,9,2,143,87,20,1325,502,189,41.2857,5.4876,0,No
AVRO,1.5.0,lang/java/mapred/src/main/java/org/apache/avro/mapred/HadoopReducer.java,org/apache/avro/mapred/HadoopReducer.java,50,2,2,2,147,8820,60,60,30,0,0,0,60,60,30,993,564,496,86.5,7.6171,0,No
AVRO,1.5.0,lang/java/mapred/src/main/java/org/apache/avro/mapred/AvroJob.java,org/apache/avro/mapred/AvroJob.java,156,8,2,8,272,91664,262,104,32,75,58,9,337,112,42,1440,502,180,40.25,5.4624,0,No
AVRO,1.5.0,lang/java/mapred/src/main/java/org/apache/avro/mapred/HadoopReducerBase.java,org/apache/avro/mapred/HadoopReducerBase.java,53,2,2,2,147,9261,63,63,31,0,0,0,63,63,31,993,564,496,86.5,7.6171,0,No
AVRO,1.5.0,lang/java/mapred/src/main/java/org/apache/avro/mapred/AvroWrapper.java,org/apache/avro/mapred/AvroWrapper.java,48,4,2,4,329,20069,59,54,14,2,2,0,61,54,15,1839,665,459,121,7.1612,0,No
AVRO,1.5.0,lang/java/avro/src/main/java/org/apache/avro/UnresolvedUnionException.java,org/apache/avro/UnresolvedUnionException.java,34,1,1,1,0,0,39,39,39,0,0,0,39,39,39,679,679,679,115,8.4266,0,No
AVRO,1.5.0,lang/java/avro/src/main/java/org/apache/avro/specific/SpecificData.java,org/apache/avro/specific/SpecificData.java,184,21,2,21,540,254880,337,164,16,135,43,6,472,189,22,3300,649,157,39.9524,4.824,0,Yes
AVRO,1.5.0,lang/java/avro/src/main/java/org/apache/avro/specific/SpecificRecordBase.java,org/apache/avro/specific/SpecificRecordBase.java,45,8,2,8,561,72930,92,64,11,38,31,4,130,64,16,2233,525,279,48,6.0141,0,No
AVRO,1.5.0,lang/java/avro/src/main/java/org/apache/avro/specific/SpecificDatumReader.java,org/apache/avro/specific/SpecificDatumReader.java,92,22,2,18,615,429885,403,125,18,296,125,13,699,125,31,3164,435,143,28,4.8626,0,No
AVRO,1.5.0,lang/java/avro/src/main/java/org/apache/avro/specific/SpecificExceptionBase.java,org/apache/avro/specific/SpecificExceptionBase.java,36,8,2,8,604,33824,50,40,6,6,3,0,56,40,7,2704,591,338,77,6.216,0,No
AVRO,1.5.0,lang/java/avro/src/main/java/org/apache/avro/util/ByteBufferOutputStream.java,org/apache/avro/util/ByteBufferOutputStream.java,93,10,2,7,658,70406,107,107,10,0,0,0,107,107,10,2831,591,283,64.6,6.0815,0,No
AVRO,1.5.0,lang/java/avro/src/main/java/org/apache/avro/util/WeakIdentityHashMap.java,org/apache/avro/util/WeakIdentityHashMap.java,152,2,2,2,127,21463,169,169,84,0,0,0,169,169,84,1019,592,509,89,7.5174,0,No
AVRO,1.5.0,lang/java/avro/src/main/java/org/apache/avro/util/Utf8.java,org/apache/avro/util/Utf8.java,113,13,2,10,686,242844,243,80,18,111,80,8,354,80,27,3241,689,249,59.6154,6.0227,0,No
AVRO,1.5.0,lang/java/avro/src/main/java/org/apache/avro/util/ByteBufferInputStream.java,org/apache/avro/util/ByteBufferInputStream.java,80,10,2,7,658,58562,89,89,8,0,0,0,89,89,8,2694,809,269,60.5,5.6144,0,Yes
AVRO,1.5.0,lang/java/avro/src/main/java/org/apache/avro/file/DataFileReader.java,org/apache/avro/file/DataFileReader.java,216,21,2,17,697,798762,696,208,33,450,208,21,1146,208,54,3868,621,184,41.5238,5.1925,0,No
AVRO,1.5.0,lang/java/avro/src/main/java/org/apache/avro/file/DataFileReader12.java,org/apache/avro/file/DataFileReader12.java,199,3,2,3,78,17862,228,221,76,1,1,0,229,221,76,1690,710,563,141.6667,6.6811,0,No
AVRO,1.5.0,lang/java/avro/src/main/java/org/apache/avro/file/DataFileWriter.java,org/apache/avro/file/DataFileWriter.java,332,26,4,22,686,822514,787,183,30,412,183,15,1199,183,46,4214,621,162,38.5,4.9456,0,No
AVRO,1.5.0,lang/java/avro/src/main/java/org/apache/avro/file/DataFileConstants.java,org/apache/avro/file/DataFileConstants.java,35,7,3,6,457,24678,47,38,6,7,3,1,54,38,7,2006,551,286,47.7143,4.9936,0,No
AVRO,1.5.0,lang/java/avro/src/main/java/org/apache/avro/file/DeflateCodec.java,org/apache/avro/file/DeflateCodec.java,128,7,3,7,327,106275,235,104,33,90,51,12,325,104,46,1454,464,207,42.1429,5.0195,0,No
AVRO,1.5.0,lang/java/avro/src/main/java/org/apache/avro/file/DataFileStream.java,org/apache/avro/file/DataFileStream.java,324,15,3,14,421,233234,459,177,30,95,22,6,554,177,36,3143,621,209,52.8667,5.0931,0,No
AVRO,1.5.0,lang/java/avro/src/main/java/org/apache/avro/file/NullCodec.java,org/apache/avro/file/NullCodec.java,54,6,3,6,327,37278,89,57,14,25,13,4,114,57,19,1202,496,200,41.1667,4.8409,0,No
AVRO,1.5.0,lang/java/avro/src/main/java/org/apache/avro/file/LengthLimitedInputStream.java,org/apache/avro/file/LengthLimitedInputStream.java,75,2,2,2,327,27795,85,85,42,0,0,0,85,85,42,1015,551,507,89.5,6.3385,0,No
AVRO,1.5.0,lang/java/avro/src/main/java/org/apache/avro/Schema.java,org/apache/avro/Schema.java,1235,52,4,48,686,2337888,2380,451,45,1028,451,19,3408,451,65,4450,625,85,22.8846,3.8419,0,No
AVRO,1.5.0,lang/java/avro/src/main/java/org/apache/avro/Protocol.java,org/apache/avro/Protocol.java,384,24,3,20,615,813030,886,300,36,436,300,18,1322,300,55,3027,435,126,26,4.6721,0,Yes
AVRO,1.5.0,lang/java/avro/src/main/java/org/apache/avro/reflect/ReflectDatumReader.java,org/apache/avro/reflect/ReflectDatumReader.java,124,27,3,24,615,441570,429,92,15,289,92,10,718,92,26,3279,435,121,25.037,4.591,0,No
AVRO,1.5.0,lang/java/avro/src/main/java/org/apache/avro/reflect/ReflectDatumWriter.java,org/apache/avro/reflect/ReflectDatumWriter.java,97,30,2,27,686,317618,287,61,9,176,61,5,463,61,15,3892,654,129,31,4.507,0,No
AVRO,1.5.0,lang/java/avro/src/main/java/org/apache/avro/reflect/ReflectData.java,org/apache/avro/reflect/ReflectData.java,435,38,3,34,658,1169924,1128,194,29,650,194,17,1778,236,46,4125,579,108,28.0263,4.4384,0,Yes
AVRO,1.5.0,lang/java/avro/src/main/java/org/apache/avro/io/ResolvingDecoder.java,org/apache/avro/io/ResolvingDecoder.java,250,18,3,18,610,381250,446,223,24,179,91,9,625,223,34,3078,710,171,41.2222,4.5832,0,No
AVRO,1.5.0,lang/java/avro/src/main/java/org/apache/avro/io/BinaryDecoder.java,org/apache/avro/io/BinaryDecoder.java,889,11,3,11,612,902088,1223,820,111,251,147,22,1474,967,134,2787,622,253,61.4545,5.4314,0,No
AVRO,1.5.0,lang/java/avro/src/main/java/org/apache/avro/io/BinaryData.java,org/apache/avro/io/BinaryData.java,406,11,3,11,543,369240,554,190,50,126,88,11,680,190,61,2719,627,247,61.3636,5.5101,0,No
AVRO,1.5.0,lang/java/avro/src/main/java/org/apache/avro/io/BufferedBinaryEncoder.java,org/apache/avro/io/BufferedBinaryEncoder.java,186,2,2,2,0,0,206,205,103,1,1,0,207,205,103,1119,1053,559,159.5,6.2147,0,No
AVRO,1.5.0,lang/java/avro/src/main/java/org/apache/avro/io/Decoder.java,org/apache/avro/io/Decoder.java,249,11,2,11,615,210945,310,279,28,33,15,3,343,279,31,2705,689,245,58,5.5606,0,No
AVRO,1.5.0,lang/java/avro/src/main/java/org/apache/avro/io/ValidatingEncoder.java,org/apache/avro/io/ValidatingEncoder.java,187,13,3,13,613,293014,348,225,26,130,104,10,478,225,36,2910,689,223,52,4.959,0,No
AVRO,1.5.0,lang/java/avro/src/main/java/org/apache/avro/io/DecoderFactory.java,org/apache/avro/io/DecoderFactory.java,294,5,2,5,374,191488,414,232,82,98,93,19,512,270,102,1748,689,349,94,6.077,0,No
AVRO,1.5.0,lang/java/avro/src/main/java/org/apache/avro/io/ParsingEncoder.java,org/apache/avro/io/ParsingEncoder.java,60,5,2,4,511,35770,70,52,14,0,0,0,70,52,14,1767,809,353,57.6,6.2356,0,No
AVRO,1.5.0,lang/java/avro/src/main/java/org/apache/avro/io/EncoderFactory.java,org/apache/avro/io/EncoderFactory.java,318,3,2,3,4,1480,353,334,117,17,13,5,370,334,123,1138,1053,379,109.6667,5.4493,0,No
AVRO,1.5.0,lang/java/avro/src/main/java/org/apache/avro/io/JsonDecoder.java,org/apache/avro/io/JsonDecoder.java,422,14,3,13,586,359218,539,397,38,74,26,5,613,397,43,3014,710,215,49.0714,4.829,0,No
AVRO,1.5.0,lang/java/avro/src/main/java/org/apache/avro/io/DirectBinaryEncoder.java,org/apache/avro/io/DirectBinaryEncoder.java,119,1,1,1,0,0,133,133,133,0,0,0,133,133,133,1053,1053,1053,301,8.4852,0,No
AVRO,1.5.0,lang/java/avro/src/main/java/org/apache/avro/io/BinaryEncoder.java,org/apache/avro/io/BinaryEncoder.java,104,9,3,9,611,334828,336,266,37,212,189,23,548,266,60,2805,591,311,72.4444,5.8168,0,No
AVRO,1.5.0,lang/java/avro/src/main/java/org/apache/avro/io/BlockingBinaryEncoder.java,org/apache/avro/io/BlockingBinaryEncoder.java,491,11,3,11,630,573300,736,622,66,174,145,15,910,622,82,3002,689,272,61.5455,5.7361,0,No
AVRO,1.5.0,lang/java/avro/src/main/java/org/apache/avro/io/ParsingDecoder.java,org/apache/avro/io/ParsingDecoder.java,68,5,2,5,583,46057,78,74,15,1,1,0,79,74,15,2390,809,478,107.4,6.5753,0,No
AVRO,1.5.0,lang/java/avro/src/main/java/org/apache/avro/io/parsing/Parser.java,org/apache/avro/io/parsing/Parser.java,175,10,3,10,511,197246,289,144,28,97,39,9,386,144,38,1888,801,188,32.8,4.3448,0,No
AVRO,1.5.0,lang/java/avro/src/main/java/org/apache/avro/io/parsing/SkipParser.java,org/apache/avro/io/parsing/SkipParser.java,87,9,3,9,511,61320,108,94,12,12,4,1,120,94,13,1783,801,198,34.3333,4.218,0,No
AVRO,1.5.0,lang/java/avro/src/main/java/org/apache/avro/io/parsing/ValidatingGrammarGenerator.java,org/apache/avro/io/parsing/ValidatingGrammarGenerator.java,125,10,3,10,582,94866,150,138,15,13,4,1,163,138,16,2512,662,251,60.7,5.0688,0,No
AVRO,1.5.0,lang/java/avro/src/main/java/org/apache/avro/io/parsing/Symbol.java,org/apache/avro/io/parsing/Symbol.java,481,14,3,14,511,332150,600,382,42,50,17,3,650,382,46,1973,525,140,26.9286,4.2676,0,No
AVRO,1.5.0,lang/java/avro/src/main/java/org/apache/avro/io/parsing/JsonGrammarGenerator.java,org/apache/avro/io/parsing/JsonGrammarGenerator.java,93,9,3,9,511,66430,115,102,12,15,4,1,130,102,14,1918,511,213,39,4.9822,0,No
AVRO,1.5.0,lang/java/avro/src/main/java/org/apache/avro/io/parsing/ResolvingGrammarGenerator.java,org/apache/avro/io/parsing/ResolvingGrammarGenerator.java,446,20,3,20,582,350946,540,337,27,63,20,3,603,337,30,3110,662,155,39.55,4.4706,0,No
AVRO,1.5.0,lang/java/avro/src/main/java/org/apache/avro/io/ValidatingDecoder.java,org/apache/avro/io/ValidatingDecoder.java,217,13,3,13,613,422970,469,358,36,221,204,17,690,358,53,2813,710,216,49.9231,4.6428,0,No
AVRO,1.5.0,lang/java/avro/src/main/java/org/apache/avro/io/Encoder.java,org/apache/avro/io/Encoder.java,260,9,2,9,615,198030,304,269,33,18,6,2,322,269,35,3004,689,333,71.3333,5.9068,0,No
AVRO,1.5.0,lang/java/avro/src/main/java/org/apache/avro/io/DirectBinaryDecoder.java,org/apache/avro/io/DirectBinaryDecoder.java,179,5,2,5,371,81620,212,203,42,8,4,1,220,203,44,1953,591,390,100.4,6.4246,0,No
AVRO,1.5.0,lang/java/avro/src/main/java/org/apache/avro/io/JsonEncoder.java,org/apache/avro/io/JsonEncoder.java,263,14,3,14,583,216293,333,239,23,38,13,2,371,239,26,2901,689,207,48.2857,4.73,0,No
AVRO,1.5.0,lang/java/avro/src/main/java/org/apache/avro/AvroRemoteException.java,org/apache/avro/AvroRemoteException.java,33,8,2,5,658,26978,41,41,5,0,0,0,41,41,5,2675,809,334,74.25,6.3059,0,Yes
AVRO,1.5.0,lang/java/avro/src/main/java/org/apache/avro/generic/GenericContainer.java,org/apache/avro/generic/GenericContainer.java,24,3,2,3,469,12663,27,27,9,0,0,0,27,27,9,1622,809,540,85,7.333,0,No
AVRO,1.5.0,lang/java/avro/src/main/java/org/apache/avro/generic/GenericFixed.java,org/apache/avro/generic/GenericFixed.java,23,5,2,5,643,18004,26,24,5,2,1,0,28,24,5,2401,809,480,108.8,6.8414,0,No
AVRO,1.5.0,lang/java/avro/src/main/java/org/apache/avro/generic/GenericData.java,org/apache/avro/generic/GenericData.java,608,39,4,35,686,1018024,1072,250,27,412,250,10,1484,250,38,4331,611,111,29.1282,4.4021,0,No
AVRO,1.5.0,lang/java/avro/src/main/java/org/apache/avro/generic/GenericDatumReader.java,org/apache/avro/generic/GenericDatumReader.java,358,43,4,38,697,1616343,1359,265,31,960,265,22,2319,265,53,4363,618,101,26.6279,4.2136,0,Yes
AVRO,1.5.0,lang/java/avro/src/main/java/org/apache/avro/generic/GenericEnumSymbol.java,org/apache/avro/generic/GenericEnumSymbol.java,23,3,2,3,198,5148,25,24,8,1,1,0,26,24,8,1680,662,560,147.3333,7.2844,0,No
AVRO,1.5.0,lang/java/avro/src/main/java/org/apache/avro/generic/GenericDatumWriter.java,org/apache/avro/generic/GenericDatumWriter.java,181,26,3,22,697,644725,566,164,21,359,164,13,925,164,35,4005,662,154,37.4231,4.9779,0,No
AVRO,1.5.0,lang/java/avro/src/main/java/org/apache/avro/AvroRuntimeException.java,org/apache/avro/AvroRuntimeException.java,26,8,2,5,615,47355,53,24,6,24,24,3,77,24,9,2335,809,291,46.75,6.1245,0,No
AVRO,1.5.0,lang/java/ipc/src/main/java/org/apache/avro/ipc/specific/SpecificResponder.java,org/apache/avro/ipc/specific/SpecificResponder.java,86,19,3,16,682,206646,201,64,10,102,46,5,303,67,15,3604,463,189,44.5789,5.3652,0,Yes
AVRO,1.5.0,lang/java/ipc/src/main/java/org/apache/avro/ipc/specific/SpecificRequestor.java,org/apache/avro/ipc/specific/SpecificRequestor.java,102,20,3,17,658,79618,121,121,6,0,0,0,121,121,6,3634,591,181,42.45,4.9946,0,Yes
AVRO,1.5.0,lang/java/ipc/src/main/java/org/apache/avro/ipc/RPCContext.java,org/apache/avro/ipc/RPCContext.java,186,10,2,10,584,189800,270,149,27,55,18,5,325,149,32,3132,715,313,71,6.1505,0,No
AVRO,1.5.0,lang/java/ipc/src/main/java/org/apache/avro/ipc/trace/TracePlugin.java,org/apache/avro/ipc/trace/TracePlugin.java,333,8,3,8,176,77968,409,322,51,34,20,4,443,322,55,1758,591,219,63,5.1678,0,No
AVRO,1.5.0,lang/java/ipc/src/main/java/org/apache/avro/ipc/trace/StaticServlet.java,org/apache/avro/ipc/trace/StaticServlet.java,44,2,2,2,114,5700,50,50,25,0,0,0,50,50,25,1033,612,516,89,7.4152,0,No
AVRO,1.5.0,lang/java/ipc/src/main/java/org/apache/avro/ipc/trace/Util.java,org/apache/avro/ipc/trace/Util.java,200,5,2,5,132,33000,236,169,47,14,13,2,250,169,50,1147,590,229,48.6,5.6964,0,No
AVRO,1.5.0,lang/java/ipc/src/main/java/org/apache/avro/ipc/trace/FileSpanStorage.java,org/apache/avro/ipc/trace/FileSpanStorage.java,316,2,2,2,124,44516,359,359,179,0,0,0,359,359,179,1020,594,510,89,7.4928,0,No
AVRO,1.5.0,lang/java/ipc/src/main/java/org/apache/avro/ipc/trace/SpanAggregator.java,org/apache/avro/ipc/trace/SpanAggregator.java,162,4,3,4,132,24816,184,155,46,4,2,1,188,155,47,1125,590,281,57,6.212,0,No
AVRO,1.5.0,lang/java/ipc/src/main/java/org/apache/avro/ipc/trace/TraceNode.java,org/apache/avro/ipc/trace/TraceNode.java,123,3,2,3,132,20196,146,94,48,7,7,2,153,94,51,1097,590,365,69.6667,6.6929,0,No
AVRO,1.5.0,lang/java/ipc/src/main/java/org/apache/avro/ipc/trace/TracePluginConfiguration.java,org/apache/avro/ipc/trace/TracePluginConfiguration.java,70,5,2,5,132,10692,78,45,15,3,2,0,81,45,16,1154,590,230,48.6,5.7065,0,No
AVRO,1.5.0,lang/java/ipc/src/main/java/org/apache/avro/ipc/trace/Trace.java,org/apache/avro/ipc/trace/Trace.java,222,4,3,4,132,33396,248,245,62,5,3,1,253,245,63,1104,590,276,54.25,6.0093,0,No
AVRO,1.5.0,lang/java/ipc/src/main/java/org/apache/avro/ipc/trace/TraceClientServlet.java,org/apache/avro/ipc/trace/TraceClientServlet.java,232,4,2,4,176,49984,269,198,67,15,12,3,284,210,71,1688,591,422,114.75,6.6598,0,No
AVRO,1.5.0,lang/java/ipc/src/main/java/org/apache/avro/ipc/trace/TraceCollection.java,org/apache/avro/ipc/trace/TraceCollection.java,271,3,2,3,114,40584,331,281,110,25,25,8,356,281,118,1073,612,357,68,6.6004,0,No
AVRO,1.5.0,lang/java/ipc/src/main/java/org/apache/avro/ipc/trace/InMemorySpanStorage.java,org/apache/avro/ipc/trace/InMemorySpanStorage.java,69,3,2,3,132,10560,79,68,26,1,1,0,80,68,26,1064,590,354,66.3333,6.357,0,No
AVRO,1.5.0,lang/java/ipc/src/main/java/org/apache/avro/ipc/reflect/ReflectResponder.java,org/apache/avro/ipc/reflect/ReflectResponder.java,52,21,2,18,682,45694,65,63,3,2,2,0,67,63,3,3685,591,175,40.7619,5.0567,0,No
AVRO,1.5.0,lang/java/ipc/src/main/java/org/apache/avro/ipc/reflect/ReflectRequestor.java,org/apache/avro/ipc/reflect/ReflectRequestor.java,69,16,2,13,658,53298,81,81,5,0,0,0,81,81,5,3407,618,212,46.125,5.1432,0,No
AVRO,1.5.0,lang/java/ipc/src/main/java/org/apache/avro/ipc/HttpServer.java,org/apache/avro/ipc/HttpServer.java,94,6,3,6,511,93002,146,76,24,36,26,6,182,76,30,2451,653,408,93.3333,6.3963,0,No
AVRO,1.5.0,lang/java/ipc/src/main/java/org/apache/avro/ipc/DatagramServer.java,org/apache/avro/ipc/DatagramServer.java,64,5,2,5,448,37632,82,79,16,2,1,0,84,79,16,1880,498,376,65.6,6.7876,0,No
AVRO,1.5.0,lang/java/ipc/src/main/java/org/apache/avro/ipc/HttpTransceiver.java,org/apache/avro/ipc/HttpTransceiver.java,98,9,2,9,441,71442,137,116,15,25,14,2,162,116,18,2051,496,227,40.6667,5.3021,0,No
AVRO,1.5.0,lang/java/ipc/src/main/java/org/apache/avro/ipc/SaslSocketServer.java,org/apache/avro/ipc/SaslSocketServer.java,90,2,2,2,89,9078,102,102,51,0,0,0,102,102,51,974,638,487,82.5,7.0515,0,No
AVRO,1.5.0,lang/java/ipc/src/main/java/org/apache/avro/ipc/DatagramTransceiver.java,org/apache/avro/ipc/DatagramTransceiver.java,73,4,2,4,448,38976,86,84,21,1,1,0,87,84,21,1666,519,416,71,6.8587,0,No
AVRO,1.5.0,lang/java/ipc/src/main/java/org/apache/avro/ipc/NettyTransportCodec.java,org/apache/avro/ipc/NettyTransportCodec.java,153,3,2,2,167,30561,183,165,61,0,0,0,183,165,61,1134,552,378,72.3333,6.931,0,No
AVRO,1.5.0,lang/java/ipc/src/main/java/org/apache/avro/ipc/LocalTransceiver.java,org/apache/avro/ipc/LocalTransceiver.java,45,3,2,2,344,17888,52,52,17,0,0,0,52,52,17,1667,809,555,85.6667,6.737,0,No
AVRO,1.5.0,lang/java/ipc/src/main/java/org/apache/avro/ipc/SaslSocketTransceiver.java,org/apache/avro/ipc/SaslSocketTransceiver.java,342,3,2,3,132,51480,390,389,130,0,0,0,390,389,130,1565,638,521,138.3333,6.8879,0,No
AVRO,1.5.0,lang/java/ipc/src/main/java/org/apache/avro/ipc/Transceiver.java,org/apache/avro/ipc/Transceiver.java,59,9,2,6,615,98400,116,40,12,44,40,4,160,40,17,2393,465,265,44.2222,6.1142,0,No
AVRO,1.5.0,lang/java/ipc/src/main/java/org/apache/avro/ipc/NettyTransceiver.java,org/apache/avro/ipc/NettyTransceiver.java,231,4,2,4,238,65212,272,264,68,2,2,0,274,264,68,1678,653,419,113.25,6.5367,0,No
AVRO,1.5.0,lang/java/ipc/src/main/java/org/apache/avro/ipc/SocketTransceiver.java,org/apache/avro/ipc/SocketTransceiver.java,101,14,2,11,615,199260,222,87,15,102,87,7,324,87,23,2930,436,209,37.3571,5.4978,0,No
AVRO,1.5.0,lang/java/ipc/src/main/java/org/apache/avro/ipc/generic/GenericResponder.java,org/apache/avro/ipc/generic/GenericResponder.java,58,12,2,9,682,53196,74,59,6,4,4,0,78,59,6,3128,591,260,58.5833,5.859,0,No
AVRO,1.5.0,lang/java/ipc/src/main/java/org/apache/avro/ipc/generic/GenericRequestor.java,org/apache/avro/ipc/generic/GenericRequestor.java,66,15,2,12,658,50008,76,76,5,0,0,0,76,76,5,3391,591,226,51,5.6404,0,Yes
AVRO,1.5.0,lang/java/ipc/src/main/java/org/apache/avro/ipc/ResponderServlet.java,org/apache/avro/ipc/ResponderServlet.java,48,3,2,3,432,24192,56,56,18,0,0,0,56,56,18,1629,809,543,83.3333,7.2762,0,No
AVRO,1.5.0,lang/java/ipc/src/main/java/org/apache/avro/ipc/Requestor.java,org/apache/avro/ipc/Requestor.java,242,31,3,28,697,517174,514,105,16,228,105,7,742,107,23,4164,481,134,33.4194,4.7724,0,Yes
AVRO,1.5.0,lang/java/ipc/src/main/java/org/apache/avro/ipc/NettyServer.java,org/apache/avro/ipc/NettyServer.java,136,5,2,5,189,39123,181,148,36,26,23,5,207,148,41,1054,552,210,40.8,4.6946,0,No
AVRO,1.5.0,lang/java/ipc/src/main/java/org/apache/avro/ipc/SocketServer.java,org/apache/avro/ipc/SocketServer.java,123,17,2,14,658,326368,320,118,18,176,118,10,496,118,29,3651,591,214,48.3529,5.4881,0,Yes
AVRO,1.5.0,lang/java/ipc/src/main/java/org/apache/avro/ipc/stats/StatsServer.java,org/apache/avro/ipc/stats/StatsServer.java,48,2,2,2,140,7560,54,54,27,0,0,0,54,54,27,1002,575,501,87.5,7.5563,0,No
AVRO,1.5.0,lang/java/ipc/src/main/java/org/apache/avro/ipc/stats/StaticServlet.java,org/apache/avro/ipc/stats/StaticServlet.java,41,3,2,3,140,6440,46,28,15,0,0,0,46,28,15,1088,575,362,69,6.7325,0,No
AVRO,1.5.0,lang/java/ipc/src/main/java/org/apache/avro/ipc/stats/FloatHistogram.java,org/apache/avro/ipc/stats/FloatHistogram.java,49,3,2,3,341,18414,54,54,18,0,0,0,54,54,18,1678,809,559,86.3333,6.5512,0,No
AVRO,1.5.0,lang/java/ipc/src/main/java/org/apache/avro/ipc/stats/Stopwatch.java,org/apache/avro/ipc/stats/Stopwatch.java,66,3,2,3,341,25234,74,74,24,0,0,0,74,74,24,1678,809,559,86.3333,6.5512,0,No
AVRO,1.5.0,lang/java/ipc/src/main/java/org/apache/avro/ipc/stats/StatsPlugin.java,org/apache/avro/ipc/stats/StatsPlugin.java,199,6,3,6,341,173228,367,121,61,141,117,23,508,129,84,1875,515,312,52.6667,5.2952,0,No
AVRO,1.5.0,lang/java/ipc/src/main/java/org/apache/avro/ipc/stats/StatsServlet.java,org/apache/avro/ipc/stats/StatsServlet.java,234,6,3,6,341,293942,566,209,94,296,206,49,862,254,143,1875,515,312,52.6667,5.2952,0,No
AVRO,1.5.0,lang/java/ipc/src/main/java/org/apache/avro/ipc/stats/IntegerHistogram.java,org/apache/avro/ipc/stats/IntegerHistogram.java,50,2,2,2,174,9570,55,55,27,0,0,0,55,55,27,990,546,495,88.5,7.7126,0,No
AVRO,1.5.0,lang/java/ipc/src/main/java/org/apache/avro/ipc/stats/Histogram.java,org/apache/avro/ipc/stats/Histogram.java,234,4,3,4,341,94457,272,205,68,5,5,1,277,205,69,1815,502,453,74,6.4189,0,No
AVRO,1.5.0,lang/java/ipc/src/main/java/org/apache/avro/ipc/Responder.java,org/apache/avro/ipc/Responder.java,222,33,2,30,697,544357,520,124,15,261,124,7,781,124,23,4229,471,128,32.4242,4.7789,0,No
AVRO,1.5.0,lang/java/ipc/src/main/java/org/apache/avro/ipc/Ipc.java,org/apache/avro/ipc/Ipc.java,47,2,2,2,6,318,53,53,26,0,0,0,53,53,26,981,656,490,79,6.4575,0,No
AVRO,1.5.0,lang/java/compiler/src/main/java/org/apache/avro/compiler/specific/ProtocolTask.java,org/apache/avro/compiler/specific/ProtocolTask.java,69,9,2,6,658,53298,81,81,9,0,0,0,81,81,9,2674,809,297,66.5556,6.0695,0,No
AVRO,1.5.0,lang/java/compiler/src/main/java/org/apache/avro/compiler/specific/SpecificCompiler.java,org/apache/avro/compiler/specific/SpecificCompiler.java,392,43,4,39,658,283598,431,431,10,0,0,0,431,431,10,4241,591,98,25.6279,4.1774,0,No
AVRO,1.5.1,lang/java/tools/src/main/java/org/apache/avro/tool/JsonToBinaryFragmentTool.java,org/apache/avro/tool/JsonToBinaryFragmentTool.java,74,6,2,5,422,38402,86,77,14,5,3,0,91,77,15,2604,689,434,96.8333,6.2637,0,No
AVRO,1.5.1,lang/java/tools/src/main/java/org/apache/avro/tool/Util.java,org/apache/avro/tool/Util.java,113,7,2,6,422,59924,131,54,18,11,6,1,142,60,20,2652,710,378,87,6.1862,0,No
AVRO,1.5.1,lang/java/tools/src/main/java/org/apache/avro/tool/IdlTool.java,org/apache/avro/tool/IdlTool.java,68,7,2,7,392,41944,93,78,13,14,7,2,107,78,15,2552,591,364,84,5.7196,0,No
AVRO,1.5.1,lang/java/tools/src/main/java/org/apache/avro/tool/FromTextTool.java,org/apache/avro/tool/FromTextTool.java,83,4,2,3,321,69657,158,99,39,59,45,14,217,99,54,1924,810,481,130.75,7.2499,0,No
AVRO,1.5.1,lang/java/tools/src/main/java/org/apache/avro/tool/RpcSendTool.java,org/apache/avro/tool/RpcSendTool.java,105,7,2,7,420,70560,143,98,20,25,13,3,168,98,24,2687,591,383,87.7143,6.0436,0,No
AVRO,1.5.1,lang/java/tools/src/main/java/org/apache/avro/tool/ToTextTool.java,org/apache/avro/tool/ToTextTool.java,74,4,2,3,321,32100,94,88,23,6,3,1,100,88,25,1924,810,481,130.75,7.2499,0,No
AVRO,1.5.1,lang/java/tools/src/main/java/org/apache/avro/tool/TetherTool.java,org/apache/avro/tool/TetherTool.java,83,2,1,2,17,1615,95,78,47,0,0,0,95,78,47,1164,1045,582,172,6.4598,0,No
AVRO,1.5.1,lang/java/tools/src/main/java/org/apache/avro/tool/DataFileGetSchemaTool.java,org/apache/avro/tool/DataFileGetSchemaTool.java,48,3,2,2,349,18846,54,54,18,0,0,0,54,54,18,1671,809,557,86.3333,6.962,0,No
AVRO,1.5.1,lang/java/tools/src/main/java/org/apache/avro/tool/Tool.java,org/apache/avro/tool/Tool.java,47,8,2,8,457,29705,58,34,7,7,3,0,65,34,8,2556,804,319,71.375,5.1741,0,No
AVRO,1.5.1,lang/java/tools/src/main/java/org/apache/avro/tool/DataFileReadTool.java,org/apache/avro/tool/DataFileReadTool.java,69,7,2,5,421,39995,86,79,12,9,5,1,95,79,13,2572,689,367,82.2857,5.6006,0,No
AVRO,1.5.1,lang/java/tools/src/main/java/org/apache/avro/tool/Main.java,org/apache/avro/tool/Main.java,87,17,3,16,457,64894,120,58,7,22,6,1,142,58,8,3065,500,180,42.6471,4.5271,0,No
AVRO,1.5.1,lang/java/tools/src/main/java/org/apache/avro/tool/BinaryFragmentToJsonTool.java,org/apache/avro/tool/BinaryFragmentToJsonTool.java,80,6,2,5,422,40090,90,84,15,5,2,0,95,84,15,2484,689,414,95.5,6.2382,0,No
AVRO,1.5.1,lang/java/tools/src/main/java/org/apache/avro/tool/DataFileWriteTool.java,org/apache/avro/tool/DataFileWriteTool.java,125,7,3,5,422,72162,154,82,22,17,8,2,171,82,24,2663,710,380,84.8571,5.5549,0,No
AVRO,1.5.1,lang/java/tools/src/main/java/org/apache/avro/tool/SpecificCompilerTool.java,org/apache/avro/tool/SpecificCompilerTool.java,58,2,1,2,4,256,64,47,32,0,0,0,64,47,32,1074,1040,537,158,5.9845,0,No
AVRO,1.5.1,lang/java/tools/src/main/java/org/apache/avro/tool/RecodecTool.java,org/apache/avro/tool/RecodecTool.java,104,2,2,2,23,2645,115,115,57,0,0,0,115,115,57,982,653,491,80.5,6.702,0,No
AVRO,1.5.1,lang/java/tools/src/main/java/org/apache/avro/tool/InduceSchemaTool.java,org/apache/avro/tool/InduceSchemaTool.java,69,8,3,8,433,32908,76,76,9,0,0,0,76,76,9,2356,591,294,71.875,5.1027,0,No
AVRO,1.5.1,lang/java/tools/src/main/java/org/apache/avro/tool/RpcReceiveTool.java,org/apache/avro/tool/RpcReceiveTool.java,162,8,2,8,420,89880,197,140,24,17,10,2,214,140,26,2843,591,355,82.625,6.0921,0,No
AVRO,1.5.1,lang/java/maven-plugin/src/main/java/org/apache/avro/mojo/ProtocolMojo.java,org/apache/avro/mojo/ProtocolMojo.java,58,4,2,3,141,10152,69,66,17,3,1,0,72,66,18,1697,674,424,127.25,6.9816,0,No
AVRO,1.5.1,lang/java/maven-plugin/src/main/java/org/apache/avro/mojo/SchemaMojo.java,org/apache/avro/mojo/SchemaMojo.java,58,4,2,3,141,10152,69,66,17,3,1,0,72,66,18,1697,674,424,127.25,6.9816,0,No
AVRO,1.5.1,lang/java/maven-plugin/src/main/java/org/apache/avro/mojo/AbstractAvroMojo.java,org/apache/avro/mojo/AbstractAvroMojo.java,126,1,1,1,0,0,143,143,143,0,0,0,143,143,143,674,674,674,115,8.4172,0,No
AVRO,1.5.1,lang/java/maven-plugin/src/main/java/org/apache/avro/mojo/IDLProtocolMojo.java,org/apache/avro/mojo/IDLProtocolMojo.java,69,4,2,3,141,12408,83,78,20,5,3,1,88,78,22,1697,674,424,127.25,6.9816,0,No
AVRO,1.5.1,lang/java/mapred/src/main/java/org/apache/avro/mapred/Pair.java,org/apache/avro/mapred/Pair.java,494,4,2,4,161,89516,539,453,134,17,17,4,556,453,139,1072,564,268,51.25,5.7186,0,No
AVRO,1.5.1,lang/java/mapred/src/main/java/org/apache/avro/mapred/FsInput.java,org/apache/avro/mapred/FsInput.java,49,2,2,2,258,15480,60,60,30,0,0,0,60,60,30,975,502,487,89.5,7.7978,0,No
AVRO,1.5.1,lang/java/mapred/src/main/java/org/apache/avro/mapred/HadoopCombiner.java,org/apache/avro/mapred/HadoopCombiner.java,52,2,2,2,147,9114,62,62,31,0,0,0,62,62,31,993,564,496,86.5,7.6171,0,No
AVRO,1.5.1,lang/java/mapred/src/main/java/org/apache/avro/mapred/AvroUtf8InputFormat.java,org/apache/avro/mapred/AvroUtf8InputFormat.java,96,3,2,2,183,21411,117,98,39,0,0,0,117,98,39,1150,543,383,72.3333,6.9763,0,No
AVRO,1.5.1,lang/java/mapred/src/main/java/org/apache/avro/mapred/HadoopMapper.java,org/apache/avro/mapred/HadoopMapper.java,72,4,2,3,288,29664,93,83,23,10,8,2,103,83,25,1928,810,482,129.75,7.1969,0,No
AVRO,1.5.1,lang/java/mapred/src/main/java/org/apache/avro/mapred/AvroSerialization.java,org/apache/avro/mapred/AvroSerialization.java,120,7,2,7,330,75900,187,148,26,43,26,6,230,148,32,1977,683,282,75.4286,5.7879,0,No
AVRO,1.5.1,lang/java/mapred/src/main/java/org/apache/avro/mapred/SequenceFileReader.java,org/apache/avro/mapred/SequenceFileReader.java,213,2,2,2,89,21983,247,247,123,0,0,0,247,247,123,980,643,490,83,7.0294,0,No
AVRO,1.5.1,lang/java/mapred/src/main/java/org/apache/avro/mapred/tether/TetherKeySerialization.java,org/apache/avro/mapred/tether/TetherKeySerialization.java,72,4,2,4,255,25500,96,91,24,4,3,1,100,91,25,1743,689,435,115.25,6.5907,0,No
AVRO,1.5.1,lang/java/mapred/src/main/java/org/apache/avro/mapred/tether/TetheredProcess.java,org/apache/avro/mapred/tether/TetheredProcess.java,113,5,2,5,226,31188,135,131,27,3,2,0,138,131,27,1803,591,360,96.6,6.3205,0,No
AVRO,1.5.1,lang/java/mapred/src/main/java/org/apache/avro/mapred/tether/TetherPartitioner.java,org/apache/avro/mapred/tether/TetherPartitioner.java,47,3,2,3,183,10797,59,59,19,0,0,0,59,59,19,992,542,330,60.6667,5.5769,0,No
AVRO,1.5.1,lang/java/mapred/src/main/java/org/apache/avro/mapred/tether/TetherData.java,org/apache/avro/mapred/tether/TetherData.java,34,2,2,2,183,7686,42,42,21,0,0,0,42,42,21,988,542,494,89,7.7411,0,No
AVRO,1.5.1,lang/java/mapred/src/main/java/org/apache/avro/mapred/tether/TetherOutputFormat.java,org/apache/avro/mapred/tether/TetherOutputFormat.java,67,2,2,2,183,14640,80,80,40,0,0,0,80,80,40,988,542,494,89,7.7411,0,No
AVRO,1.5.1,lang/java/mapred/src/main/java/org/apache/avro/mapred/tether/TetherRecordReader.java,org/apache/avro/mapred/tether/TetherRecordReader.java,67,2,2,2,183,15372,84,84,42,0,0,0,84,84,42,988,542,494,89,7.7411,0,No
AVRO,1.5.1,lang/java/mapred/src/main/java/org/apache/avro/mapred/tether/TetherKeyComparator.java,org/apache/avro/mapred/tether/TetherKeyComparator.java,51,3,2,3,245,15925,63,61,21,2,2,0,65,61,21,1615,627,538,145.3333,7.4006,0,No
AVRO,1.5.1,lang/java/mapred/src/main/java/org/apache/avro/mapred/tether/TetherReducer.java,org/apache/avro/mapred/tether/TetherReducer.java,73,2,2,2,183,15006,82,82,41,0,0,0,82,82,41,988,542,494,89,7.7411,0,No
AVRO,1.5.1,lang/java/mapred/src/main/java/org/apache/avro/mapred/tether/TetherMapRunner.java,org/apache/avro/mapred/tether/TetherMapRunner.java,76,2,2,2,183,17019,93,93,46,0,0,0,93,93,46,988,542,494,89,7.7411,0,No
AVRO,1.5.1,lang/java/mapred/src/main/java/org/apache/avro/mapred/tether/TetherOutputService.java,org/apache/avro/mapred/tether/TetherOutputService.java,83,3,2,3,183,20313,106,103,35,5,5,1,111,103,37,1122,542,374,70,7.0061,0,No
AVRO,1.5.1,lang/java/mapred/src/main/java/org/apache/avro/mapred/tether/TetherJob.java,org/apache/avro/mapred/tether/TetherJob.java,77,4,2,4,213,49629,162,154,40,71,69,17,233,154,58,1579,542,394,105.75,6.7718,0,No
AVRO,1.5.1,lang/java/mapred/src/main/java/org/apache/avro/mapred/AvroOutputFormat.java,org/apache/avro/mapred/AvroOutputFormat.java,93,9,2,8,399,62643,135,87,15,22,9,2,157,87,17,2230,790,247,70.1111,5.7539,0,No
AVRO,1.5.1,lang/java/mapred/src/main/java/org/apache/avro/mapred/HadoopReducer.java,org/apache/avro/mapred/HadoopReducer.java,50,2,2,2,147,8820,60,60,30,0,0,0,60,60,30,993,564,496,86.5,7.6171,0,No
AVRO,1.5.1,lang/java/mapred/src/main/java/org/apache/avro/mapred/AvroJob.java,org/apache/avro/mapred/AvroJob.java,156,10,2,9,399,140049,269,104,26,82,58,8,351,112,35,2351,796,235,66.5,5.7104,0,No
AVRO,1.5.1,lang/java/mapred/src/main/java/org/apache/avro/mapred/HadoopReducerBase.java,org/apache/avro/mapred/HadoopReducerBase.java,53,4,2,3,288,21024,68,63,17,5,5,1,73,63,18,1928,810,482,129.75,7.1969,0,No
AVRO,1.5.1,lang/java/mapred/src/main/java/org/apache/avro/mapred/AvroWrapper.java,org/apache/avro/mapred/AvroWrapper.java,48,4,2,4,329,20069,59,54,14,2,2,0,61,54,15,1839,665,459,121,7.1612,0,No
AVRO,1.5.1,lang/java/avro/src/main/java/org/apache/avro/UnresolvedUnionException.java,org/apache/avro/UnresolvedUnionException.java,34,1,1,1,0,0,39,39,39,0,0,0,39,39,39,679,679,679,115,8.4266,0,No
AVRO,1.5.1,lang/java/avro/src/main/java/org/apache/avro/specific/SpecificData.java,org/apache/avro/specific/SpecificData.java,184,23,2,22,611,293280,341,164,14,139,43,6,480,189,20,3416,649,148,38.1304,4.7034,0,Yes
AVRO,1.5.1,lang/java/avro/src/main/java/org/apache/avro/specific/SpecificRecordBase.java,org/apache/avro/specific/SpecificRecordBase.java,45,8,2,8,561,72930,92,64,11,38,31,4,130,64,16,2233,525,279,48,6.0141,0,No
AVRO,1.5.1,lang/java/avro/src/main/java/org/apache/avro/specific/SpecificDatumReader.java,org/apache/avro/specific/SpecificDatumReader.java,92,22,2,18,615,429885,403,125,18,296,125,13,699,125,31,3164,435,143,28,4.8626,0,No
AVRO,1.5.1,lang/java/avro/src/main/java/org/apache/avro/specific/SpecificExceptionBase.java,org/apache/avro/specific/SpecificExceptionBase.java,36,8,2,8,604,33824,50,40,6,6,3,0,56,40,7,2704,591,338,77,6.216,0,No
AVRO,1.5.1,lang/java/avro/src/main/java/org/apache/avro/util/ByteBufferOutputStream.java,org/apache/avro/util/ByteBufferOutputStream.java,93,10,2,7,658,70406,107,107,10,0,0,0,107,107,10,2831,591,283,64.6,6.0815,0,No
AVRO,1.5.1,lang/java/avro/src/main/java/org/apache/avro/util/WeakIdentityHashMap.java,org/apache/avro/util/WeakIdentityHashMap.java,152,2,2,2,127,21463,169,169,84,0,0,0,169,169,84,1019,592,509,89,7.5174,0,No
AVRO,1.5.1,lang/java/avro/src/main/java/org/apache/avro/util/Utf8.java,org/apache/avro/util/Utf8.java,113,13,2,10,686,242844,243,80,18,111,80,8,354,80,27,3241,689,249,59.6154,6.0227,0,No
AVRO,1.5.1,lang/java/avro/src/main/java/org/apache/avro/util/ByteBufferInputStream.java,org/apache/avro/util/ByteBufferInputStream.java,80,10,2,7,658,58562,89,89,8,0,0,0,89,89,8,2694,809,269,60.5,5.6144,0,Yes
AVRO,1.5.1,lang/java/avro/src/main/java/org/apache/avro/file/DataFileReader.java,org/apache/avro/file/DataFileReader.java,216,21,2,17,697,798762,696,208,33,450,208,21,1146,208,54,3868,621,184,41.5238,5.1925,0,No
AVRO,1.5.1,lang/java/avro/src/main/java/org/apache/avro/file/DataFileReader12.java,org/apache/avro/file/DataFileReader12.java,199,3,2,3,78,17862,228,221,76,1,1,0,229,221,76,1690,710,563,141.6667,6.6811,0,No
AVRO,1.5.1,lang/java/avro/src/main/java/org/apache/avro/file/DataFileWriter.java,org/apache/avro/file/DataFileWriter.java,332,26,4,22,686,822514,787,183,30,412,183,15,1199,183,46,4214,621,162,38.5,4.9456,0,No
AVRO,1.5.1,lang/java/avro/src/main/java/org/apache/avro/file/DataFileConstants.java,org/apache/avro/file/DataFileConstants.java,35,9,3,7,575,32200,48,38,5,8,3,0,56,38,6,2911,790,323,75.1111,5.3697,0,No
AVRO,1.5.1,lang/java/avro/src/main/java/org/apache/avro/file/DeflateCodec.java,org/apache/avro/file/DeflateCodec.java,128,7,3,7,327,106275,235,104,33,90,51,12,325,104,46,1454,464,207,42.1429,5.0195,0,No
AVRO,1.5.1,lang/java/avro/src/main/java/org/apache/avro/file/DataFileStream.java,org/apache/avro/file/DataFileStream.java,324,15,3,14,421,233234,459,177,30,95,22,6,554,177,36,3143,621,209,52.8667,5.0931,0,No
AVRO,1.5.1,lang/java/avro/src/main/java/org/apache/avro/file/NullCodec.java,org/apache/avro/file/NullCodec.java,54,6,3,6,327,37278,89,57,14,25,13,4,114,57,19,1202,496,200,41.1667,4.8409,0,No
AVRO,1.5.1,lang/java/avro/src/main/java/org/apache/avro/file/LengthLimitedInputStream.java,org/apache/avro/file/LengthLimitedInputStream.java,75,2,2,2,327,27795,85,85,42,0,0,0,85,85,42,1015,551,507,89.5,6.3385,0,No
AVRO,1.5.1,lang/java/avro/src/main/java/org/apache/avro/Schema.java,org/apache/avro/Schema.java,1235,54,4,49,756,2585520,2386,451,44,1034,451,19,3420,451,63,4734,625,87,24.0185,3.9229,0,No
AVRO,1.5.1,lang/java/avro/src/main/java/org/apache/avro/Protocol.java,org/apache/avro/Protocol.java,384,24,3,20,615,813030,886,300,36,436,300,18,1322,300,55,3027,435,126,26,4.6721,0,Yes
AVRO,1.5.1,lang/java/avro/src/main/java/org/apache/avro/reflect/ReflectDatumReader.java,org/apache/avro/reflect/ReflectDatumReader.java,124,27,3,24,615,441570,429,92,15,289,92,10,718,92,26,3279,435,121,25.037,4.591,0,No
AVRO,1.5.1,lang/java/avro/src/main/java/org/apache/avro/reflect/ReflectDatumWriter.java,org/apache/avro/reflect/ReflectDatumWriter.java,97,32,2,28,756,353052,289,61,9,178,61,5,467,61,14,4060,654,126,30.9375,4.5085,0,No
AVRO,1.5.1,lang/java/avro/src/main/java/org/apache/avro/reflect/ReflectData.java,org/apache/avro/reflect/ReflectData.java,435,41,3,36,756,1354752,1135,194,27,657,194,16,1792,236,43,4369,579,106,28,4.4286,0,Yes
AVRO,1.5.1,lang/java/avro/src/main/java/org/apache/avro/io/ResolvingDecoder.java,org/apache/avro/io/ResolvingDecoder.java,250,18,3,18,610,381250,446,223,24,179,91,9,625,223,34,3078,710,171,41.2222,4.5832,0,No
AVRO,1.5.1,lang/java/avro/src/main/java/org/apache/avro/io/BinaryDecoder.java,org/apache/avro/io/BinaryDecoder.java,889,11,3,11,612,902088,1223,820,111,251,147,22,1474,967,134,2787,622,253,61.4545,5.4314,0,No
AVRO,1.5.1,lang/java/avro/src/main/java/org/apache/avro/io/BinaryData.java,org/apache/avro/io/BinaryData.java,406,11,3,11,543,369240,554,190,50,126,88,11,680,190,61,2719,627,247,61.3636,5.5101,0,No
AVRO,1.5.1,lang/java/avro/src/main/java/org/apache/avro/io/BufferedBinaryEncoder.java,org/apache/avro/io/BufferedBinaryEncoder.java,186,2,2,2,0,0,206,205,103,1,1,0,207,205,103,1119,1053,559,159.5,6.2147,0,No
AVRO,1.5.1,lang/java/avro/src/main/java/org/apache/avro/io/Decoder.java,org/apache/avro/io/Decoder.java,249,11,2,11,615,210945,310,279,28,33,15,3,343,279,31,2705,689,245,58,5.5606,0,No
AVRO,1.5.1,lang/java/avro/src/main/java/org/apache/avro/io/ValidatingEncoder.java,org/apache/avro/io/ValidatingEncoder.java,187,13,3,13,613,293014,348,225,26,130,104,10,478,225,36,2910,689,223,52,4.959,0,No
AVRO,1.5.1,lang/java/avro/src/main/java/org/apache/avro/io/DecoderFactory.java,org/apache/avro/io/DecoderFactory.java,294,5,2,5,374,191488,414,232,82,98,93,19,512,270,102,1748,689,349,94,6.077,0,No
AVRO,1.5.1,lang/java/avro/src/main/java/org/apache/avro/io/ParsingEncoder.java,org/apache/avro/io/ParsingEncoder.java,60,5,2,4,511,35770,70,52,14,0,0,0,70,52,14,1767,809,353,57.6,6.2356,0,No
AVRO,1.5.1,lang/java/avro/src/main/java/org/apache/avro/io/EncoderFactory.java,org/apache/avro/io/EncoderFactory.java,318,3,2,3,4,1480,353,334,117,17,13,5,370,334,123,1138,1053,379,109.6667,5.4493,0,No
AVRO,1.5.1,lang/java/avro/src/main/java/org/apache/avro/io/JsonDecoder.java,org/apache/avro/io/JsonDecoder.java,422,14,3,13,586,359218,539,397,38,74,26,5,613,397,43,3014,710,215,49.0714,4.829,0,No
AVRO,1.5.1,lang/java/avro/src/main/java/org/apache/avro/io/DirectBinaryEncoder.java,org/apache/avro/io/DirectBinaryEncoder.java,119,1,1,1,0,0,133,133,133,0,0,0,133,133,133,1053,1053,1053,301,8.4852,0,No
AVRO,1.5.1,lang/java/avro/src/main/java/org/apache/avro/io/BinaryEncoder.java,org/apache/avro/io/BinaryEncoder.java,104,9,3,9,611,334828,336,266,37,212,189,23,548,266,60,2805,591,311,72.4444,5.8168,0,No
AVRO,1.5.1,lang/java/avro/src/main/java/org/apache/avro/io/BlockingBinaryEncoder.java,org/apache/avro/io/BlockingBinaryEncoder.java,491,11,3,11,630,573300,736,622,66,174,145,15,910,622,82,3002,689,272,61.5455,5.7361,0,No
AVRO,1.5.1,lang/java/avro/src/main/java/org/apache/avro/io/ParsingDecoder.java,org/apache/avro/io/ParsingDecoder.java,68,5,2,5,583,46057,78,74,15,1,1,0,79,74,15,2390,809,478,107.4,6.5753,0,No
AVRO,1.5.1,lang/java/avro/src/main/java/org/apache/avro/io/parsing/Parser.java,org/apache/avro/io/parsing/Parser.java,175,10,3,10,511,197246,289,144,28,97,39,9,386,144,38,1888,801,188,32.8,4.3448,0,No
AVRO,1.5.1,lang/java/avro/src/main/java/org/apache/avro/io/parsing/SkipParser.java,org/apache/avro/io/parsing/SkipParser.java,87,9,3,9,511,61320,108,94,12,12,4,1,120,94,13,1783,801,198,34.3333,4.218,0,No
AVRO,1.5.1,lang/java/avro/src/main/java/org/apache/avro/io/parsing/ValidatingGrammarGenerator.java,org/apache/avro/io/parsing/ValidatingGrammarGenerator.java,125,10,3,10,582,94866,150,138,15,13,4,1,163,138,16,2512,662,251,60.7,5.0688,0,No
AVRO,1.5.1,lang/java/avro/src/main/java/org/apache/avro/io/parsing/Symbol.java,org/apache/avro/io/parsing/Symbol.java,481,16,3,15,652,425104,601,382,37,51,17,3,652,382,40,2921,815,182,45.4375,4.5872,0,No
AVRO,1.5.1,lang/java/avro/src/main/java/org/apache/avro/io/parsing/JsonGrammarGenerator.java,org/apache/avro/io/parsing/JsonGrammarGenerator.java,93,9,3,9,511,66430,115,102,12,15,4,1,130,102,14,1918,511,213,39,4.9822,0,No
AVRO,1.5.1,lang/java/avro/src/main/java/org/apache/avro/io/parsing/ResolvingGrammarGenerator.java,org/apache/avro/io/parsing/ResolvingGrammarGenerator.java,446,20,3,20,582,350946,540,337,27,63,20,3,603,337,30,3110,662,155,39.55,4.4706,0,No
AVRO,1.5.1,lang/java/avro/src/main/java/org/apache/avro/io/ValidatingDecoder.java,org/apache/avro/io/ValidatingDecoder.java,217,13,3,13,613,422970,469,358,36,221,204,17,690,358,53,2813,710,216,49.9231,4.6428,0,No
AVRO,1.5.1,lang/java/avro/src/main/java/org/apache/avro/io/Encoder.java,org/apache/avro/io/Encoder.java,260,9,2,9,615,198030,304,269,33,18,6,2,322,269,35,3004,689,333,71.3333,5.9068,0,No
AVRO,1.5.1,lang/java/avro/src/main/java/org/apache/avro/io/DirectBinaryDecoder.java,org/apache/avro/io/DirectBinaryDecoder.java,179,5,2,5,371,81620,212,203,42,8,4,1,220,203,44,1953,591,390,100.4,6.4246,0,No
AVRO,1.5.1,lang/java/avro/src/main/java/org/apache/avro/io/JsonEncoder.java,org/apache/avro/io/JsonEncoder.java,263,14,3,14,583,216293,333,239,23,38,13,2,371,239,26,2901,689,207,48.2857,4.73,0,No
AVRO,1.5.1,lang/java/avro/src/main/java/org/apache/avro/AvroRemoteException.java,org/apache/avro/AvroRemoteException.java,33,8,2,5,658,26978,41,41,5,0,0,0,41,41,5,2675,809,334,74.25,6.3059,0,Yes
AVRO,1.5.1,lang/java/avro/src/main/java/org/apache/avro/generic/GenericContainer.java,org/apache/avro/generic/GenericContainer.java,24,3,2,3,469,12663,27,27,9,0,0,0,27,27,9,1622,809,540,85,7.333,0,No
AVRO,1.5.1,lang/java/avro/src/main/java/org/apache/avro/generic/GenericFixed.java,org/apache/avro/generic/GenericFixed.java,23,5,2,5,643,18004,26,24,5,2,1,0,28,24,5,2401,809,480,108.8,6.8414,0,No
AVRO,1.5.1,lang/java/avro/src/main/java/org/apache/avro/generic/GenericData.java,org/apache/avro/generic/GenericData.java,608,41,4,36,756,1150632,1091,250,26,431,250,10,1522,250,37,4447,611,108,28.6341,4.3549,0,No
AVRO,1.5.1,lang/java/avro/src/main/java/org/apache/avro/generic/GenericDatumReader.java,org/apache/avro/generic/GenericDatumReader.java,358,45,4,39,756,1756188,1361,265,30,962,265,21,2323,265,51,4620,618,102,27.7778,4.2938,0,No
AVRO,1.5.1,lang/java/avro/src/main/java/org/apache/avro/generic/GenericEnumSymbol.java,org/apache/avro/generic/GenericEnumSymbol.java,23,3,2,3,198,5148,25,24,8,1,1,0,26,24,8,1680,662,560,147.3333,7.2844,0,No
AVRO,1.5.1,lang/java/avro/src/main/java/org/apache/avro/generic/GenericDatumWriter.java,org/apache/avro/generic/GenericDatumWriter.java,181,26,3,22,697,644725,566,164,21,359,164,13,925,164,35,4005,662,154,37.4231,4.9779,0,No
AVRO,1.5.1,lang/java/avro/src/main/java/org/apache/avro/AvroRuntimeException.java,org/apache/avro/AvroRuntimeException.java,26,8,2,5,615,47355,53,24,6,24,24,3,77,24,9,2335,809,291,46.75,6.1245,0,No
AVRO,1.5.1,lang/java/ipc/src/main/java/org/apache/avro/ipc/specific/SpecificResponder.java,org/apache/avro/ipc/specific/SpecificResponder.java,86,19,3,16,682,206646,201,64,10,102,46,5,303,67,15,3604,463,189,44.5789,5.3652,0,Yes
AVRO,1.5.1,lang/java/ipc/src/main/java/org/apache/avro/ipc/specific/SpecificRequestor.java,org/apache/avro/ipc/specific/SpecificRequestor.java,102,20,3,17,658,79618,121,121,6,0,0,0,121,121,6,3634,591,181,42.45,4.9946,0,Yes
AVRO,1.5.1,lang/java/ipc/src/main/java/org/apache/avro/ipc/RPCContext.java,org/apache/avro/ipc/RPCContext.java,186,10,2,10,584,189800,270,149,27,55,18,5,325,149,32,3132,715,313,71,6.1505,0,No
AVRO,1.5.1,lang/java/ipc/src/main/java/org/apache/avro/ipc/trace/TracePlugin.java,org/apache/avro/ipc/trace/TracePlugin.java,333,8,3,8,176,77968,409,322,51,34,20,4,443,322,55,1758,591,219,63,5.1678,0,No
AVRO,1.5.1,lang/java/ipc/src/main/java/org/apache/avro/ipc/trace/StaticServlet.java,org/apache/avro/ipc/trace/StaticServlet.java,44,2,2,2,114,5700,50,50,25,0,0,0,50,50,25,1033,612,516,89,7.4152,0,No
AVRO,1.5.1,lang/java/ipc/src/main/java/org/apache/avro/ipc/trace/Util.java,org/apache/avro/ipc/trace/Util.java,200,5,2,5,132,33000,236,169,47,14,13,2,250,169,50,1147,590,229,48.6,5.6964,0,No
AVRO,1.5.1,lang/java/ipc/src/main/java/org/apache/avro/ipc/trace/FileSpanStorage.java,org/apache/avro/ipc/trace/FileSpanStorage.java,316,2,2,2,124,44516,359,359,179,0,0,0,359,359,179,1020,594,510,89,7.4928,0,No
AVRO,1.5.1,lang/java/ipc/src/main/java/org/apache/avro/ipc/trace/SpanAggregator.java,org/apache/avro/ipc/trace/SpanAggregator.java,162,4,3,4,132,24816,184,155,46,4,2,1,188,155,47,1125,590,281,57,6.212,0,No
AVRO,1.5.1,lang/java/ipc/src/main/java/org/apache/avro/ipc/trace/TraceNode.java,org/apache/avro/ipc/trace/TraceNode.java,123,3,2,3,132,20196,146,94,48,7,7,2,153,94,51,1097,590,365,69.6667,6.6929,0,No
AVRO,1.5.1,lang/java/ipc/src/main/java/org/apache/avro/ipc/trace/TracePluginConfiguration.java,org/apache/avro/ipc/trace/TracePluginConfiguration.java,70,5,2,5,132,10692,78,45,15,3,2,0,81,45,16,1154,590,230,48.6,5.7065,0,No
AVRO,1.5.1,lang/java/ipc/src/main/java/org/apache/avro/ipc/trace/Trace.java,org/apache/avro/ipc/trace/Trace.java,222,4,3,4,132,33396,248,245,62,5,3,1,253,245,63,1104,590,276,54.25,6.0093,0,No
AVRO,1.5.1,lang/java/ipc/src/main/java/org/apache/avro/ipc/trace/TraceClientServlet.java,org/apache/avro/ipc/trace/TraceClientServlet.java,232,4,2,4,176,49984,269,198,67,15,12,3,284,210,71,1688,591,422,114.75,6.6598,0,No
AVRO,1.5.1,lang/java/ipc/src/main/java/org/apache/avro/ipc/trace/TraceCollection.java,org/apache/avro/ipc/trace/TraceCollection.java,271,3,2,3,114,40584,331,281,110,25,25,8,356,281,118,1073,612,357,68,6.6004,0,No
AVRO,1.5.1,lang/java/ipc/src/main/java/org/apache/avro/ipc/trace/InMemorySpanStorage.java,org/apache/avro/ipc/trace/InMemorySpanStorage.java,69,3,2,3,132,10560,79,68,26,1,1,0,80,68,26,1064,590,354,66.3333,6.357,0,No
AVRO,1.5.1,lang/java/ipc/src/main/java/org/apache/avro/ipc/reflect/ReflectResponder.java,org/apache/avro/ipc/reflect/ReflectResponder.java,52,21,2,18,682,45694,65,63,3,2,2,0,67,63,3,3685,591,175,40.7619,5.0567,0,No
AVRO,1.5.1,lang/java/ipc/src/main/java/org/apache/avro/ipc/reflect/ReflectRequestor.java,org/apache/avro/ipc/reflect/ReflectRequestor.java,69,16,2,13,658,53298,81,81,5,0,0,0,81,81,5,3407,618,212,46.125,5.1432,0,No
AVRO,1.5.1,lang/java/ipc/src/main/java/org/apache/avro/ipc/HttpServer.java,org/apache/avro/ipc/HttpServer.java,94,6,3,6,511,93002,146,76,24,36,26,6,182,76,30,2451,653,408,93.3333,6.3963,0,No
AVRO,1.5.1,lang/java/ipc/src/main/java/org/apache/avro/ipc/DatagramServer.java,org/apache/avro/ipc/DatagramServer.java,64,5,2,5,448,37632,82,79,16,2,1,0,84,79,16,1880,498,376,65.6,6.7876,0,No
AVRO,1.5.1,lang/java/ipc/src/main/java/org/apache/avro/ipc/HttpTransceiver.java,org/apache/avro/ipc/HttpTransceiver.java,98,9,2,9,441,71442,137,116,15,25,14,2,162,116,18,2051,496,227,40.6667,5.3021,0,No
AVRO,1.5.1,lang/java/ipc/src/main/java/org/apache/avro/ipc/SaslSocketServer.java,org/apache/avro/ipc/SaslSocketServer.java,90,2,2,2,89,9078,102,102,51,0,0,0,102,102,51,974,638,487,82.5,7.0515,0,No
AVRO,1.5.1,lang/java/ipc/src/main/java/org/apache/avro/ipc/DatagramTransceiver.java,org/apache/avro/ipc/DatagramTransceiver.java,73,4,2,4,448,38976,86,84,21,1,1,0,87,84,21,1666,519,416,71,6.8587,0,No
AVRO,1.5.1,lang/java/ipc/src/main/java/org/apache/avro/ipc/NettyTransportCodec.java,org/apache/avro/ipc/NettyTransportCodec.java,153,3,2,2,167,30561,183,165,61,0,0,0,183,165,61,1134,552,378,72.3333,6.931,0,No
AVRO,1.5.1,lang/java/ipc/src/main/java/org/apache/avro/ipc/LocalTransceiver.java,org/apache/avro/ipc/LocalTransceiver.java,45,3,2,2,344,17888,52,52,17,0,0,0,52,52,17,1667,809,555,85.6667,6.737,0,No
AVRO,1.5.1,lang/java/ipc/src/main/java/org/apache/avro/ipc/SaslSocketTransceiver.java,org/apache/avro/ipc/SaslSocketTransceiver.java,342,5,2,4,230,98440,409,389,81,19,16,3,428,389,85,1977,638,395,110.6,6.6991,0,No
AVRO,1.5.1,lang/java/ipc/src/main/java/org/apache/avro/ipc/Transceiver.java,org/apache/avro/ipc/Transceiver.java,59,9,2,6,615,98400,116,40,12,44,40,4,160,40,17,2393,465,265,44.2222,6.1142,0,Yes
AVRO,1.5.1,lang/java/ipc/src/main/java/org/apache/avro/ipc/NettyTransceiver.java,org/apache/avro/ipc/NettyTransceiver.java,231,4,2,4,238,65212,272,264,68,2,2,0,274,264,68,1678,653,419,113.25,6.5367,0,Yes
AVRO,1.5.1,lang/java/ipc/src/main/java/org/apache/avro/ipc/SocketTransceiver.java,org/apache/avro/ipc/SocketTransceiver.java,101,14,2,11,615,199260,222,87,15,102,87,7,324,87,23,2930,436,209,37.3571,5.4978,0,No
AVRO,1.5.1,lang/java/ipc/src/main/java/org/apache/avro/ipc/generic/GenericResponder.java,org/apache/avro/ipc/generic/GenericResponder.java,58,12,2,9,682,53196,74,59,6,4,4,0,78,59,6,3128,591,260,58.5833,5.859,0,No
AVRO,1.5.1,lang/java/ipc/src/main/java/org/apache/avro/ipc/generic/GenericRequestor.java,org/apache/avro/ipc/generic/GenericRequestor.java,66,15,2,12,658,50008,76,76,5,0,0,0,76,76,5,3391,591,226,51,5.6404,0,Yes
AVRO,1.5.1,lang/java/ipc/src/main/java/org/apache/avro/ipc/ResponderServlet.java,org/apache/avro/ipc/ResponderServlet.java,48,3,2,3,432,24192,56,56,18,0,0,0,56,56,18,1629,809,543,83.3333,7.2762,0,No
AVRO,1.5.1,lang/java/ipc/src/main/java/org/apache/avro/ipc/Requestor.java,org/apache/avro/ipc/Requestor.java,242,31,3,28,697,517174,514,105,16,228,105,7,742,107,23,4164,481,134,33.4194,4.7724,0,Yes
AVRO,1.5.1,lang/java/ipc/src/main/java/org/apache/avro/ipc/NettyServer.java,org/apache/avro/ipc/NettyServer.java,136,5,2,5,189,39123,181,148,36,26,23,5,207,148,41,1054,552,210,40.8,4.6946,0,Yes
AVRO,1.5.1,lang/java/ipc/src/main/java/org/apache/avro/ipc/SocketServer.java,org/apache/avro/ipc/SocketServer.java,123,17,2,14,658,326368,320,118,18,176,118,10,496,118,29,3651,591,214,48.3529,5.4881,0,Yes
AVRO,1.5.1,lang/java/ipc/src/main/java/org/apache/avro/ipc/stats/StatsServer.java,org/apache/avro/ipc/stats/StatsServer.java,48,2,2,2,140,7560,54,54,27,0,0,0,54,54,27,1002,575,501,87.5,7.5563,0,No
AVRO,1.5.1,lang/java/ipc/src/main/java/org/apache/avro/ipc/stats/StaticServlet.java,org/apache/avro/ipc/stats/StaticServlet.java,41,3,2,3,140,6440,46,28,15,0,0,0,46,28,15,1088,575,362,69,6.7325,0,No
AVRO,1.5.1,lang/java/ipc/src/main/java/org/apache/avro/ipc/stats/FloatHistogram.java,org/apache/avro/ipc/stats/FloatHistogram.java,49,3,2,3,341,18414,54,54,18,0,0,0,54,54,18,1678,809,559,86.3333,6.5512,0,No
AVRO,1.5.1,lang/java/ipc/src/main/java/org/apache/avro/ipc/stats/Stopwatch.java,org/apache/avro/ipc/stats/Stopwatch.java,66,3,2,3,341,25234,74,74,24,0,0,0,74,74,24,1678,809,559,86.3333,6.5512,0,No
AVRO,1.5.1,lang/java/ipc/src/main/java/org/apache/avro/ipc/stats/StatsPlugin.java,org/apache/avro/ipc/stats/StatsPlugin.java,199,6,3,6,341,173228,367,121,61,141,117,23,508,129,84,1875,515,312,52.6667,5.2952,0,No
AVRO,1.5.1,lang/java/ipc/src/main/java/org/apache/avro/ipc/stats/StatsServlet.java,org/apache/avro/ipc/stats/StatsServlet.java,234,6,3,6,341,293942,566,209,94,296,206,49,862,254,143,1875,515,312,52.6667,5.2952,0,No
AVRO,1.5.1,lang/java/ipc/src/main/java/org/apache/avro/ipc/stats/IntegerHistogram.java,org/apache/avro/ipc/stats/IntegerHistogram.java,50,2,2,2,174,9570,55,55,27,0,0,0,55,55,27,990,546,495,88.5,7.7126,0,No
AVRO,1.5.1,lang/java/ipc/src/main/java/org/apache/avro/ipc/stats/Histogram.java,org/apache/avro/ipc/stats/Histogram.java,234,4,3,4,341,94457,272,205,68,5,5,1,277,205,69,1815,502,453,74,6.4189,0,No
AVRO,1.5.1,lang/java/ipc/src/main/java/org/apache/avro/ipc/Responder.java,org/apache/avro/ipc/Responder.java,222,33,2,30,697,544357,520,124,15,261,124,7,781,124,23,4229,471,128,32.4242,4.7789,0,Yes
AVRO,1.5.1,lang/java/ipc/src/main/java/org/apache/avro/ipc/Ipc.java,org/apache/avro/ipc/Ipc.java,47,2,2,2,6,318,53,53,26,0,0,0,53,53,26,981,656,490,79,6.4575,0,No
AVRO,1.5.1,lang/java/compiler/src/main/java/org/apache/avro/compiler/specific/ProtocolTask.java,org/apache/avro/compiler/specific/ProtocolTask.java,69,9,2,6,658,53298,81,81,9,0,0,0,81,81,9,2674,809,297,66.5556,6.0695,0,No
AVRO,1.5.1,lang/java/compiler/src/main/java/org/apache/avro/compiler/specific/SpecificCompiler.java,org/apache/avro/compiler/specific/SpecificCompiler.java,392,43,4,39,658,283598,431,431,10,0,0,0,431,431,10,4241,591,98,25.6279,4.1774,0,No
AVRO,1.5.2,lang/java/tools/src/main/java/org/apache/avro/tool/JsonToBinaryFragmentTool.java,org/apache/avro/tool/JsonToBinaryFragmentTool.java,74,6,2,5,422,38402,86,77,14,5,3,0,91,77,15,2604,689,434,96.8333,6.2637,0,No
AVRO,1.5.2,lang/java/tools/src/main/java/org/apache/avro/tool/Util.java,org/apache/avro/tool/Util.java,113,7,2,6,422,59924,131,54,18,11,6,1,142,60,20,2652,710,378,87,6.1862,0,No
AVRO,1.5.2,lang/java/tools/src/main/java/org/apache/avro/tool/IdlTool.java,org/apache/avro/tool/IdlTool.java,68,7,2,7,392,41944,93,78,13,14,7,2,107,78,15,2552,591,364,84,5.7196,0,No
AVRO,1.5.2,lang/java/tools/src/main/java/org/apache/avro/tool/FromTextTool.java,org/apache/avro/tool/FromTextTool.java,113,3,2,3,306,48348,144,99,48,14,14,4,158,99,52,1799,810,599,157,7.6666,0,No
AVRO,1.5.2,lang/java/tools/src/main/java/org/apache/avro/tool/RpcSendTool.java,org/apache/avro/tool/RpcSendTool.java,105,7,2,7,420,70560,143,98,20,25,13,3,168,98,24,2687,591,383,87.7143,6.0436,0,No
AVRO,1.5.2,lang/java/tools/src/main/java/org/apache/avro/tool/ToTextTool.java,org/apache/avro/tool/ToTextTool.java,74,3,2,3,306,28764,91,88,30,3,3,1,94,88,31,1799,810,599,157,7.6666,0,No
AVRO,1.5.2,lang/java/tools/src/main/java/org/apache/avro/tool/TetherTool.java,org/apache/avro/tool/TetherTool.java,83,2,1,2,17,1615,95,78,47,0,0,0,95,78,47,1164,1045,582,172,6.4598,0,No
AVRO,1.5.2,lang/java/tools/src/main/java/org/apache/avro/tool/DataFileGetSchemaTool.java,org/apache/avro/tool/DataFileGetSchemaTool.java,48,3,2,2,349,18846,54,54,18,0,0,0,54,54,18,1671,809,557,86.3333,6.962,0,No
AVRO,1.5.2,lang/java/tools/src/main/java/org/apache/avro/tool/Tool.java,org/apache/avro/tool/Tool.java,47,8,2,8,457,29705,58,34,7,7,3,0,65,34,8,2556,804,319,71.375,5.1741,0,No
AVRO,1.5.2,lang/java/tools/src/main/java/org/apache/avro/tool/DataFileReadTool.java,org/apache/avro/tool/DataFileReadTool.java,69,7,2,5,421,39995,86,79,12,9,5,1,95,79,13,2572,689,367,82.2857,5.6006,0,No
AVRO,1.5.2,lang/java/tools/src/main/java/org/apache/avro/tool/Main.java,org/apache/avro/tool/Main.java,87,17,3,16,457,64894,120,58,7,22,6,1,142,58,8,3065,500,180,42.6471,4.5271,0,No
AVRO,1.5.2,lang/java/tools/src/main/java/org/apache/avro/tool/BinaryFragmentToJsonTool.java,org/apache/avro/tool/BinaryFragmentToJsonTool.java,80,6,2,5,422,40090,90,84,15,5,2,0,95,84,15,2484,689,414,95.5,6.2382,0,No
AVRO,1.5.2,lang/java/tools/src/main/java/org/apache/avro/tool/DataFileWriteTool.java,org/apache/avro/tool/DataFileWriteTool.java,125,7,3,5,422,72162,154,82,22,17,8,2,171,82,24,2663,710,380,84.8571,5.5549,0,No
AVRO,1.5.2,lang/java/tools/src/main/java/org/apache/avro/tool/SpecificCompilerTool.java,org/apache/avro/tool/SpecificCompilerTool.java,58,2,1,2,4,256,64,47,32,0,0,0,64,47,32,1074,1040,537,158,5.9845,0,No
AVRO,1.5.2,lang/java/tools/src/main/java/org/apache/avro/tool/RecodecTool.java,org/apache/avro/tool/RecodecTool.java,104,2,2,2,23,2645,115,115,57,0,0,0,115,115,57,982,653,491,80.5,6.702,0,No
AVRO,1.5.2,lang/java/tools/src/main/java/org/apache/avro/tool/InduceSchemaTool.java,org/apache/avro/tool/InduceSchemaTool.java,69,8,3,8,433,32908,76,76,9,0,0,0,76,76,9,2356,591,294,71.875,5.1027,0,No
AVRO,1.5.2,lang/java/tools/src/main/java/org/apache/avro/tool/RpcReceiveTool.java,org/apache/avro/tool/RpcReceiveTool.java,162,8,2,8,420,89880,197,140,24,17,10,2,214,140,26,2843,591,355,82.625,6.0921,0,No
AVRO,1.5.2,lang/java/maven-plugin/src/main/java/org/apache/avro/mojo/ProtocolMojo.java,org/apache/avro/mojo/ProtocolMojo.java,58,3,2,3,134,9380,68,66,22,2,1,0,70,66,23,1559,674,519,150,7.2781,0,No
AVRO,1.5.2,lang/java/maven-plugin/src/main/java/org/apache/avro/mojo/SchemaMojo.java,org/apache/avro/mojo/SchemaMojo.java,58,3,2,3,134,9380,68,66,22,2,1,0,70,66,23,1559,674,519,150,7.2781,0,No
AVRO,1.5.2,lang/java/maven-plugin/src/main/java/org/apache/avro/mojo/AbstractAvroMojo.java,org/apache/avro/mojo/AbstractAvroMojo.java,126,1,1,1,0,0,143,143,143,0,0,0,143,143,143,674,674,674,115,8.4172,0,No
AVRO,1.5.2,lang/java/maven-plugin/src/main/java/org/apache/avro/mojo/IDLProtocolMojo.java,org/apache/avro/mojo/IDLProtocolMojo.java,69,3,2,3,134,11524,82,78,27,4,3,1,86,78,28,1559,674,519,150,7.2781,0,No
AVRO,1.5.2,lang/java/mapred/src/main/java/org/apache/avro/mapred/Pair.java,org/apache/avro/mapred/Pair.java,494,4,2,4,161,89516,539,453,134,17,17,4,556,453,139,1072,564,268,51.25,5.7186,0,No
AVRO,1.5.2,lang/java/mapred/src/main/java/org/apache/avro/mapred/AvroTextOutputFormat.java,org/apache/avro/mapred/AvroTextOutputFormat.java,113,1,1,1,0,0,134,134,134,0,0,0,134,134,134,1140,1140,1140,323,8.6911,0,No
AVRO,1.5.2,lang/java/mapred/src/main/java/org/apache/avro/mapred/FsInput.java,org/apache/avro/mapred/FsInput.java,49,2,2,2,258,15480,60,60,30,0,0,0,60,60,30,975,502,487,89.5,7.7978,0,No
AVRO,1.5.2,lang/java/mapred/src/main/java/org/apache/avro/mapred/HadoopCombiner.java,org/apache/avro/mapred/HadoopCombiner.java,52,2,2,2,147,9114,62,62,31,0,0,0,62,62,31,993,564,496,86.5,7.6171,0,No
AVRO,1.5.2,lang/java/mapred/src/main/java/org/apache/avro/mapred/AvroUtf8InputFormat.java,org/apache/avro/mapred/AvroUtf8InputFormat.java,96,3,2,2,183,21411,117,98,39,0,0,0,117,98,39,1150,543,383,72.3333,6.9763,0,No
AVRO,1.5.2,lang/java/mapred/src/main/java/org/apache/avro/mapred/HadoopMapper.java,org/apache/avro/mapred/HadoopMapper.java,77,3,2,3,272,25296,91,83,30,2,2,0,93,83,31,1803,810,601,155.6667,7.596,0,No
AVRO,1.5.2,lang/java/mapred/src/main/java/org/apache/avro/mapred/AvroSerialization.java,org/apache/avro/mapred/AvroSerialization.java,120,7,2,7,330,75900,187,148,26,43,26,6,230,148,32,1977,683,282,75.4286,5.7879,0,No
AVRO,1.5.2,lang/java/mapred/src/main/java/org/apache/avro/mapred/SequenceFileReader.java,org/apache/avro/mapred/SequenceFileReader.java,213,2,2,2,89,21983,247,247,123,0,0,0,247,247,123,980,643,490,83,7.0294,0,No
AVRO,1.5.2,lang/java/mapred/src/main/java/org/apache/avro/mapred/tether/TetherKeySerialization.java,org/apache/avro/mapred/tether/TetherKeySerialization.java,72,4,2,4,255,25500,96,91,24,4,3,1,100,91,25,1743,689,435,115.25,6.5907,0,No
AVRO,1.5.2,lang/java/mapred/src/main/java/org/apache/avro/mapred/tether/TetheredProcess.java,org/apache/avro/mapred/tether/TetheredProcess.java,113,5,2,5,226,31188,135,131,27,3,2,0,138,131,27,1803,591,360,96.6,6.3205,0,No
AVRO,1.5.2,lang/java/mapred/src/main/java/org/apache/avro/mapred/tether/TetherPartitioner.java,org/apache/avro/mapred/tether/TetherPartitioner.java,47,3,2,3,183,10797,59,59,19,0,0,0,59,59,19,992,542,330,60.6667,5.5769,0,No
AVRO,1.5.2,lang/java/mapred/src/main/java/org/apache/avro/mapred/tether/TetherData.java,org/apache/avro/mapred/tether/TetherData.java,34,2,2,2,183,7686,42,42,21,0,0,0,42,42,21,988,542,494,89,7.7411,0,No
AVRO,1.5.2,lang/java/mapred/src/main/java/org/apache/avro/mapred/tether/TetherOutputFormat.java,org/apache/avro/mapred/tether/TetherOutputFormat.java,67,2,2,2,183,14640,80,80,40,0,0,0,80,80,40,988,542,494,89,7.7411,0,No
AVRO,1.5.2,lang/java/mapred/src/main/java/org/apache/avro/mapred/tether/TetherRecordReader.java,org/apache/avro/mapred/tether/TetherRecordReader.java,67,2,2,2,183,15372,84,84,42,0,0,0,84,84,42,988,542,494,89,7.7411,0,No
AVRO,1.5.2,lang/java/mapred/src/main/java/org/apache/avro/mapred/tether/TetherKeyComparator.java,org/apache/avro/mapred/tether/TetherKeyComparator.java,51,3,2,3,245,15925,63,61,21,2,2,0,65,61,21,1615,627,538,145.3333,7.4006,0,No
AVRO,1.5.2,lang/java/mapred/src/main/java/org/apache/avro/mapred/tether/TetherReducer.java,org/apache/avro/mapred/tether/TetherReducer.java,73,2,2,2,183,15006,82,82,41,0,0,0,82,82,41,988,542,494,89,7.7411,0,No
AVRO,1.5.2,lang/java/mapred/src/main/java/org/apache/avro/mapred/tether/TetherMapRunner.java,org/apache/avro/mapred/tether/TetherMapRunner.java,76,2,2,2,183,17019,93,93,46,0,0,0,93,93,46,988,542,494,89,7.7411,0,No
AVRO,1.5.2,lang/java/mapred/src/main/java/org/apache/avro/mapred/tether/TetherOutputService.java,org/apache/avro/mapred/tether/TetherOutputService.java,83,3,2,3,183,20313,106,103,35,5,5,1,111,103,37,1122,542,374,70,7.0061,0,No
AVRO,1.5.2,lang/java/mapred/src/main/java/org/apache/avro/mapred/tether/TetherJob.java,org/apache/avro/mapred/tether/TetherJob.java,77,4,2,4,213,49629,162,154,40,71,69,17,233,154,58,1579,542,394,105.75,6.7718,0,No
AVRO,1.5.2,lang/java/mapred/src/main/java/org/apache/avro/mapred/AvroOutputFormat.java,org/apache/avro/mapred/AvroOutputFormat.java,103,9,2,9,423,84600,162,87,18,38,22,4,200,87,22,2174,790,241,68.3333,5.6509,0,No
AVRO,1.5.2,lang/java/mapred/src/main/java/org/apache/avro/mapred/HadoopReducer.java,org/apache/avro/mapred/HadoopReducer.java,50,2,2,2,147,8820,60,60,30,0,0,0,60,60,30,993,564,496,86.5,7.6171,0,No
AVRO,1.5.2,lang/java/mapred/src/main/java/org/apache/avro/mapred/AvroJob.java,org/apache/avro/mapred/AvroJob.java,162,9,2,9,369,126936,269,104,29,75,58,8,344,112,38,2236,796,248,68.3333,5.6893,0,No
AVRO,1.5.2,lang/java/mapred/src/main/java/org/apache/avro/mapred/HadoopReducerBase.java,org/apache/avro/mapred/HadoopReducerBase.java,58,3,2,3,272,18496,68,63,22,0,0,0,68,63,22,1803,810,601,155.6667,7.596,0,No
AVRO,1.5.2,lang/java/mapred/src/main/java/org/apache/avro/mapred/AvroAsTextRecordReader.java,org/apache/avro/mapred/AvroAsTextRecordReader.java,83,1,1,1,0,0,98,98,98,0,0,0,98,98,98,1138,1138,1138,323,8.6857,0,No
AVRO,1.5.2,lang/java/mapred/src/main/java/org/apache/avro/mapred/AvroWrapper.java,org/apache/avro/mapred/AvroWrapper.java,48,4,2,4,329,20069,59,54,14,2,2,0,61,54,15,1839,665,459,121,7.1612,0,No
AVRO,1.5.2,lang/java/avro/src/main/java/org/apache/avro/UnresolvedUnionException.java,org/apache/avro/UnresolvedUnionException.java,34,1,1,1,0,0,39,39,39,0,0,0,39,39,39,679,679,679,115,8.4266,0,No
AVRO,1.5.2,lang/java/avro/src/main/java/org/apache/avro/specific/SpecificData.java,org/apache/avro/specific/SpecificData.java,184,23,2,23,622,297316,340,164,14,138,43,6,478,189,20,3555,649,154,40.6957,4.8889,0,Yes
AVRO,1.5.2,lang/java/avro/src/main/java/org/apache/avro/specific/SpecificRecordBase.java,org/apache/avro/specific/SpecificRecordBase.java,45,8,2,8,561,72930,92,64,11,38,31,4,130,64,16,2233,525,279,48,6.0141,0,No
AVRO,1.5.2,lang/java/avro/src/main/java/org/apache/avro/specific/SpecificDatumReader.java,org/apache/avro/specific/SpecificDatumReader.java,92,22,2,18,615,429885,403,125,18,296,125,13,699,125,31,3164,435,143,28,4.8626,0,No
AVRO,1.5.2,lang/java/avro/src/main/java/org/apache/avro/specific/SpecificExceptionBase.java,org/apache/avro/specific/SpecificExceptionBase.java,36,8,2,8,604,33824,50,40,6,6,3,0,56,40,7,2704,591,338,77,6.216,0,No
AVRO,1.5.2,lang/java/avro/src/main/java/org/apache/avro/util/ByteBufferOutputStream.java,org/apache/avro/util/ByteBufferOutputStream.java,93,10,2,7,658,70406,107,107,10,0,0,0,107,107,10,2831,591,283,64.6,6.0815,0,No
AVRO,1.5.2,lang/java/avro/src/main/java/org/apache/avro/util/WeakIdentityHashMap.java,org/apache/avro/util/WeakIdentityHashMap.java,152,2,2,2,127,21463,169,169,84,0,0,0,169,169,84,1019,592,509,89,7.5174,0,No
AVRO,1.5.2,lang/java/avro/src/main/java/org/apache/avro/util/Utf8.java,org/apache/avro/util/Utf8.java,113,13,2,10,686,242844,243,80,18,111,80,8,354,80,27,3241,689,249,59.6154,6.0227,0,No
AVRO,1.5.2,lang/java/avro/src/main/java/org/apache/avro/util/ByteBufferInputStream.java,org/apache/avro/util/ByteBufferInputStream.java,80,10,2,7,658,58562,89,89,8,0,0,0,89,89,8,2694,809,269,60.5,5.6144,0,Yes
AVRO,1.5.2,lang/java/avro/src/main/java/org/apache/avro/file/SnappyCodec.java,org/apache/avro/file/SnappyCodec.java,68,3,1,3,113,17741,120,81,40,37,30,12,157,81,52,1237,1134,412,126,5.6426,0,No
AVRO,1.5.2,lang/java/avro/src/main/java/org/apache/avro/file/DataFileReader.java,org/apache/avro/file/DataFileReader.java,216,21,2,17,697,798762,696,208,33,450,208,21,1146,208,54,3868,621,184,41.5238,5.1925,0,No
AVRO,1.5.2,lang/java/avro/src/main/java/org/apache/avro/file/DataFileReader12.java,org/apache/avro/file/DataFileReader12.java,199,3,2,3,78,17862,228,221,76,1,1,0,229,221,76,1690,710,563,141.6667,6.6811,0,No
AVRO,1.5.2,lang/java/avro/src/main/java/org/apache/avro/file/DataFileWriter.java,org/apache/avro/file/DataFileWriter.java,361,27,4,23,769,951253,822,183,30,415,183,15,1237,183,45,4428,621,164,39.6667,5.0008,0,No
AVRO,1.5.2,lang/java/avro/src/main/java/org/apache/avro/file/DataFileConstants.java,org/apache/avro/file/DataFileConstants.java,36,8,3,7,545,29975,48,38,6,7,3,0,55,38,6,2796,790,349,78.25,5.3033,0,No
AVRO,1.5.2,lang/java/avro/src/main/java/org/apache/avro/file/DeflateCodec.java,org/apache/avro/file/DeflateCodec.java,128,7,3,7,327,106275,235,104,33,90,51,12,325,104,46,1454,464,207,42.1429,5.0195,0,No
AVRO,1.5.2,lang/java/avro/src/main/java/org/apache/avro/file/DataFileStream.java,org/apache/avro/file/DataFileStream.java,324,16,3,15,546,303576,460,177,28,96,22,6,556,177,34,3330,621,208,54.0625,5.1757,0,No
AVRO,1.5.2,lang/java/avro/src/main/java/org/apache/avro/file/NullCodec.java,org/apache/avro/file/NullCodec.java,54,6,3,6,327,37278,89,57,14,25,13,4,114,57,19,1202,496,200,41.1667,4.8409,0,No
AVRO,1.5.2,lang/java/avro/src/main/java/org/apache/avro/file/LengthLimitedInputStream.java,org/apache/avro/file/LengthLimitedInputStream.java,75,2,2,2,327,27795,85,85,42,0,0,0,85,85,42,1015,551,507,89.5,6.3385,0,No
AVRO,1.5.2,lang/java/avro/src/main/java/org/apache/avro/Schema.java,org/apache/avro/Schema.java,1260,54,4,50,811,2785785,2407,451,44,1028,451,19,3435,451,63,4728,625,87,24.1296,3.9144,0,No
AVRO,1.5.2,lang/java/avro/src/main/java/org/apache/avro/Protocol.java,org/apache/avro/Protocol.java,384,24,3,20,615,813030,886,300,36,436,300,18,1322,300,55,3027,435,126,26,4.6721,0,Yes
AVRO,1.5.2,lang/java/avro/src/main/java/org/apache/avro/reflect/ReflectDatumReader.java,org/apache/avro/reflect/ReflectDatumReader.java,124,27,3,24,615,441570,429,92,15,289,92,10,718,92,26,3279,435,121,25.037,4.591,0,No
AVRO,1.5.2,lang/java/avro/src/main/java/org/apache/avro/reflect/ReflectDatumWriter.java,org/apache/avro/reflect/ReflectDatumWriter.java,97,31,2,28,720,334800,288,61,9,177,61,5,465,61,15,4026,654,129,31.3871,4.537,0,No
AVRO,1.5.2,lang/java/avro/src/main/java/org/apache/avro/reflect/ReflectData.java,org/apache/avro/reflect/ReflectData.java,440,41,3,37,840,1502760,1136,194,27,653,194,15,1789,236,43,4497,579,109,29.2195,4.4931,0,Yes
AVRO,1.5.2,lang/java/avro/src/main/java/org/apache/avro/io/ResolvingDecoder.java,org/apache/avro/io/ResolvingDecoder.java,250,18,3,18,610,381250,446,223,24,179,91,9,625,223,34,3078,710,171,41.2222,4.5832,0,No
AVRO,1.5.2,lang/java/avro/src/main/java/org/apache/avro/io/BinaryDecoder.java,org/apache/avro/io/BinaryDecoder.java,889,11,3,11,612,902088,1223,820,111,251,147,22,1474,967,134,2787,622,253,61.4545,5.4314,0,No
AVRO,1.5.2,lang/java/avro/src/main/java/org/apache/avro/io/BinaryData.java,org/apache/avro/io/BinaryData.java,406,11,3,11,543,369240,554,190,50,126,88,11,680,190,61,2719,627,247,61.3636,5.5101,0,No
AVRO,1.5.2,lang/java/avro/src/main/java/org/apache/avro/io/BufferedBinaryEncoder.java,org/apache/avro/io/BufferedBinaryEncoder.java,186,2,2,2,0,0,206,205,103,1,1,0,207,205,103,1119,1053,559,159.5,6.2147,0,No
AVRO,1.5.2,lang/java/avro/src/main/java/org/apache/avro/io/Decoder.java,org/apache/avro/io/Decoder.java,249,11,2,11,615,210945,310,279,28,33,15,3,343,279,31,2705,689,245,58,5.5606,0,No
AVRO,1.5.2,lang/java/avro/src/main/java/org/apache/avro/io/ValidatingEncoder.java,org/apache/avro/io/ValidatingEncoder.java,187,13,3,13,613,293014,348,225,26,130,104,10,478,225,36,2910,689,223,52,4.959,0,No
AVRO,1.5.2,lang/java/avro/src/main/java/org/apache/avro/io/DecoderFactory.java,org/apache/avro/io/DecoderFactory.java,294,5,2,5,374,191488,414,232,82,98,93,19,512,270,102,1748,689,349,94,6.077,0,No
AVRO,1.5.2,lang/java/avro/src/main/java/org/apache/avro/io/ParsingEncoder.java,org/apache/avro/io/ParsingEncoder.java,60,5,2,4,511,35770,70,52,14,0,0,0,70,52,14,1767,809,353,57.6,6.2356,0,No
AVRO,1.5.2,lang/java/avro/src/main/java/org/apache/avro/io/EncoderFactory.java,org/apache/avro/io/EncoderFactory.java,318,3,2,3,4,1480,353,334,117,17,13,5,370,334,123,1138,1053,379,109.6667,5.4493,0,No
AVRO,1.5.2,lang/java/avro/src/main/java/org/apache/avro/io/JsonDecoder.java,org/apache/avro/io/JsonDecoder.java,422,14,3,13,586,359218,539,397,38,74,26,5,613,397,43,3014,710,215,49.0714,4.829,0,No
AVRO,1.5.2,lang/java/avro/src/main/java/org/apache/avro/io/DirectBinaryEncoder.java,org/apache/avro/io/DirectBinaryEncoder.java,119,1,1,1,0,0,133,133,133,0,0,0,133,133,133,1053,1053,1053,301,8.4852,0,No
AVRO,1.5.2,lang/java/avro/src/main/java/org/apache/avro/io/BinaryEncoder.java,org/apache/avro/io/BinaryEncoder.java,104,9,3,9,611,334828,336,266,37,212,189,23,548,266,60,2805,591,311,72.4444,5.8168,0,No
AVRO,1.5.2,lang/java/avro/src/main/java/org/apache/avro/io/BlockingBinaryEncoder.java,org/apache/avro/io/BlockingBinaryEncoder.java,491,11,3,11,630,573300,736,622,66,174,145,15,910,622,82,3002,689,272,61.5455,5.7361,0,No
AVRO,1.5.2,lang/java/avro/src/main/java/org/apache/avro/io/ParsingDecoder.java,org/apache/avro/io/ParsingDecoder.java,68,5,2,5,583,46057,78,74,15,1,1,0,79,74,15,2390,809,478,107.4,6.5753,0,No
AVRO,1.5.2,lang/java/avro/src/main/java/org/apache/avro/io/parsing/Parser.java,org/apache/avro/io/parsing/Parser.java,175,10,3,10,511,197246,289,144,28,97,39,9,386,144,38,1888,801,188,32.8,4.3448,0,No
AVRO,1.5.2,lang/java/avro/src/main/java/org/apache/avro/io/parsing/SkipParser.java,org/apache/avro/io/parsing/SkipParser.java,87,9,3,9,511,61320,108,94,12,12,4,1,120,94,13,1783,801,198,34.3333,4.218,0,No
AVRO,1.5.2,lang/java/avro/src/main/java/org/apache/avro/io/parsing/ValidatingGrammarGenerator.java,org/apache/avro/io/parsing/ValidatingGrammarGenerator.java,125,10,3,10,582,94866,150,138,15,13,4,1,163,138,16,2512,662,251,60.7,5.0688,0,No
AVRO,1.5.2,lang/java/avro/src/main/java/org/apache/avro/io/parsing/Symbol.java,org/apache/avro/io/parsing/Symbol.java,482,15,3,15,645,419895,601,382,40,50,17,3,651,382,43,2788,815,185,44.7333,4.4882,0,No
AVRO,1.5.2,lang/java/avro/src/main/java/org/apache/avro/io/parsing/JsonGrammarGenerator.java,org/apache/avro/io/parsing/JsonGrammarGenerator.java,93,9,3,9,511,66430,115,102,12,15,4,1,130,102,14,1918,511,213,39,4.9822,0,No
AVRO,1.5.2,lang/java/avro/src/main/java/org/apache/avro/io/parsing/ResolvingGrammarGenerator.java,org/apache/avro/io/parsing/ResolvingGrammarGenerator.java,446,20,3,20,582,350946,540,337,27,63,20,3,603,337,30,3110,662,155,39.55,4.4706,0,No
AVRO,1.5.2,lang/java/avro/src/main/java/org/apache/avro/io/ValidatingDecoder.java,org/apache/avro/io/ValidatingDecoder.java,217,13,3,13,613,422970,469,358,36,221,204,17,690,358,53,2813,710,216,49.9231,4.6428,0,No
AVRO,1.5.2,lang/java/avro/src/main/java/org/apache/avro/io/Encoder.java,org/apache/avro/io/Encoder.java,260,9,2,9,615,198030,304,269,33,18,6,2,322,269,35,3004,689,333,71.3333,5.9068,0,No
AVRO,1.5.2,lang/java/avro/src/main/java/org/apache/avro/io/DirectBinaryDecoder.java,org/apache/avro/io/DirectBinaryDecoder.java,179,5,2,5,371,81620,212,203,42,8,4,1,220,203,44,1953,591,390,100.4,6.4246,0,No
AVRO,1.5.2,lang/java/avro/src/main/java/org/apache/avro/io/JsonEncoder.java,org/apache/avro/io/JsonEncoder.java,263,14,3,14,583,216293,333,239,23,38,13,2,371,239,26,2901,689,207,48.2857,4.73,0,No
AVRO,1.5.2,lang/java/avro/src/main/java/org/apache/avro/AvroRemoteException.java,org/apache/avro/AvroRemoteException.java,33,8,2,5,658,26978,41,41,5,0,0,0,41,41,5,2675,809,334,74.25,6.3059,0,Yes
AVRO,1.5.2,lang/java/avro/src/main/java/org/apache/avro/generic/GenericContainer.java,org/apache/avro/generic/GenericContainer.java,24,3,2,3,469,12663,27,27,9,0,0,0,27,27,9,1622,809,540,85,7.333,0,No
AVRO,1.5.2,lang/java/avro/src/main/java/org/apache/avro/generic/GenericFixed.java,org/apache/avro/generic/GenericFixed.java,23,5,2,5,643,18004,26,24,5,2,1,0,28,24,5,2401,809,480,108.8,6.8414,0,No
AVRO,1.5.2,lang/java/avro/src/main/java/org/apache/avro/generic/GenericData.java,org/apache/avro/generic/GenericData.java,616,40,4,36,719,1080657,1086,250,27,417,250,10,1503,250,37,4440,611,111,29.225,4.4175,0,No
AVRO,1.5.2,lang/java/avro/src/main/java/org/apache/avro/generic/GenericDatumReader.java,org/apache/avro/generic/GenericDatumReader.java,358,44,4,39,741,1719861,1360,265,30,961,265,21,2321,265,52,4495,618,102,27.2273,4.2551,0,No
AVRO,1.5.2,lang/java/avro/src/main/java/org/apache/avro/generic/GenericEnumSymbol.java,org/apache/avro/generic/GenericEnumSymbol.java,23,3,2,3,198,5148,25,24,8,1,1,0,26,24,8,1680,662,560,147.3333,7.2844,0,No
AVRO,1.5.2,lang/java/avro/src/main/java/org/apache/avro/generic/GenericDatumWriter.java,org/apache/avro/generic/GenericDatumWriter.java,181,26,3,22,697,644725,566,164,21,359,164,13,925,164,35,4005,662,154,37.4231,4.9779,0,No
AVRO,1.5.2,lang/java/avro/src/main/java/org/apache/avro/AvroRuntimeException.java,org/apache/avro/AvroRuntimeException.java,26,8,2,5,615,47355,53,24,6,24,24,3,77,24,9,2335,809,291,46.75,6.1245,0,No
AVRO,1.5.2,lang/java/ipc/src/main/java/org/apache/avro/ipc/specific/SpecificResponder.java,org/apache/avro/ipc/specific/SpecificResponder.java,86,19,3,16,682,206646,201,64,10,102,46,5,303,67,15,3604,463,189,44.5789,5.3652,0,Yes
AVRO,1.5.2,lang/java/ipc/src/main/java/org/apache/avro/ipc/specific/SpecificRequestor.java,org/apache/avro/ipc/specific/SpecificRequestor.java,139,23,3,20,812,161588,180,121,7,19,13,0,199,121,8,3965,591,172,41.3043,4.8583,0,Yes
AVRO,1.5.2,lang/java/ipc/src/main/java/org/apache/avro/ipc/RPCContext.java,org/apache/avro/ipc/RPCContext.java,186,10,2,10,584,189800,270,149,27,55,18,5,325,149,32,3132,715,313,71,6.1505,0,No
AVRO,1.5.2,lang/java/ipc/src/main/java/org/apache/avro/ipc/trace/TracePlugin.java,org/apache/avro/ipc/trace/TracePlugin.java,333,8,3,8,176,77968,409,322,51,34,20,4,443,322,55,1758,591,219,63,5.1678,0,No
AVRO,1.5.2,lang/java/ipc/src/main/java/org/apache/avro/ipc/trace/StaticServlet.java,org/apache/avro/ipc/trace/StaticServlet.java,44,2,2,2,114,5700,50,50,25,0,0,0,50,50,25,1033,612,516,89,7.4152,0,No
AVRO,1.5.2,lang/java/ipc/src/main/java/org/apache/avro/ipc/trace/Util.java,org/apache/avro/ipc/trace/Util.java,200,5,2,5,132,33000,236,169,47,14,13,2,250,169,50,1147,590,229,48.6,5.6964,0,No
AVRO,1.5.2,lang/java/ipc/src/main/java/org/apache/avro/ipc/trace/FileSpanStorage.java,org/apache/avro/ipc/trace/FileSpanStorage.java,316,2,2,2,124,44516,359,359,179,0,0,0,359,359,179,1020,594,510,89,7.4928,0,No
AVRO,1.5.2,lang/java/ipc/src/main/java/org/apache/avro/ipc/trace/SpanAggregator.java,org/apache/avro/ipc/trace/SpanAggregator.java,162,4,3,4,132,24816,184,155,46,4,2,1,188,155,47,1125,590,281,57,6.212,0,No
AVRO,1.5.2,lang/java/ipc/src/main/java/org/apache/avro/ipc/trace/TraceNode.java,org/apache/avro/ipc/trace/TraceNode.java,123,3,2,3,132,20196,146,94,48,7,7,2,153,94,51,1097,590,365,69.6667,6.6929,0,No
AVRO,1.5.2,lang/java/ipc/src/main/java/org/apache/avro/ipc/trace/TracePluginConfiguration.java,org/apache/avro/ipc/trace/TracePluginConfiguration.java,70,5,2,5,132,10692,78,45,15,3,2,0,81,45,16,1154,590,230,48.6,5.7065,0,No
AVRO,1.5.2,lang/java/ipc/src/main/java/org/apache/avro/ipc/trace/Trace.java,org/apache/avro/ipc/trace/Trace.java,222,4,3,4,132,33396,248,245,62,5,3,1,253,245,63,1104,590,276,54.25,6.0093,0,No
AVRO,1.5.2,lang/java/ipc/src/main/java/org/apache/avro/ipc/trace/TraceClientServlet.java,org/apache/avro/ipc/trace/TraceClientServlet.java,232,4,2,4,176,49984,269,198,67,15,12,3,284,210,71,1688,591,422,114.75,6.6598,0,No
AVRO,1.5.2,lang/java/ipc/src/main/java/org/apache/avro/ipc/trace/TraceCollection.java,org/apache/avro/ipc/trace/TraceCollection.java,271,3,2,3,114,40584,331,281,110,25,25,8,356,281,118,1073,612,357,68,6.6004,0,No
AVRO,1.5.2,lang/java/ipc/src/main/java/org/apache/avro/ipc/trace/InMemorySpanStorage.java,org/apache/avro/ipc/trace/InMemorySpanStorage.java,69,3,2,3,132,10560,79,68,26,1,1,0,80,68,26,1064,590,354,66.3333,6.357,0,No
AVRO,1.5.2,lang/java/ipc/src/main/java/org/apache/avro/ipc/reflect/ReflectResponder.java,org/apache/avro/ipc/reflect/ReflectResponder.java,52,21,2,18,682,45694,65,63,3,2,2,0,67,63,3,3685,591,175,40.7619,5.0567,0,No
AVRO,1.5.2,lang/java/ipc/src/main/java/org/apache/avro/ipc/reflect/ReflectRequestor.java,org/apache/avro/ipc/reflect/ReflectRequestor.java,69,17,2,14,783,66555,83,81,4,2,2,0,85,81,5,3711,618,218,48.4706,5.2474,0,No
AVRO,1.5.2,lang/java/ipc/src/main/java/org/apache/avro/ipc/HttpServer.java,org/apache/avro/ipc/HttpServer.java,94,6,3,6,511,93002,146,76,24,36,26,6,182,76,30,2451,653,408,93.3333,6.3963,0,No
AVRO,1.5.2,lang/java/ipc/src/main/java/org/apache/avro/ipc/DatagramServer.java,org/apache/avro/ipc/DatagramServer.java,64,5,2,5,448,37632,82,79,16,2,1,0,84,79,16,1880,498,376,65.6,6.7876,0,No
AVRO,1.5.2,lang/java/ipc/src/main/java/org/apache/avro/ipc/HttpTransceiver.java,org/apache/avro/ipc/HttpTransceiver.java,98,9,2,9,441,71442,137,116,15,25,14,2,162,116,18,2051,496,227,40.6667,5.3021,0,No
AVRO,1.5.2,lang/java/ipc/src/main/java/org/apache/avro/ipc/SaslSocketServer.java,org/apache/avro/ipc/SaslSocketServer.java,90,2,2,2,89,9078,102,102,51,0,0,0,102,102,51,974,638,487,82.5,7.0515,0,No
AVRO,1.5.2,lang/java/ipc/src/main/java/org/apache/avro/ipc/DatagramTransceiver.java,org/apache/avro/ipc/DatagramTransceiver.java,73,4,2,4,448,38976,86,84,21,1,1,0,87,84,21,1666,519,416,71,6.8587,0,No
AVRO,1.5.2,lang/java/ipc/src/main/java/org/apache/avro/ipc/NettyTransportCodec.java,org/apache/avro/ipc/NettyTransportCodec.java,153,3,2,2,167,30561,183,165,61,0,0,0,183,165,61,1134,552,378,72.3333,6.931,0,No
AVRO,1.5.2,lang/java/ipc/src/main/java/org/apache/avro/ipc/LocalTransceiver.java,org/apache/avro/ipc/LocalTransceiver.java,45,3,2,2,344,17888,52,52,17,0,0,0,52,52,17,1667,809,555,85.6667,6.737,0,No
AVRO,1.5.2,lang/java/ipc/src/main/java/org/apache/avro/ipc/SaslSocketTransceiver.java,org/apache/avro/ipc/SaslSocketTransceiver.java,354,4,2,4,215,87935,406,389,101,3,3,0,409,389,102,1850,638,462,124.75,6.8708,0,No
AVRO,1.5.2,lang/java/ipc/src/main/java/org/apache/avro/ipc/Transceiver.java,org/apache/avro/ipc/Transceiver.java,93,11,2,8,812,166460,157,40,14,48,40,4,205,43,18,3231,827,293,63.6364,5.8814,0,No
AVRO,1.5.2,lang/java/ipc/src/main/java/org/apache/avro/ipc/NettyTransceiver.java,org/apache/avro/ipc/NettyTransceiver.java,362,6,2,6,364,265356,566,264,94,163,99,27,729,308,121,1941,653,323,90,5.8255,0,No
AVRO,1.5.2,lang/java/ipc/src/main/java/org/apache/avro/ipc/SocketTransceiver.java,org/apache/avro/ipc/SocketTransceiver.java,101,14,2,11,615,199260,222,87,15,102,87,7,324,87,23,2930,436,209,37.3571,5.4978,0,No
AVRO,1.5.2,lang/java/ipc/src/main/java/org/apache/avro/ipc/generic/GenericResponder.java,org/apache/avro/ipc/generic/GenericResponder.java,58,12,2,9,682,53196,74,59,6,4,4,0,78,59,6,3128,591,260,58.5833,5.859,0,No
AVRO,1.5.2,lang/java/ipc/src/main/java/org/apache/avro/ipc/generic/GenericRequestor.java,org/apache/avro/ipc/generic/GenericRequestor.java,81,17,2,14,798,79800,96,76,5,4,4,0,100,76,5,3711,591,218,50.5294,5.5551,0,Yes
AVRO,1.5.2,lang/java/ipc/src/main/java/org/apache/avro/ipc/ResponderServlet.java,org/apache/avro/ipc/ResponderServlet.java,48,3,2,3,432,24192,56,56,18,0,0,0,56,56,18,1629,809,543,83.3333,7.2762,0,No
AVRO,1.5.2,lang/java/ipc/src/main/java/org/apache/avro/ipc/Requestor.java,org/apache/avro/ipc/Requestor.java,490,34,3,31,812,1002008,894,363,26,340,106,10,1234,469,36,4351,481,127,32.9412,4.6798,0,Yes
AVRO,1.5.2,lang/java/ipc/src/main/java/org/apache/avro/ipc/NettyServer.java,org/apache/avro/ipc/NettyServer.java,135,6,2,6,350,79800,191,148,31,37,23,6,228,148,38,1874,820,312,83,5.1808,0,No
AVRO,1.5.2,lang/java/ipc/src/main/java/org/apache/avro/ipc/SocketServer.java,org/apache/avro/ipc/SocketServer.java,124,18,2,15,812,403564,321,118,17,176,118,9,497,118,27,3965,591,220,50.5,5.5716,0,Yes
AVRO,1.5.2,lang/java/ipc/src/main/java/org/apache/avro/ipc/stats/StatsServer.java,org/apache/avro/ipc/stats/StatsServer.java,48,2,2,2,140,7560,54,54,27,0,0,0,54,54,27,1002,575,501,87.5,7.5563,0,No
AVRO,1.5.2,lang/java/ipc/src/main/java/org/apache/avro/ipc/stats/StaticServlet.java,org/apache/avro/ipc/stats/StaticServlet.java,41,3,2,3,140,6440,46,28,15,0,0,0,46,28,15,1088,575,362,69,6.7325,0,No
AVRO,1.5.2,lang/java/ipc/src/main/java/org/apache/avro/ipc/stats/FloatHistogram.java,org/apache/avro/ipc/stats/FloatHistogram.java,49,3,2,3,341,18414,54,54,18,0,0,0,54,54,18,1678,809,559,86.3333,6.5512,0,No
AVRO,1.5.2,lang/java/ipc/src/main/java/org/apache/avro/ipc/stats/Stopwatch.java,org/apache/avro/ipc/stats/Stopwatch.java,66,3,2,3,341,25234,74,74,24,0,0,0,74,74,24,1678,809,559,86.3333,6.5512,0,No
AVRO,1.5.2,lang/java/ipc/src/main/java/org/apache/avro/ipc/stats/StatsPlugin.java,org/apache/avro/ipc/stats/StatsPlugin.java,199,6,3,6,341,173228,367,121,61,141,117,23,508,129,84,1875,515,312,52.6667,5.2952,0,No
AVRO,1.5.2,lang/java/ipc/src/main/java/org/apache/avro/ipc/stats/StatsServlet.java,org/apache/avro/ipc/stats/StatsServlet.java,234,6,3,6,341,293942,566,209,94,296,206,49,862,254,143,1875,515,312,52.6667,5.2952,0,No
AVRO,1.5.2,lang/java/ipc/src/main/java/org/apache/avro/ipc/stats/IntegerHistogram.java,org/apache/avro/ipc/stats/IntegerHistogram.java,50,2,2,2,174,9570,55,55,27,0,0,0,55,55,27,990,546,495,88.5,7.7126,0,No
AVRO,1.5.2,lang/java/ipc/src/main/java/org/apache/avro/ipc/stats/Histogram.java,org/apache/avro/ipc/stats/Histogram.java,234,4,3,4,341,94457,272,205,68,5,5,1,277,205,69,1815,502,453,74,6.4189,0,No
AVRO,1.5.2,lang/java/ipc/src/main/java/org/apache/avro/ipc/Responder.java,org/apache/avro/ipc/Responder.java,221,34,2,31,798,636804,528,124,15,270,124,7,798,124,23,4401,471,129,33.5588,4.8254,0,No
AVRO,1.5.2,lang/java/ipc/src/main/java/org/apache/avro/ipc/Ipc.java,org/apache/avro/ipc/Ipc.java,47,2,2,2,6,318,53,53,26,0,0,0,53,53,26,981,656,490,79,6.4575,0,No
AVRO,1.5.2,lang/java/compiler/src/main/java/org/apache/avro/compiler/specific/ProtocolTask.java,org/apache/avro/compiler/specific/ProtocolTask.java,69,9,2,6,658,53298,81,81,9,0,0,0,81,81,9,2674,809,297,66.5556,6.0695,0,No
AVRO,1.5.2,lang/java/compiler/src/main/java/org/apache/avro/compiler/specific/SpecificCompiler.java,org/apache/avro/compiler/specific/SpecificCompiler.java,392,43,4,39,658,283598,431,431,10,0,0,0,431,431,10,4241,591,98,25.6279,4.1774,0,No
AVRO,1.5.3,lang/java/tools/src/main/java/org/apache/avro/tool/JsonToBinaryFragmentTool.java,org/apache/avro/tool/JsonToBinaryFragmentTool.java,74,6,2,5,422,38402,86,77,14,5,3,0,91,77,15,2604,689,434,96.8333,6.2637,0,No
AVRO,1.5.3,lang/java/tools/src/main/java/org/apache/avro/tool/Util.java,org/apache/avro/tool/Util.java,113,7,2,6,422,59924,131,54,18,11,6,1,142,60,20,2652,710,378,87,6.1862,0,No
AVRO,1.5.3,lang/java/tools/src/main/java/org/apache/avro/tool/IdlTool.java,org/apache/avro/tool/IdlTool.java,68,7,2,7,392,41944,93,78,13,14,7,2,107,78,15,2552,591,364,84,5.7196,0,No
AVRO,1.5.3,lang/java/tools/src/main/java/org/apache/avro/tool/FromTextTool.java,org/apache/avro/tool/FromTextTool.java,113,3,2,3,306,48348,144,99,48,14,14,4,158,99,52,1799,810,599,157,7.6666,0,No
AVRO,1.5.3,lang/java/tools/src/main/java/org/apache/avro/tool/RpcSendTool.java,org/apache/avro/tool/RpcSendTool.java,105,7,2,7,420,70560,143,98,20,25,13,3,168,98,24,2687,591,383,87.7143,6.0436,0,No
AVRO,1.5.3,lang/java/tools/src/main/java/org/apache/avro/tool/ToTextTool.java,org/apache/avro/tool/ToTextTool.java,74,3,2,3,306,28764,91,88,30,3,3,1,94,88,31,1799,810,599,157,7.6666,0,No
AVRO,1.5.3,lang/java/tools/src/main/java/org/apache/avro/tool/TetherTool.java,org/apache/avro/tool/TetherTool.java,83,2,1,2,17,1615,95,78,47,0,0,0,95,78,47,1164,1045,582,172,6.4598,0,No
AVRO,1.5.3,lang/java/tools/src/main/java/org/apache/avro/tool/DataFileGetSchemaTool.java,org/apache/avro/tool/DataFileGetSchemaTool.java,48,3,2,2,349,18846,54,54,18,0,0,0,54,54,18,1671,809,557,86.3333,6.962,0,No
AVRO,1.5.3,lang/java/tools/src/main/java/org/apache/avro/tool/Tool.java,org/apache/avro/tool/Tool.java,47,8,2,8,457,29705,58,34,7,7,3,0,65,34,8,2556,804,319,71.375,5.1741,0,No
AVRO,1.5.3,lang/java/tools/src/main/java/org/apache/avro/tool/DataFileReadTool.java,org/apache/avro/tool/DataFileReadTool.java,69,7,2,5,421,39995,86,79,12,9,5,1,95,79,13,2572,689,367,82.2857,5.6006,0,No
AVRO,1.5.3,lang/java/tools/src/main/java/org/apache/avro/tool/Main.java,org/apache/avro/tool/Main.java,87,17,3,16,457,64894,120,58,7,22,6,1,142,58,8,3065,500,180,42.6471,4.5271,0,No
AVRO,1.5.3,lang/java/tools/src/main/java/org/apache/avro/tool/BinaryFragmentToJsonTool.java,org/apache/avro/tool/BinaryFragmentToJsonTool.java,80,6,2,5,422,40090,90,84,15,5,2,0,95,84,15,2484,689,414,95.5,6.2382,0,No
AVRO,1.5.3,lang/java/tools/src/main/java/org/apache/avro/tool/DataFileWriteTool.java,org/apache/avro/tool/DataFileWriteTool.java,125,7,3,5,422,72162,154,82,22,17,8,2,171,82,24,2663,710,380,84.8571,5.5549,0,No
AVRO,1.5.3,lang/java/tools/src/main/java/org/apache/avro/tool/SpecificCompilerTool.java,org/apache/avro/tool/SpecificCompilerTool.java,116,3,2,3,209,30096,138,74,46,6,6,2,144,80,48,1386,1040,462,134.3333,6.3135,0,No
AVRO,1.5.3,lang/java/tools/src/main/java/org/apache/avro/tool/RecodecTool.java,org/apache/avro/tool/RecodecTool.java,104,2,2,2,23,2645,115,115,57,0,0,0,115,115,57,982,653,491,80.5,6.702,0,No
AVRO,1.5.3,lang/java/tools/src/main/java/org/apache/avro/tool/InduceSchemaTool.java,org/apache/avro/tool/InduceSchemaTool.java,69,8,3,8,433,32908,76,76,9,0,0,0,76,76,9,2356,591,294,71.875,5.1027,0,No
AVRO,1.5.3,lang/java/tools/src/main/java/org/apache/avro/tool/RpcReceiveTool.java,org/apache/avro/tool/RpcReceiveTool.java,162,8,2,8,420,89880,197,140,24,17,10,2,214,140,26,2843,591,355,82.625,6.0921,0,No
AVRO,1.5.3,lang/java/maven-plugin/src/main/java/org/apache/avro/mojo/ProtocolMojo.java,org/apache/avro/mojo/ProtocolMojo.java,58,3,2,3,134,9380,68,66,22,2,1,0,70,66,23,1559,674,519,150,7.2781,0,No
AVRO,1.5.3,lang/java/maven-plugin/src/main/java/org/apache/avro/mojo/SchemaMojo.java,org/apache/avro/mojo/SchemaMojo.java,58,3,2,3,134,9380,68,66,22,2,1,0,70,66,23,1559,674,519,150,7.2781,0,No
AVRO,1.5.3,lang/java/maven-plugin/src/main/java/org/apache/avro/mojo/AbstractAvroMojo.java,org/apache/avro/mojo/AbstractAvroMojo.java,126,1,1,1,0,0,143,143,143,0,0,0,143,143,143,674,674,674,115,8.4172,0,No
AVRO,1.5.3,lang/java/maven-plugin/src/main/java/org/apache/avro/mojo/IDLProtocolMojo.java,org/apache/avro/mojo/IDLProtocolMojo.java,69,3,2,3,134,11524,82,78,27,4,3,1,86,78,28,1559,674,519,150,7.2781,0,No
AVRO,1.5.3,lang/java/mapred/src/main/java/org/apache/avro/mapred/Pair.java,org/apache/avro/mapred/Pair.java,494,4,2,4,161,89516,539,453,134,17,17,4,556,453,139,1072,564,268,51.25,5.7186,0,No
AVRO,1.5.3,lang/java/mapred/src/main/java/org/apache/avro/mapred/AvroTextOutputFormat.java,org/apache/avro/mapred/AvroTextOutputFormat.java,113,1,1,1,0,0,134,134,134,0,0,0,134,134,134,1140,1140,1140,323,8.6911,0,No
AVRO,1.5.3,lang/java/mapred/src/main/java/org/apache/avro/mapred/FsInput.java,org/apache/avro/mapred/FsInput.java,49,2,2,2,258,15480,60,60,30,0,0,0,60,60,30,975,502,487,89.5,7.7978,0,No
AVRO,1.5.3,lang/java/mapred/src/main/java/org/apache/avro/mapred/HadoopCombiner.java,org/apache/avro/mapred/HadoopCombiner.java,52,2,2,2,147,9114,62,62,31,0,0,0,62,62,31,993,564,496,86.5,7.6171,0,No
AVRO,1.5.3,lang/java/mapred/src/main/java/org/apache/avro/mapred/AvroUtf8InputFormat.java,org/apache/avro/mapred/AvroUtf8InputFormat.java,96,3,2,2,183,21411,117,98,39,0,0,0,117,98,39,1150,543,383,72.3333,6.9763,0,No
AVRO,1.5.3,lang/java/mapred/src/main/java/org/apache/avro/mapred/HadoopMapper.java,org/apache/avro/mapred/HadoopMapper.java,77,3,2,3,272,25296,91,83,30,2,2,0,93,83,31,1803,810,601,155.6667,7.596,0,No
AVRO,1.5.3,lang/java/mapred/src/main/java/org/apache/avro/mapred/AvroSerialization.java,org/apache/avro/mapred/AvroSerialization.java,120,7,2,7,330,75900,187,148,26,43,26,6,230,148,32,1977,683,282,75.4286,5.7879,0,No
AVRO,1.5.3,lang/java/mapred/src/main/java/org/apache/avro/mapred/SequenceFileReader.java,org/apache/avro/mapred/SequenceFileReader.java,213,2,2,2,89,21983,247,247,123,0,0,0,247,247,123,980,643,490,83,7.0294,0,No
AVRO,1.5.3,lang/java/mapred/src/main/java/org/apache/avro/mapred/tether/TetherKeySerialization.java,org/apache/avro/mapred/tether/TetherKeySerialization.java,72,4,2,4,255,25500,96,91,24,4,3,1,100,91,25,1743,689,435,115.25,6.5907,0,No
AVRO,1.5.3,lang/java/mapred/src/main/java/org/apache/avro/mapred/tether/TetheredProcess.java,org/apache/avro/mapred/tether/TetheredProcess.java,113,5,2,5,226,31188,135,131,27,3,2,0,138,131,27,1803,591,360,96.6,6.3205,0,No
AVRO,1.5.3,lang/java/mapred/src/main/java/org/apache/avro/mapred/tether/TetherPartitioner.java,org/apache/avro/mapred/tether/TetherPartitioner.java,47,3,2,3,183,10797,59,59,19,0,0,0,59,59,19,992,542,330,60.6667,5.5769,0,No
AVRO,1.5.3,lang/java/mapred/src/main/java/org/apache/avro/mapred/tether/TetherData.java,org/apache/avro/mapred/tether/TetherData.java,34,2,2,2,183,7686,42,42,21,0,0,0,42,42,21,988,542,494,89,7.7411,0,No
AVRO,1.5.3,lang/java/mapred/src/main/java/org/apache/avro/mapred/tether/TetherOutputFormat.java,org/apache/avro/mapred/tether/TetherOutputFormat.java,67,2,2,2,183,14640,80,80,40,0,0,0,80,80,40,988,542,494,89,7.7411,0,No
AVRO,1.5.3,lang/java/mapred/src/main/java/org/apache/avro/mapred/tether/TetherRecordReader.java,org/apache/avro/mapred/tether/TetherRecordReader.java,67,2,2,2,183,15372,84,84,42,0,0,0,84,84,42,988,542,494,89,7.7411,0,No
AVRO,1.5.3,lang/java/mapred/src/main/java/org/apache/avro/mapred/tether/TetherKeyComparator.java,org/apache/avro/mapred/tether/TetherKeyComparator.java,51,3,2,3,245,15925,63,61,21,2,2,0,65,61,21,1615,627,538,145.3333,7.4006,0,No
AVRO,1.5.3,lang/java/mapred/src/main/java/org/apache/avro/mapred/tether/TetherReducer.java,org/apache/avro/mapred/tether/TetherReducer.java,73,2,2,2,183,15006,82,82,41,0,0,0,82,82,41,988,542,494,89,7.7411,0,No
AVRO,1.5.3,lang/java/mapred/src/main/java/org/apache/avro/mapred/tether/TetherMapRunner.java,org/apache/avro/mapred/tether/TetherMapRunner.java,76,2,2,2,183,17019,93,93,46,0,0,0,93,93,46,988,542,494,89,7.7411,0,No
AVRO,1.5.3,lang/java/mapred/src/main/java/org/apache/avro/mapred/tether/TetherOutputService.java,org/apache/avro/mapred/tether/TetherOutputService.java,83,3,2,3,183,20313,106,103,35,5,5,1,111,103,37,1122,542,374,70,7.0061,0,No
AVRO,1.5.3,lang/java/mapred/src/main/java/org/apache/avro/mapred/tether/TetherJob.java,org/apache/avro/mapred/tether/TetherJob.java,77,4,2,4,213,49629,162,154,40,71,69,17,233,154,58,1579,542,394,105.75,6.7718,0,No
AVRO,1.5.3,lang/java/mapred/src/main/java/org/apache/avro/mapred/AvroOutputFormat.java,org/apache/avro/mapred/AvroOutputFormat.java,103,9,2,9,423,84600,162,87,18,38,22,4,200,87,22,2174,790,241,68.3333,5.6509,0,No
AVRO,1.5.3,lang/java/mapred/src/main/java/org/apache/avro/mapred/HadoopReducer.java,org/apache/avro/mapred/HadoopReducer.java,50,2,2,2,147,8820,60,60,30,0,0,0,60,60,30,993,564,496,86.5,7.6171,0,No
AVRO,1.5.3,lang/java/mapred/src/main/java/org/apache/avro/mapred/AvroJob.java,org/apache/avro/mapred/AvroJob.java,162,9,2,9,369,126936,269,104,29,75,58,8,344,112,38,2236,796,248,68.3333,5.6893,0,No
AVRO,1.5.3,lang/java/mapred/src/main/java/org/apache/avro/mapred/HadoopReducerBase.java,org/apache/avro/mapred/HadoopReducerBase.java,58,3,2,3,272,18496,68,63,22,0,0,0,68,63,22,1803,810,601,155.6667,7.596,0,No
AVRO,1.5.3,lang/java/mapred/src/main/java/org/apache/avro/mapred/AvroAsTextRecordReader.java,org/apache/avro/mapred/AvroAsTextRecordReader.java,83,1,1,1,0,0,98,98,98,0,0,0,98,98,98,1138,1138,1138,323,8.6857,0,No
AVRO,1.5.3,lang/java/mapred/src/main/java/org/apache/avro/mapred/AvroWrapper.java,org/apache/avro/mapred/AvroWrapper.java,48,4,2,4,329,20069,59,54,14,2,2,0,61,54,15,1839,665,459,121,7.1612,0,No
AVRO,1.5.3,lang/java/avro/src/main/java/org/apache/avro/UnresolvedUnionException.java,org/apache/avro/UnresolvedUnionException.java,34,1,1,1,0,0,39,39,39,0,0,0,39,39,39,679,679,679,115,8.4266,0,No
AVRO,1.5.3,lang/java/avro/src/main/java/org/apache/avro/specific/SpecificData.java,org/apache/avro/specific/SpecificData.java,184,23,2,23,622,297316,340,164,14,138,43,6,478,189,20,3555,649,154,40.6957,4.8889,0,Yes
AVRO,1.5.3,lang/java/avro/src/main/java/org/apache/avro/specific/SpecificRecordBase.java,org/apache/avro/specific/SpecificRecordBase.java,45,8,2,8,561,72930,92,64,11,38,31,4,130,64,16,2233,525,279,48,6.0141,0,No
AVRO,1.5.3,lang/java/avro/src/main/java/org/apache/avro/specific/SpecificDatumReader.java,org/apache/avro/specific/SpecificDatumReader.java,92,22,2,18,615,429885,403,125,18,296,125,13,699,125,31,3164,435,143,28,4.8626,0,No
AVRO,1.5.3,lang/java/avro/src/main/java/org/apache/avro/specific/SpecificExceptionBase.java,org/apache/avro/specific/SpecificExceptionBase.java,36,8,2,8,604,33824,50,40,6,6,3,0,56,40,7,2704,591,338,77,6.216,0,No
AVRO,1.5.3,lang/java/avro/src/main/java/org/apache/avro/util/ByteBufferOutputStream.java,org/apache/avro/util/ByteBufferOutputStream.java,93,10,2,7,658,70406,107,107,10,0,0,0,107,107,10,2831,591,283,64.6,6.0815,0,No
AVRO,1.5.3,lang/java/avro/src/main/java/org/apache/avro/util/WeakIdentityHashMap.java,org/apache/avro/util/WeakIdentityHashMap.java,152,2,2,2,127,21463,169,169,84,0,0,0,169,169,84,1019,592,509,89,7.5174,0,No
AVRO,1.5.3,lang/java/avro/src/main/java/org/apache/avro/util/Utf8.java,org/apache/avro/util/Utf8.java,113,13,2,10,686,242844,243,80,18,111,80,8,354,80,27,3241,689,249,59.6154,6.0227,0,No
AVRO,1.5.3,lang/java/avro/src/main/java/org/apache/avro/util/ByteBufferInputStream.java,org/apache/avro/util/ByteBufferInputStream.java,80,10,2,7,658,58562,89,89,8,0,0,0,89,89,8,2694,809,269,60.5,5.6144,0,Yes
AVRO,1.5.3,lang/java/avro/src/main/java/org/apache/avro/file/SnappyCodec.java,org/apache/avro/file/SnappyCodec.java,68,3,1,3,113,17741,120,81,40,37,30,12,157,81,52,1237,1134,412,126,5.6426,0,No
AVRO,1.5.3,lang/java/avro/src/main/java/org/apache/avro/file/DataFileReader.java,org/apache/avro/file/DataFileReader.java,216,21,2,17,697,798762,696,208,33,450,208,21,1146,208,54,3868,621,184,41.5238,5.1925,0,No
AVRO,1.5.3,lang/java/avro/src/main/java/org/apache/avro/file/DataFileReader12.java,org/apache/avro/file/DataFileReader12.java,199,3,2,3,78,17862,228,221,76,1,1,0,229,221,76,1690,710,563,141.6667,6.6811,0,No
AVRO,1.5.3,lang/java/avro/src/main/java/org/apache/avro/file/DataFileWriter.java,org/apache/avro/file/DataFileWriter.java,361,27,4,23,769,951253,822,183,30,415,183,15,1237,183,45,4428,621,164,39.6667,5.0008,0,No
AVRO,1.5.3,lang/java/avro/src/main/java/org/apache/avro/file/DataFileConstants.java,org/apache/avro/file/DataFileConstants.java,36,8,3,7,545,29975,48,38,6,7,3,0,55,38,6,2796,790,349,78.25,5.3033,0,No
AVRO,1.5.3,lang/java/avro/src/main/java/org/apache/avro/file/DeflateCodec.java,org/apache/avro/file/DeflateCodec.java,128,7,3,7,327,106275,235,104,33,90,51,12,325,104,46,1454,464,207,42.1429,5.0195,0,No
AVRO,1.5.3,lang/java/avro/src/main/java/org/apache/avro/file/DataFileStream.java,org/apache/avro/file/DataFileStream.java,324,16,3,15,546,303576,460,177,28,96,22,6,556,177,34,3330,621,208,54.0625,5.1757,0,No
AVRO,1.5.3,lang/java/avro/src/main/java/org/apache/avro/file/NullCodec.java,org/apache/avro/file/NullCodec.java,54,6,3,6,327,37278,89,57,14,25,13,4,114,57,19,1202,496,200,41.1667,4.8409,0,No
AVRO,1.5.3,lang/java/avro/src/main/java/org/apache/avro/file/LengthLimitedInputStream.java,org/apache/avro/file/LengthLimitedInputStream.java,75,2,2,2,327,27795,85,85,42,0,0,0,85,85,42,1015,551,507,89.5,6.3385,0,No
AVRO,1.5.3,lang/java/avro/src/main/java/org/apache/avro/Schema.java,org/apache/avro/Schema.java,1307,55,4,51,868,3066644,2484,451,45,1049,451,19,3533,451,64,4765,625,86,24.2,3.9107,0,No
AVRO,1.5.3,lang/java/avro/src/main/java/org/apache/avro/Protocol.java,org/apache/avro/Protocol.java,384,24,3,20,615,813030,886,300,36,436,300,18,1322,300,55,3027,435,126,26,4.6721,0,Yes
AVRO,1.5.3,lang/java/avro/src/main/java/org/apache/avro/reflect/ReflectDatumReader.java,org/apache/avro/reflect/ReflectDatumReader.java,124,27,3,24,615,441570,429,92,15,289,92,10,718,92,26,3279,435,121,25.037,4.591,0,No
AVRO,1.5.3,lang/java/avro/src/main/java/org/apache/avro/reflect/ReflectDatumWriter.java,org/apache/avro/reflect/ReflectDatumWriter.java,97,31,2,28,720,334800,288,61,9,177,61,5,465,61,15,4026,654,129,31.3871,4.537,0,No
AVRO,1.5.3,lang/java/avro/src/main/java/org/apache/avro/reflect/ReflectData.java,org/apache/avro/reflect/ReflectData.java,440,41,3,37,840,1502760,1136,194,27,653,194,15,1789,236,43,4497,579,109,29.2195,4.4931,0,Yes
AVRO,1.5.3,lang/java/avro/src/main/java/org/apache/avro/io/ResolvingDecoder.java,org/apache/avro/io/ResolvingDecoder.java,250,18,3,18,610,381250,446,223,24,179,91,9,625,223,34,3078,710,171,41.2222,4.5832,0,No
AVRO,1.5.3,lang/java/avro/src/main/java/org/apache/avro/io/BinaryDecoder.java,org/apache/avro/io/BinaryDecoder.java,889,11,3,11,612,902088,1223,820,111,251,147,22,1474,967,134,2787,622,253,61.4545,5.4314,0,No
AVRO,1.5.3,lang/java/avro/src/main/java/org/apache/avro/io/BinaryData.java,org/apache/avro/io/BinaryData.java,406,11,3,11,543,369240,554,190,50,126,88,11,680,190,61,2719,627,247,61.3636,5.5101,0,No
AVRO,1.5.3,lang/java/avro/src/main/java/org/apache/avro/io/BufferedBinaryEncoder.java,org/apache/avro/io/BufferedBinaryEncoder.java,186,2,2,2,0,0,206,205,103,1,1,0,207,205,103,1119,1053,559,159.5,6.2147,0,No
AVRO,1.5.3,lang/java/avro/src/main/java/org/apache/avro/io/Decoder.java,org/apache/avro/io/Decoder.java,249,11,2,11,615,210945,310,279,28,33,15,3,343,279,31,2705,689,245,58,5.5606,0,No
AVRO,1.5.3,lang/java/avro/src/main/java/org/apache/avro/io/ValidatingEncoder.java,org/apache/avro/io/ValidatingEncoder.java,187,13,3,13,613,293014,348,225,26,130,104,10,478,225,36,2910,689,223,52,4.959,0,No
AVRO,1.5.3,lang/java/avro/src/main/java/org/apache/avro/io/DecoderFactory.java,org/apache/avro/io/DecoderFactory.java,294,5,2,5,374,191488,414,232,82,98,93,19,512,270,102,1748,689,349,94,6.077,0,No
AVRO,1.5.3,lang/java/avro/src/main/java/org/apache/avro/io/ParsingEncoder.java,org/apache/avro/io/ParsingEncoder.java,60,5,2,4,511,35770,70,52,14,0,0,0,70,52,14,1767,809,353,57.6,6.2356,0,No
AVRO,1.5.3,lang/java/avro/src/main/java/org/apache/avro/io/EncoderFactory.java,org/apache/avro/io/EncoderFactory.java,318,3,2,3,4,1480,353,334,117,17,13,5,370,334,123,1138,1053,379,109.6667,5.4493,0,No
AVRO,1.5.3,lang/java/avro/src/main/java/org/apache/avro/io/JsonDecoder.java,org/apache/avro/io/JsonDecoder.java,422,14,3,13,586,359218,539,397,38,74,26,5,613,397,43,3014,710,215,49.0714,4.829,0,No
AVRO,1.5.3,lang/java/avro/src/main/java/org/apache/avro/io/DirectBinaryEncoder.java,org/apache/avro/io/DirectBinaryEncoder.java,119,1,1,1,0,0,133,133,133,0,0,0,133,133,133,1053,1053,1053,301,8.4852,0,No
AVRO,1.5.3,lang/java/avro/src/main/java/org/apache/avro/io/BinaryEncoder.java,org/apache/avro/io/BinaryEncoder.java,104,9,3,9,611,334828,336,266,37,212,189,23,548,266,60,2805,591,311,72.4444,5.8168,0,No
AVRO,1.5.3,lang/java/avro/src/main/java/org/apache/avro/io/BlockingBinaryEncoder.java,org/apache/avro/io/BlockingBinaryEncoder.java,491,11,3,11,630,573300,736,622,66,174,145,15,910,622,82,3002,689,272,61.5455,5.7361,0,No
AVRO,1.5.3,lang/java/avro/src/main/java/org/apache/avro/io/ParsingDecoder.java,org/apache/avro/io/ParsingDecoder.java,68,5,2,5,583,46057,78,74,15,1,1,0,79,74,15,2390,809,478,107.4,6.5753,0,No
AVRO,1.5.3,lang/java/avro/src/main/java/org/apache/avro/io/parsing/Parser.java,org/apache/avro/io/parsing/Parser.java,175,10,3,10,511,197246,289,144,28,97,39,9,386,144,38,1888,801,188,32.8,4.3448,0,No
AVRO,1.5.3,lang/java/avro/src/main/java/org/apache/avro/io/parsing/SkipParser.java,org/apache/avro/io/parsing/SkipParser.java,87,9,3,9,511,61320,108,94,12,12,4,1,120,94,13,1783,801,198,34.3333,4.218,0,No
AVRO,1.5.3,lang/java/avro/src/main/java/org/apache/avro/io/parsing/ValidatingGrammarGenerator.java,org/apache/avro/io/parsing/ValidatingGrammarGenerator.java,125,10,3,10,582,94866,150,138,15,13,4,1,163,138,16,2512,662,251,60.7,5.0688,0,No
AVRO,1.5.3,lang/java/avro/src/main/java/org/apache/avro/io/parsing/Symbol.java,org/apache/avro/io/parsing/Symbol.java,482,15,3,15,645,419895,601,382,40,50,17,3,651,382,43,2788,815,185,44.7333,4.4882,0,No
AVRO,1.5.3,lang/java/avro/src/main/java/org/apache/avro/io/parsing/JsonGrammarGenerator.java,org/apache/avro/io/parsing/JsonGrammarGenerator.java,93,9,3,9,511,66430,115,102,12,15,4,1,130,102,14,1918,511,213,39,4.9822,0,No
AVRO,1.5.3,lang/java/avro/src/main/java/org/apache/avro/io/parsing/ResolvingGrammarGenerator.java,org/apache/avro/io/parsing/ResolvingGrammarGenerator.java,446,20,3,20,582,350946,540,337,27,63,20,3,603,337,30,3110,662,155,39.55,4.4706,0,No
AVRO,1.5.3,lang/java/avro/src/main/java/org/apache/avro/io/ValidatingDecoder.java,org/apache/avro/io/ValidatingDecoder.java,217,13,3,13,613,422970,469,358,36,221,204,17,690,358,53,2813,710,216,49.9231,4.6428,0,No
AVRO,1.5.3,lang/java/avro/src/main/java/org/apache/avro/io/Encoder.java,org/apache/avro/io/Encoder.java,260,9,2,9,615,198030,304,269,33,18,6,2,322,269,35,3004,689,333,71.3333,5.9068,0,No
AVRO,1.5.3,lang/java/avro/src/main/java/org/apache/avro/io/DirectBinaryDecoder.java,org/apache/avro/io/DirectBinaryDecoder.java,179,5,2,5,371,81620,212,203,42,8,4,1,220,203,44,1953,591,390,100.4,6.4246,0,No
AVRO,1.5.3,lang/java/avro/src/main/java/org/apache/avro/io/JsonEncoder.java,org/apache/avro/io/JsonEncoder.java,263,14,3,14,583,216293,333,239,23,38,13,2,371,239,26,2901,689,207,48.2857,4.73,0,No
AVRO,1.5.3,lang/java/avro/src/main/java/org/apache/avro/AvroRemoteException.java,org/apache/avro/AvroRemoteException.java,33,8,2,5,658,26978,41,41,5,0,0,0,41,41,5,2675,809,334,74.25,6.3059,0,Yes
AVRO,1.5.3,lang/java/avro/src/main/java/org/apache/avro/generic/GenericContainer.java,org/apache/avro/generic/GenericContainer.java,24,3,2,3,469,12663,27,27,9,0,0,0,27,27,9,1622,809,540,85,7.333,0,No
AVRO,1.5.3,lang/java/avro/src/main/java/org/apache/avro/generic/GenericFixed.java,org/apache/avro/generic/GenericFixed.java,23,5,2,5,643,18004,26,24,5,2,1,0,28,24,5,2401,809,480,108.8,6.8414,0,No
AVRO,1.5.3,lang/java/avro/src/main/java/org/apache/avro/generic/GenericData.java,org/apache/avro/generic/GenericData.java,616,40,4,36,719,1080657,1086,250,27,417,250,10,1503,250,37,4440,611,111,29.225,4.4175,0,No
AVRO,1.5.3,lang/java/avro/src/main/java/org/apache/avro/generic/GenericDatumReader.java,org/apache/avro/generic/GenericDatumReader.java,358,44,4,39,741,1719861,1360,265,30,961,265,21,2321,265,52,4495,618,102,27.2273,4.2551,0,No
AVRO,1.5.3,lang/java/avro/src/main/java/org/apache/avro/generic/GenericEnumSymbol.java,org/apache/avro/generic/GenericEnumSymbol.java,23,3,2,3,198,5148,25,24,8,1,1,0,26,24,8,1680,662,560,147.3333,7.2844,0,No
AVRO,1.5.3,lang/java/avro/src/main/java/org/apache/avro/generic/GenericDatumWriter.java,org/apache/avro/generic/GenericDatumWriter.java,181,26,3,22,697,644725,566,164,21,359,164,13,925,164,35,4005,662,154,37.4231,4.9779,0,No
AVRO,1.5.3,lang/java/avro/src/main/java/org/apache/avro/AvroRuntimeException.java,org/apache/avro/AvroRuntimeException.java,26,8,2,5,615,47355,53,24,6,24,24,3,77,24,9,2335,809,291,46.75,6.1245,0,No
AVRO,1.5.3,lang/java/ipc/src/main/java/org/apache/avro/ipc/specific/SpecificResponder.java,org/apache/avro/ipc/specific/SpecificResponder.java,86,19,3,16,682,206646,201,64,10,102,46,5,303,67,15,3604,463,189,44.5789,5.3652,0,Yes
AVRO,1.5.3,lang/java/ipc/src/main/java/org/apache/avro/ipc/specific/SpecificRequestor.java,org/apache/avro/ipc/specific/SpecificRequestor.java,139,23,3,20,812,161588,180,121,7,19,13,0,199,121,8,3965,591,172,41.3043,4.8583,0,Yes
AVRO,1.5.3,lang/java/ipc/src/main/java/org/apache/avro/ipc/RPCContext.java,org/apache/avro/ipc/RPCContext.java,186,10,2,10,584,189800,270,149,27,55,18,5,325,149,32,3132,715,313,71,6.1505,0,No
AVRO,1.5.3,lang/java/ipc/src/main/java/org/apache/avro/ipc/trace/TracePlugin.java,org/apache/avro/ipc/trace/TracePlugin.java,333,8,3,8,176,77968,409,322,51,34,20,4,443,322,55,1758,591,219,63,5.1678,0,No
AVRO,1.5.3,lang/java/ipc/src/main/java/org/apache/avro/ipc/trace/StaticServlet.java,org/apache/avro/ipc/trace/StaticServlet.java,44,2,2,2,114,5700,50,50,25,0,0,0,50,50,25,1033,612,516,89,7.4152,0,No
AVRO,1.5.3,lang/java/ipc/src/main/java/org/apache/avro/ipc/trace/Util.java,org/apache/avro/ipc/trace/Util.java,200,5,2,5,132,33000,236,169,47,14,13,2,250,169,50,1147,590,229,48.6,5.6964,0,No
AVRO,1.5.3,lang/java/ipc/src/main/java/org/apache/avro/ipc/trace/FileSpanStorage.java,org/apache/avro/ipc/trace/FileSpanStorage.java,316,2,2,2,124,44516,359,359,179,0,0,0,359,359,179,1020,594,510,89,7.4928,0,No
AVRO,1.5.3,lang/java/ipc/src/main/java/org/apache/avro/ipc/trace/SpanAggregator.java,org/apache/avro/ipc/trace/SpanAggregator.java,162,4,3,4,132,24816,184,155,46,4,2,1,188,155,47,1125,590,281,57,6.212,0,No
AVRO,1.5.3,lang/java/ipc/src/main/java/org/apache/avro/ipc/trace/TraceNode.java,org/apache/avro/ipc/trace/TraceNode.java,123,3,2,3,132,20196,146,94,48,7,7,2,153,94,51,1097,590,365,69.6667,6.6929,0,No
AVRO,1.5.3,lang/java/ipc/src/main/java/org/apache/avro/ipc/trace/TracePluginConfiguration.java,org/apache/avro/ipc/trace/TracePluginConfiguration.java,70,5,2,5,132,10692,78,45,15,3,2,0,81,45,16,1154,590,230,48.6,5.7065,0,No
AVRO,1.5.3,lang/java/ipc/src/main/java/org/apache/avro/ipc/trace/Trace.java,org/apache/avro/ipc/trace/Trace.java,222,4,3,4,132,33396,248,245,62,5,3,1,253,245,63,1104,590,276,54.25,6.0093,0,No
AVRO,1.5.3,lang/java/ipc/src/main/java/org/apache/avro/ipc/trace/TraceClientServlet.java,org/apache/avro/ipc/trace/TraceClientServlet.java,232,4,2,4,176,49984,269,198,67,15,12,3,284,210,71,1688,591,422,114.75,6.6598,0,No
AVRO,1.5.3,lang/java/ipc/src/main/java/org/apache/avro/ipc/trace/TraceCollection.java,org/apache/avro/ipc/trace/TraceCollection.java,271,3,2,3,114,40584,331,281,110,25,25,8,356,281,118,1073,612,357,68,6.6004,0,No
AVRO,1.5.3,lang/java/ipc/src/main/java/org/apache/avro/ipc/trace/InMemorySpanStorage.java,org/apache/avro/ipc/trace/InMemorySpanStorage.java,69,3,2,3,132,10560,79,68,26,1,1,0,80,68,26,1064,590,354,66.3333,6.357,0,No
AVRO,1.5.3,lang/java/ipc/src/main/java/org/apache/avro/ipc/reflect/ReflectResponder.java,org/apache/avro/ipc/reflect/ReflectResponder.java,52,21,2,18,682,45694,65,63,3,2,2,0,67,63,3,3685,591,175,40.7619,5.0567,0,No
AVRO,1.5.3,lang/java/ipc/src/main/java/org/apache/avro/ipc/reflect/ReflectRequestor.java,org/apache/avro/ipc/reflect/ReflectRequestor.java,69,17,2,14,783,66555,83,81,4,2,2,0,85,81,5,3711,618,218,48.4706,5.2474,0,No
AVRO,1.5.3,lang/java/ipc/src/main/java/org/apache/avro/ipc/HttpServer.java,org/apache/avro/ipc/HttpServer.java,94,6,3,6,511,93002,146,76,24,36,26,6,182,76,30,2451,653,408,93.3333,6.3963,0,No
AVRO,1.5.3,lang/java/ipc/src/main/java/org/apache/avro/ipc/DatagramServer.java,org/apache/avro/ipc/DatagramServer.java,64,5,2,5,448,37632,82,79,16,2,1,0,84,79,16,1880,498,376,65.6,6.7876,0,No
AVRO,1.5.3,lang/java/ipc/src/main/java/org/apache/avro/ipc/HttpTransceiver.java,org/apache/avro/ipc/HttpTransceiver.java,98,9,2,9,441,71442,137,116,15,25,14,2,162,116,18,2051,496,227,40.6667,5.3021,0,No
AVRO,1.5.3,lang/java/ipc/src/main/java/org/apache/avro/ipc/SaslSocketServer.java,org/apache/avro/ipc/SaslSocketServer.java,90,2,2,2,89,9078,102,102,51,0,0,0,102,102,51,974,638,487,82.5,7.0515,0,No
AVRO,1.5.3,lang/java/ipc/src/main/java/org/apache/avro/ipc/DatagramTransceiver.java,org/apache/avro/ipc/DatagramTransceiver.java,73,4,2,4,448,38976,86,84,21,1,1,0,87,84,21,1666,519,416,71,6.8587,0,No
AVRO,1.5.3,lang/java/ipc/src/main/java/org/apache/avro/ipc/NettyTransportCodec.java,org/apache/avro/ipc/NettyTransportCodec.java,153,3,2,2,167,30561,183,165,61,0,0,0,183,165,61,1134,552,378,72.3333,6.931,0,No
AVRO,1.5.3,lang/java/ipc/src/main/java/org/apache/avro/ipc/LocalTransceiver.java,org/apache/avro/ipc/LocalTransceiver.java,45,3,2,2,344,17888,52,52,17,0,0,0,52,52,17,1667,809,555,85.6667,6.737,0,No
AVRO,1.5.3,lang/java/ipc/src/main/java/org/apache/avro/ipc/SaslSocketTransceiver.java,org/apache/avro/ipc/SaslSocketTransceiver.java,354,4,2,4,215,87935,406,389,101,3,3,0,409,389,102,1850,638,462,124.75,6.8708,0,No
AVRO,1.5.3,lang/java/ipc/src/main/java/org/apache/avro/ipc/Transceiver.java,org/apache/avro/ipc/Transceiver.java,93,11,2,8,812,166460,157,40,14,48,40,4,205,43,18,3231,827,293,63.6364,5.8814,0,No
AVRO,1.5.3,lang/java/ipc/src/main/java/org/apache/avro/ipc/NettyTransceiver.java,org/apache/avro/ipc/NettyTransceiver.java,362,6,2,6,364,265356,566,264,94,163,99,27,729,308,121,1941,653,323,90,5.8255,0,No
AVRO,1.5.3,lang/java/ipc/src/main/java/org/apache/avro/ipc/SocketTransceiver.java,org/apache/avro/ipc/SocketTransceiver.java,101,14,2,11,615,199260,222,87,15,102,87,7,324,87,23,2930,436,209,37.3571,5.4978,0,No
AVRO,1.5.3,lang/java/ipc/src/main/java/org/apache/avro/ipc/generic/GenericResponder.java,org/apache/avro/ipc/generic/GenericResponder.java,58,12,2,9,682,53196,74,59,6,4,4,0,78,59,6,3128,591,260,58.5833,5.859,0,No
AVRO,1.5.3,lang/java/ipc/src/main/java/org/apache/avro/ipc/generic/GenericRequestor.java,org/apache/avro/ipc/generic/GenericRequestor.java,81,17,2,14,798,79800,96,76,5,4,4,0,100,76,5,3711,591,218,50.5294,5.5551,0,Yes
AVRO,1.5.3,lang/java/ipc/src/main/java/org/apache/avro/ipc/ResponderServlet.java,org/apache/avro/ipc/ResponderServlet.java,48,3,2,3,432,24192,56,56,18,0,0,0,56,56,18,1629,809,543,83.3333,7.2762,0,No
AVRO,1.5.3,lang/java/ipc/src/main/java/org/apache/avro/ipc/Requestor.java,org/apache/avro/ipc/Requestor.java,490,34,3,31,812,1002008,894,363,26,340,106,10,1234,469,36,4351,481,127,32.9412,4.6798,0,Yes
AVRO,1.5.3,lang/java/ipc/src/main/java/org/apache/avro/ipc/NettyServer.java,org/apache/avro/ipc/NettyServer.java,135,6,2,6,350,79800,191,148,31,37,23,6,228,148,38,1874,820,312,83,5.1808,0,No
AVRO,1.5.3,lang/java/ipc/src/main/java/org/apache/avro/ipc/SocketServer.java,org/apache/avro/ipc/SocketServer.java,124,18,2,15,812,403564,321,118,17,176,118,9,497,118,27,3965,591,220,50.5,5.5716,0,Yes
AVRO,1.5.3,lang/java/ipc/src/main/java/org/apache/avro/ipc/stats/StatsServer.java,org/apache/avro/ipc/stats/StatsServer.java,48,2,2,2,140,7560,54,54,27,0,0,0,54,54,27,1002,575,501,87.5,7.5563,0,No
AVRO,1.5.3,lang/java/ipc/src/main/java/org/apache/avro/ipc/stats/StaticServlet.java,org/apache/avro/ipc/stats/StaticServlet.java,41,3,2,3,140,6440,46,28,15,0,0,0,46,28,15,1088,575,362,69,6.7325,0,No
AVRO,1.5.3,lang/java/ipc/src/main/java/org/apache/avro/ipc/stats/FloatHistogram.java,org/apache/avro/ipc/stats/FloatHistogram.java,49,3,2,3,341,18414,54,54,18,0,0,0,54,54,18,1678,809,559,86.3333,6.5512,0,No
AVRO,1.5.3,lang/java/ipc/src/main/java/org/apache/avro/ipc/stats/Stopwatch.java,org/apache/avro/ipc/stats/Stopwatch.java,66,3,2,3,341,25234,74,74,24,0,0,0,74,74,24,1678,809,559,86.3333,6.5512,0,No
AVRO,1.5.3,lang/java/ipc/src/main/java/org/apache/avro/ipc/stats/StatsPlugin.java,org/apache/avro/ipc/stats/StatsPlugin.java,199,6,3,6,341,173228,367,121,61,141,117,23,508,129,84,1875,515,312,52.6667,5.2952,0,No
AVRO,1.5.3,lang/java/ipc/src/main/java/org/apache/avro/ipc/stats/StatsServlet.java,org/apache/avro/ipc/stats/StatsServlet.java,234,6,3,6,341,293942,566,209,94,296,206,49,862,254,143,1875,515,312,52.6667,5.2952,0,No
AVRO,1.5.3,lang/java/ipc/src/main/java/org/apache/avro/ipc/stats/IntegerHistogram.java,org/apache/avro/ipc/stats/IntegerHistogram.java,50,2,2,2,174,9570,55,55,27,0,0,0,55,55,27,990,546,495,88.5,7.7126,0,No
AVRO,1.5.3,lang/java/ipc/src/main/java/org/apache/avro/ipc/stats/Histogram.java,org/apache/avro/ipc/stats/Histogram.java,234,4,3,4,341,94457,272,205,68,5,5,1,277,205,69,1815,502,453,74,6.4189,0,No
AVRO,1.5.3,lang/java/ipc/src/main/java/org/apache/avro/ipc/Responder.java,org/apache/avro/ipc/Responder.java,221,34,2,31,798,636804,528,124,15,270,124,7,798,124,23,4401,471,129,33.5588,4.8254,0,No
AVRO,1.5.3,lang/java/ipc/src/main/java/org/apache/avro/ipc/Ipc.java,org/apache/avro/ipc/Ipc.java,47,2,2,2,6,318,53,53,26,0,0,0,53,53,26,981,656,490,79,6.4575,0,No
AVRO,1.5.3,lang/java/compiler/src/main/java/org/apache/avro/compiler/specific/ProtocolTask.java,org/apache/avro/compiler/specific/ProtocolTask.java,69,9,2,6,658,53298,81,81,9,0,0,0,81,81,9,2674,809,297,66.5556,6.0695,0,No
AVRO,1.5.3,lang/java/compiler/src/main/java/org/apache/avro/compiler/specific/SpecificCompiler.java,org/apache/avro/compiler/specific/SpecificCompiler.java,409,44,4,40,868,401884,457,431,10,6,6,0,463,431,10,4571,591,103,27.1136,4.2425,0,No
AVRO,1.5.4,lang/java/tools/src/main/java/org/apache/avro/tool/JsonToBinaryFragmentTool.java,org/apache/avro/tool/JsonToBinaryFragmentTool.java,74,6,2,5,422,38402,86,77,14,5,3,0,91,77,15,2604,689,434,96.8333,6.2637,0,No
AVRO,1.5.4,lang/java/tools/src/main/java/org/apache/avro/tool/Util.java,org/apache/avro/tool/Util.java,113,7,2,6,422,59924,131,54,18,11,6,1,142,60,20,2652,710,378,87,6.1862,0,Yes
AVRO,1.5.4,lang/java/tools/src/main/java/org/apache/avro/tool/IdlTool.java,org/apache/avro/tool/IdlTool.java,68,7,2,7,392,41944,93,78,13,14,7,2,107,78,15,2552,591,364,84,5.7196,0,No
AVRO,1.5.4,lang/java/tools/src/main/java/org/apache/avro/tool/FromTextTool.java,org/apache/avro/tool/FromTextTool.java,113,3,2,3,306,48348,144,99,48,14,14,4,158,99,52,1799,810,599,157,7.6666,0,Yes
AVRO,1.5.4,lang/java/tools/src/main/java/org/apache/avro/tool/RpcSendTool.java,org/apache/avro/tool/RpcSendTool.java,105,7,2,7,420,70560,143,98,20,25,13,3,168,98,24,2687,591,383,87.7143,6.0436,0,No
AVRO,1.5.4,lang/java/tools/src/main/java/org/apache/avro/tool/ToTextTool.java,org/apache/avro/tool/ToTextTool.java,74,3,2,3,306,28764,91,88,30,3,3,1,94,88,31,1799,810,599,157,7.6666,0,No
AVRO,1.5.4,lang/java/tools/src/main/java/org/apache/avro/tool/TetherTool.java,org/apache/avro/tool/TetherTool.java,83,2,1,2,17,1615,95,78,47,0,0,0,95,78,47,1164,1045,582,172,6.4598,0,No
AVRO,1.5.4,lang/java/tools/src/main/java/org/apache/avro/tool/DataFileGetSchemaTool.java,org/apache/avro/tool/DataFileGetSchemaTool.java,48,3,2,2,349,18846,54,54,18,0,0,0,54,54,18,1671,809,557,86.3333,6.962,0,No
AVRO,1.5.4,lang/java/tools/src/main/java/org/apache/avro/tool/Tool.java,org/apache/avro/tool/Tool.java,47,8,2,8,457,29705,58,34,7,7,3,0,65,34,8,2556,804,319,71.375,5.1741,0,No
AVRO,1.5.4,lang/java/tools/src/main/java/org/apache/avro/tool/DataFileReadTool.java,org/apache/avro/tool/DataFileReadTool.java,69,7,2,5,421,39995,86,79,12,9,5,1,95,79,13,2572,689,367,82.2857,5.6006,0,No
AVRO,1.5.4,lang/java/tools/src/main/java/org/apache/avro/tool/Main.java,org/apache/avro/tool/Main.java,87,17,3,16,457,64894,120,58,7,22,6,1,142,58,8,3065,500,180,42.6471,4.5271,0,No
AVRO,1.5.4,lang/java/tools/src/main/java/org/apache/avro/tool/BinaryFragmentToJsonTool.java,org/apache/avro/tool/BinaryFragmentToJsonTool.java,80,6,2,5,422,40090,90,84,15,5,2,0,95,84,15,2484,689,414,95.5,6.2382,0,No
AVRO,1.5.4,lang/java/tools/src/main/java/org/apache/avro/tool/DataFileWriteTool.java,org/apache/avro/tool/DataFileWriteTool.java,125,7,3,5,422,72162,154,82,22,17,8,2,171,82,24,2663,710,380,84.8571,5.5549,0,No
AVRO,1.5.4,lang/java/tools/src/main/java/org/apache/avro/tool/SpecificCompilerTool.java,org/apache/avro/tool/SpecificCompilerTool.java,116,3,2,3,209,30096,138,74,46,6,6,2,144,80,48,1386,1040,462,134.3333,6.3135,0,No
AVRO,1.5.4,lang/java/tools/src/main/java/org/apache/avro/tool/RecodecTool.java,org/apache/avro/tool/RecodecTool.java,104,2,2,2,23,2645,115,115,57,0,0,0,115,115,57,982,653,491,80.5,6.702,0,No
AVRO,1.5.4,lang/java/tools/src/main/java/org/apache/avro/tool/InduceSchemaTool.java,org/apache/avro/tool/InduceSchemaTool.java,69,8,3,8,433,32908,76,76,9,0,0,0,76,76,9,2356,591,294,71.875,5.1027,0,No
AVRO,1.5.4,lang/java/tools/src/main/java/org/apache/avro/tool/RpcReceiveTool.java,org/apache/avro/tool/RpcReceiveTool.java,162,8,2,8,420,89880,197,140,24,17,10,2,214,140,26,2843,591,355,82.625,6.0921,0,No
AVRO,1.5.4,lang/java/maven-plugin/src/main/java/org/apache/avro/mojo/ProtocolMojo.java,org/apache/avro/mojo/ProtocolMojo.java,58,3,2,3,134,9380,68,66,22,2,1,0,70,66,23,1559,674,519,150,7.2781,0,No
AVRO,1.5.4,lang/java/maven-plugin/src/main/java/org/apache/avro/mojo/SchemaMojo.java,org/apache/avro/mojo/SchemaMojo.java,58,3,2,3,134,9380,68,66,22,2,1,0,70,66,23,1559,674,519,150,7.2781,0,No
AVRO,1.5.4,lang/java/maven-plugin/src/main/java/org/apache/avro/mojo/AbstractAvroMojo.java,org/apache/avro/mojo/AbstractAvroMojo.java,126,1,1,1,0,0,143,143,143,0,0,0,143,143,143,674,674,674,115,8.4172,0,No
AVRO,1.5.4,lang/java/maven-plugin/src/main/java/org/apache/avro/mojo/IDLProtocolMojo.java,org/apache/avro/mojo/IDLProtocolMojo.java,69,3,2,3,134,11524,82,78,27,4,3,1,86,78,28,1559,674,519,150,7.2781,0,No
AVRO,1.5.4,lang/java/mapred/src/main/java/org/apache/avro/mapred/Pair.java,org/apache/avro/mapred/Pair.java,494,4,2,4,161,89516,539,453,134,17,17,4,556,453,139,1072,564,268,51.25,5.7186,0,No
AVRO,1.5.4,lang/java/mapred/src/main/java/org/apache/avro/mapred/AvroTextOutputFormat.java,org/apache/avro/mapred/AvroTextOutputFormat.java,113,1,1,1,0,0,134,134,134,0,0,0,134,134,134,1140,1140,1140,323,8.6911,0,No
AVRO,1.5.4,lang/java/mapred/src/main/java/org/apache/avro/mapred/FsInput.java,org/apache/avro/mapred/FsInput.java,49,2,2,2,258,15480,60,60,30,0,0,0,60,60,30,975,502,487,89.5,7.7978,0,No
AVRO,1.5.4,lang/java/mapred/src/main/java/org/apache/avro/mapred/HadoopCombiner.java,org/apache/avro/mapred/HadoopCombiner.java,52,2,2,2,147,9114,62,62,31,0,0,0,62,62,31,993,564,496,86.5,7.6171,0,No
AVRO,1.5.4,lang/java/mapred/src/main/java/org/apache/avro/mapred/AvroUtf8InputFormat.java,org/apache/avro/mapred/AvroUtf8InputFormat.java,96,3,2,2,183,21411,117,98,39,0,0,0,117,98,39,1150,543,383,72.3333,6.9763,0,No
AVRO,1.5.4,lang/java/mapred/src/main/java/org/apache/avro/mapred/HadoopMapper.java,org/apache/avro/mapred/HadoopMapper.java,77,3,2,3,272,25296,91,83,30,2,2,0,93,83,31,1803,810,601,155.6667,7.596,0,No
AVRO,1.5.4,lang/java/mapred/src/main/java/org/apache/avro/mapred/AvroSerialization.java,org/apache/avro/mapred/AvroSerialization.java,120,7,2,7,330,75900,187,148,26,43,26,6,230,148,32,1977,683,282,75.4286,5.7879,0,No
AVRO,1.5.4,lang/java/mapred/src/main/java/org/apache/avro/mapred/SequenceFileReader.java,org/apache/avro/mapred/SequenceFileReader.java,213,2,2,2,89,21983,247,247,123,0,0,0,247,247,123,980,643,490,83,7.0294,0,No
AVRO,1.5.4,lang/java/mapred/src/main/java/org/apache/avro/mapred/tether/TetherKeySerialization.java,org/apache/avro/mapred/tether/TetherKeySerialization.java,72,4,2,4,255,25500,96,91,24,4,3,1,100,91,25,1743,689,435,115.25,6.5907,0,No
AVRO,1.5.4,lang/java/mapred/src/main/java/org/apache/avro/mapred/tether/TetheredProcess.java,org/apache/avro/mapred/tether/TetheredProcess.java,113,5,2,5,226,31188,135,131,27,3,2,0,138,131,27,1803,591,360,96.6,6.3205,0,No
AVRO,1.5.4,lang/java/mapred/src/main/java/org/apache/avro/mapred/tether/TetherPartitioner.java,org/apache/avro/mapred/tether/TetherPartitioner.java,47,3,2,3,183,10797,59,59,19,0,0,0,59,59,19,992,542,330,60.6667,5.5769,0,No
AVRO,1.5.4,lang/java/mapred/src/main/java/org/apache/avro/mapred/tether/TetherData.java,org/apache/avro/mapred/tether/TetherData.java,34,2,2,2,183,7686,42,42,21,0,0,0,42,42,21,988,542,494,89,7.7411,0,No
AVRO,1.5.4,lang/java/mapred/src/main/java/org/apache/avro/mapred/tether/TetherOutputFormat.java,org/apache/avro/mapred/tether/TetherOutputFormat.java,67,2,2,2,183,14640,80,80,40,0,0,0,80,80,40,988,542,494,89,7.7411,0,No
AVRO,1.5.4,lang/java/mapred/src/main/java/org/apache/avro/mapred/tether/TetherRecordReader.java,org/apache/avro/mapred/tether/TetherRecordReader.java,67,2,2,2,183,15372,84,84,42,0,0,0,84,84,42,988,542,494,89,7.7411,0,No
AVRO,1.5.4,lang/java/mapred/src/main/java/org/apache/avro/mapred/tether/TetherKeyComparator.java,org/apache/avro/mapred/tether/TetherKeyComparator.java,51,3,2,3,245,15925,63,61,21,2,2,0,65,61,21,1615,627,538,145.3333,7.4006,0,No
AVRO,1.5.4,lang/java/mapred/src/main/java/org/apache/avro/mapred/tether/TetherReducer.java,org/apache/avro/mapred/tether/TetherReducer.java,73,2,2,2,183,15006,82,82,41,0,0,0,82,82,41,988,542,494,89,7.7411,0,No
AVRO,1.5.4,lang/java/mapred/src/main/java/org/apache/avro/mapred/tether/TetherMapRunner.java,org/apache/avro/mapred/tether/TetherMapRunner.java,76,2,2,2,183,17019,93,93,46,0,0,0,93,93,46,988,542,494,89,7.7411,0,No
AVRO,1.5.4,lang/java/mapred/src/main/java/org/apache/avro/mapred/tether/TetherOutputService.java,org/apache/avro/mapred/tether/TetherOutputService.java,83,3,2,3,183,20313,106,103,35,5,5,1,111,103,37,1122,542,374,70,7.0061,0,No
AVRO,1.5.4,lang/java/mapred/src/main/java/org/apache/avro/mapred/tether/TetherJob.java,org/apache/avro/mapred/tether/TetherJob.java,77,4,2,4,213,49629,162,154,40,71,69,17,233,154,58,1579,542,394,105.75,6.7718,0,No
AVRO,1.5.4,lang/java/mapred/src/main/java/org/apache/avro/mapred/AvroOutputFormat.java,org/apache/avro/mapred/AvroOutputFormat.java,103,9,2,9,423,84600,162,87,18,38,22,4,200,87,22,2174,790,241,68.3333,5.6509,0,No
AVRO,1.5.4,lang/java/mapred/src/main/java/org/apache/avro/mapred/HadoopReducer.java,org/apache/avro/mapred/HadoopReducer.java,50,2,2,2,147,8820,60,60,30,0,0,0,60,60,30,993,564,496,86.5,7.6171,0,No
AVRO,1.5.4,lang/java/mapred/src/main/java/org/apache/avro/mapred/AvroJob.java,org/apache/avro/mapred/AvroJob.java,162,9,2,9,369,126936,269,104,29,75,58,8,344,112,38,2236,796,248,68.3333,5.6893,0,No
AVRO,1.5.4,lang/java/mapred/src/main/java/org/apache/avro/mapred/HadoopReducerBase.java,org/apache/avro/mapred/HadoopReducerBase.java,58,3,2,3,272,18496,68,63,22,0,0,0,68,63,22,1803,810,601,155.6667,7.596,0,No
AVRO,1.5.4,lang/java/mapred/src/main/java/org/apache/avro/mapred/AvroAsTextRecordReader.java,org/apache/avro/mapred/AvroAsTextRecordReader.java,83,1,1,1,0,0,98,98,98,0,0,0,98,98,98,1138,1138,1138,323,8.6857,0,No
AVRO,1.5.4,lang/java/mapred/src/main/java/org/apache/avro/mapred/AvroWrapper.java,org/apache/avro/mapred/AvroWrapper.java,48,4,2,4,329,20069,59,54,14,2,2,0,61,54,15,1839,665,459,121,7.1612,0,No
AVRO,1.5.4,lang/java/avro/src/main/java/org/apache/avro/UnresolvedUnionException.java,org/apache/avro/UnresolvedUnionException.java,34,1,1,1,0,0,39,39,39,0,0,0,39,39,39,679,679,679,115,8.4266,0,No
AVRO,1.5.4,lang/java/avro/src/main/java/org/apache/avro/specific/SpecificData.java,org/apache/avro/specific/SpecificData.java,184,23,2,23,622,297316,340,164,14,138,43,6,478,189,20,3555,649,154,40.6957,4.8889,0,Yes
AVRO,1.5.4,lang/java/avro/src/main/java/org/apache/avro/specific/SpecificRecordBase.java,org/apache/avro/specific/SpecificRecordBase.java,45,8,2,8,561,72930,92,64,11,38,31,4,130,64,16,2233,525,279,48,6.0141,0,No
AVRO,1.5.4,lang/java/avro/src/main/java/org/apache/avro/specific/SpecificDatumReader.java,org/apache/avro/specific/SpecificDatumReader.java,92,22,2,18,615,429885,403,125,18,296,125,13,699,125,31,3164,435,143,28,4.8626,0,No
AVRO,1.5.4,lang/java/avro/src/main/java/org/apache/avro/specific/SpecificExceptionBase.java,org/apache/avro/specific/SpecificExceptionBase.java,36,8,2,8,604,33824,50,40,6,6,3,0,56,40,7,2704,591,338,77,6.216,0,No
AVRO,1.5.4,lang/java/avro/src/main/java/org/apache/avro/util/ByteBufferOutputStream.java,org/apache/avro/util/ByteBufferOutputStream.java,93,10,2,7,658,70406,107,107,10,0,0,0,107,107,10,2831,591,283,64.6,6.0815,0,No
AVRO,1.5.4,lang/java/avro/src/main/java/org/apache/avro/util/WeakIdentityHashMap.java,org/apache/avro/util/WeakIdentityHashMap.java,152,2,2,2,127,21463,169,169,84,0,0,0,169,169,84,1019,592,509,89,7.5174,0,No
AVRO,1.5.4,lang/java/avro/src/main/java/org/apache/avro/util/Utf8.java,org/apache/avro/util/Utf8.java,113,13,2,10,686,242844,243,80,18,111,80,8,354,80,27,3241,689,249,59.6154,6.0227,0,No
AVRO,1.5.4,lang/java/avro/src/main/java/org/apache/avro/util/ByteBufferInputStream.java,org/apache/avro/util/ByteBufferInputStream.java,80,10,2,7,658,58562,89,89,8,0,0,0,89,89,8,2694,809,269,60.5,5.6144,0,Yes
AVRO,1.5.4,lang/java/avro/src/main/java/org/apache/avro/file/SnappyCodec.java,org/apache/avro/file/SnappyCodec.java,68,3,1,3,113,17741,120,81,40,37,30,12,157,81,52,1237,1134,412,126,5.6426,0,No
AVRO,1.5.4,lang/java/avro/src/main/java/org/apache/avro/file/DataFileReader.java,org/apache/avro/file/DataFileReader.java,216,21,2,17,697,798762,696,208,33,450,208,21,1146,208,54,3868,621,184,41.5238,5.1925,0,No
AVRO,1.5.4,lang/java/avro/src/main/java/org/apache/avro/file/DataFileReader12.java,org/apache/avro/file/DataFileReader12.java,199,3,2,3,78,17862,228,221,76,1,1,0,229,221,76,1690,710,563,141.6667,6.6811,0,No
AVRO,1.5.4,lang/java/avro/src/main/java/org/apache/avro/file/DataFileWriter.java,org/apache/avro/file/DataFileWriter.java,361,27,4,23,769,951253,822,183,30,415,183,15,1237,183,45,4428,621,164,39.6667,5.0008,0,No
AVRO,1.5.4,lang/java/avro/src/main/java/org/apache/avro/file/DataFileConstants.java,org/apache/avro/file/DataFileConstants.java,36,8,3,7,545,29975,48,38,6,7,3,0,55,38,6,2796,790,349,78.25,5.3033,0,No
AVRO,1.5.4,lang/java/avro/src/main/java/org/apache/avro/file/DeflateCodec.java,org/apache/avro/file/DeflateCodec.java,128,7,3,7,327,106275,235,104,33,90,51,12,325,104,46,1454,464,207,42.1429,5.0195,0,No
AVRO,1.5.4,lang/java/avro/src/main/java/org/apache/avro/file/DataFileStream.java,org/apache/avro/file/DataFileStream.java,324,16,3,15,546,303576,460,177,28,96,22,6,556,177,34,3330,621,208,54.0625,5.1757,0,No
AVRO,1.5.4,lang/java/avro/src/main/java/org/apache/avro/file/NullCodec.java,org/apache/avro/file/NullCodec.java,54,6,3,6,327,37278,89,57,14,25,13,4,114,57,19,1202,496,200,41.1667,4.8409,0,No
AVRO,1.5.4,lang/java/avro/src/main/java/org/apache/avro/file/LengthLimitedInputStream.java,org/apache/avro/file/LengthLimitedInputStream.java,75,2,2,2,327,27795,85,85,42,0,0,0,85,85,42,1015,551,507,89.5,6.3385,0,No
AVRO,1.5.4,lang/java/avro/src/main/java/org/apache/avro/Schema.java,org/apache/avro/Schema.java,1307,55,4,51,868,3066644,2484,451,45,1049,451,19,3533,451,64,4765,625,86,24.2,3.9107,0,No
AVRO,1.5.4,lang/java/avro/src/main/java/org/apache/avro/Protocol.java,org/apache/avro/Protocol.java,384,24,3,20,615,813030,886,300,36,436,300,18,1322,300,55,3027,435,126,26,4.6721,0,Yes
AVRO,1.5.4,lang/java/avro/src/main/java/org/apache/avro/reflect/ReflectDatumReader.java,org/apache/avro/reflect/ReflectDatumReader.java,124,27,3,24,615,441570,429,92,15,289,92,10,718,92,26,3279,435,121,25.037,4.591,0,No
AVRO,1.5.4,lang/java/avro/src/main/java/org/apache/avro/reflect/ReflectDatumWriter.java,org/apache/avro/reflect/ReflectDatumWriter.java,97,31,2,28,720,334800,288,61,9,177,61,5,465,61,15,4026,654,129,31.3871,4.537,0,No
AVRO,1.5.4,lang/java/avro/src/main/java/org/apache/avro/reflect/ReflectData.java,org/apache/avro/reflect/ReflectData.java,440,41,3,37,840,1502760,1136,194,27,653,194,15,1789,236,43,4497,579,109,29.2195,4.4931,0,Yes
AVRO,1.5.4,lang/java/avro/src/main/java/org/apache/avro/io/ResolvingDecoder.java,org/apache/avro/io/ResolvingDecoder.java,250,18,3,18,610,381250,446,223,24,179,91,9,625,223,34,3078,710,171,41.2222,4.5832,0,No
AVRO,1.5.4,lang/java/avro/src/main/java/org/apache/avro/io/BinaryDecoder.java,org/apache/avro/io/BinaryDecoder.java,889,11,3,11,612,902088,1223,820,111,251,147,22,1474,967,134,2787,622,253,61.4545,5.4314,0,No
AVRO,1.5.4,lang/java/avro/src/main/java/org/apache/avro/io/BinaryData.java,org/apache/avro/io/BinaryData.java,406,11,3,11,543,369240,554,190,50,126,88,11,680,190,61,2719,627,247,61.3636,5.5101,0,No
AVRO,1.5.4,lang/java/avro/src/main/java/org/apache/avro/io/BufferedBinaryEncoder.java,org/apache/avro/io/BufferedBinaryEncoder.java,186,2,2,2,0,0,206,205,103,1,1,0,207,205,103,1119,1053,559,159.5,6.2147,0,No
AVRO,1.5.4,lang/java/avro/src/main/java/org/apache/avro/io/Decoder.java,org/apache/avro/io/Decoder.java,249,11,2,11,615,210945,310,279,28,33,15,3,343,279,31,2705,689,245,58,5.5606,0,No
AVRO,1.5.4,lang/java/avro/src/main/java/org/apache/avro/io/ValidatingEncoder.java,org/apache/avro/io/ValidatingEncoder.java,187,13,3,13,613,293014,348,225,26,130,104,10,478,225,36,2910,689,223,52,4.959,0,No
AVRO,1.5.4,lang/java/avro/src/main/java/org/apache/avro/io/DecoderFactory.java,org/apache/avro/io/DecoderFactory.java,294,5,2,5,374,191488,414,232,82,98,93,19,512,270,102,1748,689,349,94,6.077,0,No
AVRO,1.5.4,lang/java/avro/src/main/java/org/apache/avro/io/ParsingEncoder.java,org/apache/avro/io/ParsingEncoder.java,60,5,2,4,511,35770,70,52,14,0,0,0,70,52,14,1767,809,353,57.6,6.2356,0,No
AVRO,1.5.4,lang/java/avro/src/main/java/org/apache/avro/io/EncoderFactory.java,org/apache/avro/io/EncoderFactory.java,318,3,2,3,4,1480,353,334,117,17,13,5,370,334,123,1138,1053,379,109.6667,5.4493,0,No
AVRO,1.5.4,lang/java/avro/src/main/java/org/apache/avro/io/JsonDecoder.java,org/apache/avro/io/JsonDecoder.java,422,14,3,13,586,359218,539,397,38,74,26,5,613,397,43,3014,710,215,49.0714,4.829,0,No
AVRO,1.5.4,lang/java/avro/src/main/java/org/apache/avro/io/DirectBinaryEncoder.java,org/apache/avro/io/DirectBinaryEncoder.java,119,1,1,1,0,0,133,133,133,0,0,0,133,133,133,1053,1053,1053,301,8.4852,0,No
AVRO,1.5.4,lang/java/avro/src/main/java/org/apache/avro/io/BinaryEncoder.java,org/apache/avro/io/BinaryEncoder.java,104,9,3,9,611,334828,336,266,37,212,189,23,548,266,60,2805,591,311,72.4444,5.8168,0,No
AVRO,1.5.4,lang/java/avro/src/main/java/org/apache/avro/io/BlockingBinaryEncoder.java,org/apache/avro/io/BlockingBinaryEncoder.java,491,11,3,11,630,573300,736,622,66,174,145,15,910,622,82,3002,689,272,61.5455,5.7361,0,No
AVRO,1.5.4,lang/java/avro/src/main/java/org/apache/avro/io/ParsingDecoder.java,org/apache/avro/io/ParsingDecoder.java,68,5,2,5,583,46057,78,74,15,1,1,0,79,74,15,2390,809,478,107.4,6.5753,0,No
AVRO,1.5.4,lang/java/avro/src/main/java/org/apache/avro/io/parsing/Parser.java,org/apache/avro/io/parsing/Parser.java,175,10,3,10,511,197246,289,144,28,97,39,9,386,144,38,1888,801,188,32.8,4.3448,0,No
AVRO,1.5.4,lang/java/avro/src/main/java/org/apache/avro/io/parsing/SkipParser.java,org/apache/avro/io/parsing/SkipParser.java,87,9,3,9,511,61320,108,94,12,12,4,1,120,94,13,1783,801,198,34.3333,4.218,0,No
AVRO,1.5.4,lang/java/avro/src/main/java/org/apache/avro/io/parsing/ValidatingGrammarGenerator.java,org/apache/avro/io/parsing/ValidatingGrammarGenerator.java,125,10,3,10,582,94866,150,138,15,13,4,1,163,138,16,2512,662,251,60.7,5.0688,0,No
AVRO,1.5.4,lang/java/avro/src/main/java/org/apache/avro/io/parsing/Symbol.java,org/apache/avro/io/parsing/Symbol.java,482,15,3,15,645,419895,601,382,40,50,17,3,651,382,43,2788,815,185,44.7333,4.4882,0,No
AVRO,1.5.4,lang/java/avro/src/main/java/org/apache/avro/io/parsing/JsonGrammarGenerator.java,org/apache/avro/io/parsing/JsonGrammarGenerator.java,93,9,3,9,511,66430,115,102,12,15,4,1,130,102,14,1918,511,213,39,4.9822,0,No
AVRO,1.5.4,lang/java/avro/src/main/java/org/apache/avro/io/parsing/ResolvingGrammarGenerator.java,org/apache/avro/io/parsing/ResolvingGrammarGenerator.java,446,20,3,20,582,350946,540,337,27,63,20,3,603,337,30,3110,662,155,39.55,4.4706,0,No
AVRO,1.5.4,lang/java/avro/src/main/java/org/apache/avro/io/ValidatingDecoder.java,org/apache/avro/io/ValidatingDecoder.java,217,13,3,13,613,422970,469,358,36,221,204,17,690,358,53,2813,710,216,49.9231,4.6428,0,No
AVRO,1.5.4,lang/java/avro/src/main/java/org/apache/avro/io/Encoder.java,org/apache/avro/io/Encoder.java,260,9,2,9,615,198030,304,269,33,18,6,2,322,269,35,3004,689,333,71.3333,5.9068,0,No
AVRO,1.5.4,lang/java/avro/src/main/java/org/apache/avro/io/DirectBinaryDecoder.java,org/apache/avro/io/DirectBinaryDecoder.java,179,5,2,5,371,81620,212,203,42,8,4,1,220,203,44,1953,591,390,100.4,6.4246,0,No
AVRO,1.5.4,lang/java/avro/src/main/java/org/apache/avro/io/JsonEncoder.java,org/apache/avro/io/JsonEncoder.java,263,14,3,14,583,216293,333,239,23,38,13,2,371,239,26,2901,689,207,48.2857,4.73,0,No
AVRO,1.5.4,lang/java/avro/src/main/java/org/apache/avro/AvroRemoteException.java,org/apache/avro/AvroRemoteException.java,33,8,2,5,658,26978,41,41,5,0,0,0,41,41,5,2675,809,334,74.25,6.3059,0,Yes
AVRO,1.5.4,lang/java/avro/src/main/java/org/apache/avro/generic/GenericContainer.java,org/apache/avro/generic/GenericContainer.java,24,3,2,3,469,12663,27,27,9,0,0,0,27,27,9,1622,809,540,85,7.333,0,No
AVRO,1.5.4,lang/java/avro/src/main/java/org/apache/avro/generic/GenericFixed.java,org/apache/avro/generic/GenericFixed.java,23,5,2,5,643,18004,26,24,5,2,1,0,28,24,5,2401,809,480,108.8,6.8414,0,No
AVRO,1.5.4,lang/java/avro/src/main/java/org/apache/avro/generic/GenericData.java,org/apache/avro/generic/GenericData.java,616,40,4,36,719,1080657,1086,250,27,417,250,10,1503,250,37,4440,611,111,29.225,4.4175,0,No
AVRO,1.5.4,lang/java/avro/src/main/java/org/apache/avro/generic/GenericDatumReader.java,org/apache/avro/generic/GenericDatumReader.java,358,44,4,39,741,1719861,1360,265,30,961,265,21,2321,265,52,4495,618,102,27.2273,4.2551,0,No
AVRO,1.5.4,lang/java/avro/src/main/java/org/apache/avro/generic/GenericEnumSymbol.java,org/apache/avro/generic/GenericEnumSymbol.java,23,3,2,3,198,5148,25,24,8,1,1,0,26,24,8,1680,662,560,147.3333,7.2844,0,No
AVRO,1.5.4,lang/java/avro/src/main/java/org/apache/avro/generic/GenericDatumWriter.java,org/apache/avro/generic/GenericDatumWriter.java,181,26,3,22,697,644725,566,164,21,359,164,13,925,164,35,4005,662,154,37.4231,4.9779,0,No
AVRO,1.5.4,lang/java/avro/src/main/java/org/apache/avro/AvroRuntimeException.java,org/apache/avro/AvroRuntimeException.java,26,8,2,5,615,47355,53,24,6,24,24,3,77,24,9,2335,809,291,46.75,6.1245,0,No
AVRO,1.5.4,lang/java/ipc/src/main/java/org/apache/avro/ipc/specific/SpecificResponder.java,org/apache/avro/ipc/specific/SpecificResponder.java,86,19,3,16,682,206646,201,64,10,102,46,5,303,67,15,3604,463,189,44.5789,5.3652,0,Yes
AVRO,1.5.4,lang/java/ipc/src/main/java/org/apache/avro/ipc/specific/SpecificRequestor.java,org/apache/avro/ipc/specific/SpecificRequestor.java,139,23,3,20,812,161588,180,121,7,19,13,0,199,121,8,3965,591,172,41.3043,4.8583,0,Yes
AVRO,1.5.4,lang/java/ipc/src/main/java/org/apache/avro/ipc/RPCContext.java,org/apache/avro/ipc/RPCContext.java,186,10,2,10,584,189800,270,149,27,55,18,5,325,149,32,3132,715,313,71,6.1505,0,No
AVRO,1.5.4,lang/java/ipc/src/main/java/org/apache/avro/ipc/trace/TracePlugin.java,org/apache/avro/ipc/trace/TracePlugin.java,333,8,3,8,176,77968,409,322,51,34,20,4,443,322,55,1758,591,219,63,5.1678,0,No
AVRO,1.5.4,lang/java/ipc/src/main/java/org/apache/avro/ipc/trace/StaticServlet.java,org/apache/avro/ipc/trace/StaticServlet.java,44,2,2,2,114,5700,50,50,25,0,0,0,50,50,25,1033,612,516,89,7.4152,0,No
AVRO,1.5.4,lang/java/ipc/src/main/java/org/apache/avro/ipc/trace/Util.java,org/apache/avro/ipc/trace/Util.java,200,5,2,5,132,33000,236,169,47,14,13,2,250,169,50,1147,590,229,48.6,5.6964,0,No
AVRO,1.5.4,lang/java/ipc/src/main/java/org/apache/avro/ipc/trace/FileSpanStorage.java,org/apache/avro/ipc/trace/FileSpanStorage.java,316,2,2,2,124,44516,359,359,179,0,0,0,359,359,179,1020,594,510,89,7.4928,0,No
AVRO,1.5.4,lang/java/ipc/src/main/java/org/apache/avro/ipc/trace/SpanAggregator.java,org/apache/avro/ipc/trace/SpanAggregator.java,162,4,3,4,132,24816,184,155,46,4,2,1,188,155,47,1125,590,281,57,6.212,0,No
AVRO,1.5.4,lang/java/ipc/src/main/java/org/apache/avro/ipc/trace/TraceNode.java,org/apache/avro/ipc/trace/TraceNode.java,123,3,2,3,132,20196,146,94,48,7,7,2,153,94,51,1097,590,365,69.6667,6.6929,0,No
AVRO,1.5.4,lang/java/ipc/src/main/java/org/apache/avro/ipc/trace/TracePluginConfiguration.java,org/apache/avro/ipc/trace/TracePluginConfiguration.java,70,5,2,5,132,10692,78,45,15,3,2,0,81,45,16,1154,590,230,48.6,5.7065,0,No
AVRO,1.5.4,lang/java/ipc/src/main/java/org/apache/avro/ipc/trace/Trace.java,org/apache/avro/ipc/trace/Trace.java,222,4,3,4,132,33396,248,245,62,5,3,1,253,245,63,1104,590,276,54.25,6.0093,0,No
AVRO,1.5.4,lang/java/ipc/src/main/java/org/apache/avro/ipc/trace/TraceClientServlet.java,org/apache/avro/ipc/trace/TraceClientServlet.java,232,4,2,4,176,49984,269,198,67,15,12,3,284,210,71,1688,591,422,114.75,6.6598,0,No
AVRO,1.5.4,lang/java/ipc/src/main/java/org/apache/avro/ipc/trace/TraceCollection.java,org/apache/avro/ipc/trace/TraceCollection.java,271,3,2,3,114,40584,331,281,110,25,25,8,356,281,118,1073,612,357,68,6.6004,0,No
AVRO,1.5.4,lang/java/ipc/src/main/java/org/apache/avro/ipc/trace/InMemorySpanStorage.java,org/apache/avro/ipc/trace/InMemorySpanStorage.java,69,3,2,3,132,10560,79,68,26,1,1,0,80,68,26,1064,590,354,66.3333,6.357,0,No
AVRO,1.5.4,lang/java/ipc/src/main/java/org/apache/avro/ipc/reflect/ReflectResponder.java,org/apache/avro/ipc/reflect/ReflectResponder.java,52,21,2,18,682,45694,65,63,3,2,2,0,67,63,3,3685,591,175,40.7619,5.0567,0,No
AVRO,1.5.4,lang/java/ipc/src/main/java/org/apache/avro/ipc/reflect/ReflectRequestor.java,org/apache/avro/ipc/reflect/ReflectRequestor.java,69,17,2,14,783,66555,83,81,4,2,2,0,85,81,5,3711,618,218,48.4706,5.2474,0,No
AVRO,1.5.4,lang/java/ipc/src/main/java/org/apache/avro/ipc/HttpServer.java,org/apache/avro/ipc/HttpServer.java,94,6,3,6,511,93002,146,76,24,36,26,6,182,76,30,2451,653,408,93.3333,6.3963,0,No
AVRO,1.5.4,lang/java/ipc/src/main/java/org/apache/avro/ipc/DatagramServer.java,org/apache/avro/ipc/DatagramServer.java,64,5,2,5,448,37632,82,79,16,2,1,0,84,79,16,1880,498,376,65.6,6.7876,0,No
AVRO,1.5.4,lang/java/ipc/src/main/java/org/apache/avro/ipc/HttpTransceiver.java,org/apache/avro/ipc/HttpTransceiver.java,98,9,2,9,441,71442,137,116,15,25,14,2,162,116,18,2051,496,227,40.6667,5.3021,0,No
AVRO,1.5.4,lang/java/ipc/src/main/java/org/apache/avro/ipc/SaslSocketServer.java,org/apache/avro/ipc/SaslSocketServer.java,90,2,2,2,89,9078,102,102,51,0,0,0,102,102,51,974,638,487,82.5,7.0515,0,No
AVRO,1.5.4,lang/java/ipc/src/main/java/org/apache/avro/ipc/DatagramTransceiver.java,org/apache/avro/ipc/DatagramTransceiver.java,73,4,2,4,448,38976,86,84,21,1,1,0,87,84,21,1666,519,416,71,6.8587,0,No
AVRO,1.5.4,lang/java/ipc/src/main/java/org/apache/avro/ipc/NettyTransportCodec.java,org/apache/avro/ipc/NettyTransportCodec.java,153,3,2,2,167,30561,183,165,61,0,0,0,183,165,61,1134,552,378,72.3333,6.931,0,No
AVRO,1.5.4,lang/java/ipc/src/main/java/org/apache/avro/ipc/LocalTransceiver.java,org/apache/avro/ipc/LocalTransceiver.java,45,3,2,2,344,17888,52,52,17,0,0,0,52,52,17,1667,809,555,85.6667,6.737,0,No
AVRO,1.5.4,lang/java/ipc/src/main/java/org/apache/avro/ipc/SaslSocketTransceiver.java,org/apache/avro/ipc/SaslSocketTransceiver.java,354,4,2,4,215,87935,406,389,101,3,3,0,409,389,102,1850,638,462,124.75,6.8708,0,No
AVRO,1.5.4,lang/java/ipc/src/main/java/org/apache/avro/ipc/Transceiver.java,org/apache/avro/ipc/Transceiver.java,93,11,2,8,812,166460,157,40,14,48,40,4,205,43,18,3231,827,293,63.6364,5.8814,0,No
AVRO,1.5.4,lang/java/ipc/src/main/java/org/apache/avro/ipc/NettyTransceiver.java,org/apache/avro/ipc/NettyTransceiver.java,362,6,2,6,364,265356,566,264,94,163,99,27,729,308,121,1941,653,323,90,5.8255,0,No
AVRO,1.5.4,lang/java/ipc/src/main/java/org/apache/avro/ipc/SocketTransceiver.java,org/apache/avro/ipc/SocketTransceiver.java,101,14,2,11,615,199260,222,87,15,102,87,7,324,87,23,2930,436,209,37.3571,5.4978,0,No
AVRO,1.5.4,lang/java/ipc/src/main/java/org/apache/avro/ipc/generic/GenericResponder.java,org/apache/avro/ipc/generic/GenericResponder.java,58,12,2,9,682,53196,74,59,6,4,4,0,78,59,6,3128,591,260,58.5833,5.859,0,No
AVRO,1.5.4,lang/java/ipc/src/main/java/org/apache/avro/ipc/generic/GenericRequestor.java,org/apache/avro/ipc/generic/GenericRequestor.java,81,17,2,14,798,79800,96,76,5,4,4,0,100,76,5,3711,591,218,50.5294,5.5551,0,Yes
AVRO,1.5.4,lang/java/ipc/src/main/java/org/apache/avro/ipc/ResponderServlet.java,org/apache/avro/ipc/ResponderServlet.java,48,3,2,3,432,24192,56,56,18,0,0,0,56,56,18,1629,809,543,83.3333,7.2762,0,No
AVRO,1.5.4,lang/java/ipc/src/main/java/org/apache/avro/ipc/Requestor.java,org/apache/avro/ipc/Requestor.java,500,35,3,32,881,1095964,904,363,25,340,106,9,1244,469,35,4391,481,125,32.8857,4.6616,0,Yes
AVRO,1.5.4,lang/java/ipc/src/main/java/org/apache/avro/ipc/NettyServer.java,org/apache/avro/ipc/NettyServer.java,135,6,2,6,350,79800,191,148,31,37,23,6,228,148,38,1874,820,312,83,5.1808,0,No
AVRO,1.5.4,lang/java/ipc/src/main/java/org/apache/avro/ipc/SocketServer.java,org/apache/avro/ipc/SocketServer.java,124,18,2,15,812,403564,321,118,17,176,118,9,497,118,27,3965,591,220,50.5,5.5716,0,Yes
AVRO,1.5.4,lang/java/ipc/src/main/java/org/apache/avro/ipc/stats/StatsServer.java,org/apache/avro/ipc/stats/StatsServer.java,48,2,2,2,140,7560,54,54,27,0,0,0,54,54,27,1002,575,501,87.5,7.5563,0,No
AVRO,1.5.4,lang/java/ipc/src/main/java/org/apache/avro/ipc/stats/StaticServlet.java,org/apache/avro/ipc/stats/StaticServlet.java,41,3,2,3,140,6440,46,28,15,0,0,0,46,28,15,1088,575,362,69,6.7325,0,No
AVRO,1.5.4,lang/java/ipc/src/main/java/org/apache/avro/ipc/stats/FloatHistogram.java,org/apache/avro/ipc/stats/FloatHistogram.java,49,3,2,3,341,18414,54,54,18,0,0,0,54,54,18,1678,809,559,86.3333,6.5512,0,No
AVRO,1.5.4,lang/java/ipc/src/main/java/org/apache/avro/ipc/stats/Stopwatch.java,org/apache/avro/ipc/stats/Stopwatch.java,66,3,2,3,341,25234,74,74,24,0,0,0,74,74,24,1678,809,559,86.3333,6.5512,0,No
AVRO,1.5.4,lang/java/ipc/src/main/java/org/apache/avro/ipc/stats/StatsPlugin.java,org/apache/avro/ipc/stats/StatsPlugin.java,199,6,3,6,341,173228,367,121,61,141,117,23,508,129,84,1875,515,312,52.6667,5.2952,0,No
AVRO,1.5.4,lang/java/ipc/src/main/java/org/apache/avro/ipc/stats/StatsServlet.java,org/apache/avro/ipc/stats/StatsServlet.java,234,6,3,6,341,293942,566,209,94,296,206,49,862,254,143,1875,515,312,52.6667,5.2952,0,No
AVRO,1.5.4,lang/java/ipc/src/main/java/org/apache/avro/ipc/stats/IntegerHistogram.java,org/apache/avro/ipc/stats/IntegerHistogram.java,50,2,2,2,174,9570,55,55,27,0,0,0,55,55,27,990,546,495,88.5,7.7126,0,No
AVRO,1.5.4,lang/java/ipc/src/main/java/org/apache/avro/ipc/stats/Histogram.java,org/apache/avro/ipc/stats/Histogram.java,234,4,3,4,341,94457,272,205,68,5,5,1,277,205,69,1815,502,453,74,6.4189,0,No
AVRO,1.5.4,lang/java/ipc/src/main/java/org/apache/avro/ipc/Responder.java,org/apache/avro/ipc/Responder.java,221,34,2,31,798,636804,528,124,15,270,124,7,798,124,23,4401,471,129,33.5588,4.8254,0,No
AVRO,1.5.4,lang/java/ipc/src/main/java/org/apache/avro/ipc/Ipc.java,org/apache/avro/ipc/Ipc.java,47,2,2,2,6,318,53,53,26,0,0,0,53,53,26,981,656,490,79,6.4575,0,No
AVRO,1.5.4,lang/java/compiler/src/main/java/org/apache/avro/compiler/specific/ProtocolTask.java,org/apache/avro/compiler/specific/ProtocolTask.java,69,9,2,6,658,53298,81,81,9,0,0,0,81,81,9,2674,809,297,66.5556,6.0695,0,No
AVRO,1.5.4,lang/java/compiler/src/main/java/org/apache/avro/compiler/specific/SpecificCompiler.java,org/apache/avro/compiler/specific/SpecificCompiler.java,409,44,4,40,868,401884,457,431,10,6,6,0,463,431,10,4571,591,103,27.1136,4.2425,0,No
